order_id,product_id,order_purchase_timestamp,price,freight_value,customer_state,payment_type,sales_channel,review_score
ORD-2025-10002,PROD_SPRT_002,2025-01-01 18:05:00,249.28,5.66,WA,digital_wallet,Mobile App,5
ORD-2025-10003,PROD_APP_003,2025-01-01 11:24:00,53.91,14.79,NY,credit_card,Amazon Marketplace,5
ORD-2025-10004,PROD_HOME_001,2025-01-01 13:44:00,83.86,5.96,IL,digital_wallet,Direct Online Store,3
ORD-2025-10005,PROD_APP_001,2025-01-01 20:47:00,59.47,6.81,NC,gift_card,Amazon Marketplace,5
ORD-2025-10006,PROD_SPRT_001,2025-01-01 17:47:00,34.73,6.43,IL,credit_card,Mobile App,4
ORD-2025-10007,PROD_APP_003,2025-01-01 15:22:00,50.39,9.58,GA,digital_wallet,Mobile App,2
ORD-2025-10008,PROD_SPRT_001,2025-01-01 12:40:00,32.94,13.14,NY,digital_wallet,Affiliate Channel,4
ORD-2025-10009,PROD_ELEC_003,2025-01-01 09:10:00,147.69,7.4,CA,credit_card,Mobile App,5
ORD-2025-10010,PROD_BEAU_003,2025-01-01 18:32:00,34.92,14.48,TX,gift_card,Affiliate Channel,5
ORD-2025-10011,PROD_SPRT_002,2025-01-01 22:53:00,257.28,11.16,CA,gift_card,Mobile App,5
ORD-2025-10012,PROD_SPRT_001,2025-01-01 10:43:00,39.65,9.49,FL,debit_card,Direct Online Store,5
ORD-2025-10013,PROD_ELEC_005,2025-01-01 14:10:00,40.47,9.23,WA,credit_card,Mobile App,3
ORD-2025-10014,PROD_APP_003,2025-01-01 12:19:00,45.63,13.58,GA,digital_wallet,Mobile App,5
ORD-2025-10015,PROD_SPRT_003,2025-01-01 18:32:00,20.38,14.29,CA,gift_card,Affiliate Channel,5
ORD-2025-10016,PROD_ELEC_001,2025-01-01 08:22:00,186.85,8.54,TX,gift_card,Mobile App,5
ORD-2025-10017,PROD_BEAU_001,2025-01-01 10:26:00,29.48,10.14,NY,gift_card,Direct Online Store,5
ORD-2025-10018,PROD_APP_004,2025-01-01 14:57:00,110.5,7.99,TX,digital_wallet,Direct Online Store,1
ORD-2025-10019,PROD_BEAU_002,2025-01-01 13:56:00,55.75,9.34,FL,credit_card,Amazon Marketplace,5
ORD-2025-10020,PROD_HOME_004,2025-01-03 18:12:00,46.68,5.32,GA,digital_wallet,Direct Online Store,5
ORD-2025-10021,PROD_SPRT_002,2025-01-03 20:48:00,241.81,6.27,NC,gift_card,Amazon Marketplace,5
ORD-2025-10022,PROD_ELEC_004,2025-01-03 08:49:00,38.98,8.44,FL,credit_card,Mobile App,5
ORD-2025-10023,PROD_SPRT_004,2025-01-03 15:05:00,82.17,7.89,NC,debit_card,Amazon Marketplace,4
ORD-2025-10024,PROD_APP_001,2025-01-03 19:15:00,59.26,13.64,NC,debit_card,Affiliate Channel,4
ORD-2025-10025,PROD_ELEC_004,2025-01-03 21:37:00,35.97,6.81,TX,debit_card,Direct Online Store,5
ORD-2025-10026,PROD_ELEC_002,2025-01-03 08:39:00,336.54,6.46,FL,credit_card,Direct Online Store,5
ORD-2025-10027,PROD_SPRT_001,2025-01-03 13:27:00,34.92,7.31,GA,credit_card,Affiliate Channel,4
ORD-2025-10028,PROD_HOME_001,2025-01-03 19:26:00,92.72,14.43,FL,digital_wallet,Direct Online Store,5
ORD-2025-10029,PROD_ELEC_001,2025-01-03 15:17:00,170.2,7.12,NY,gift_card,Amazon Marketplace,5
ORD-2025-10030,PROD_BEAU_003,2025-01-03 08:43:00,32.86,5.97,TX,digital_wallet,Mobile App,4
ORD-2025-10031,PROD_HOME_003,2025-01-03 11:41:00,114.68,11.05,IL,debit_card,Affiliate Channel,5
ORD-2025-10032,PROD_ELEC_004,2025-01-03 17:58:00,34.05,6.2,FL,debit_card,Affiliate Channel,2
ORD-2025-10033,PROD_ELEC_003,2025-01-03 15:48:00,131.42,8.01,FL,debit_card,Direct Online Store,5
ORD-2025-10034,PROD_BEAU_001,2025-01-03 21:54:00,28.48,13.77,WA,digital_wallet,Affiliate Channel,4
ORD-2025-10035,PROD_ELEC_004,2025-01-03 22:32:00,39.45,9.19,CA,debit_card,Mobile App,4
ORD-2025-10036,PROD_ELEC_005,2025-01-03 19:12:00,40.43,5.61,NC,gift_card,Direct Online Store,5
ORD-2025-10037,PROD_SPRT_001,2025-01-03 12:13:00,33.76,9.01,TX,credit_card,Amazon Marketplace,5
ORD-2025-10038,PROD_SPRT_003,2025-01-03 15:32:00,20.6,12.91,IL,digital_wallet,Amazon Marketplace,5
ORD-2025-10039,PROD_SPRT_002,2025-01-05 12:02:00,267.45,10.34,TX,digital_wallet,Amazon Marketplace,5
ORD-2025-10040,PROD_ELEC_002,2025-01-05 16:07:00,332.56,13.23,CA,digital_wallet,Mobile App,5
ORD-2025-10041,PROD_SPRT_002,2025-01-05 12:20:00,272.51,13.98,CA,credit_card,Mobile App,5
ORD-2025-10042,PROD_APP_004,2025-01-05 21:49:00,96.67,10.37,NY,gift_card,Mobile App,3
ORD-2025-10043,PROD_SPRT_004,2025-01-05 12:13:00,75.29,7.21,NC,debit_card,Affiliate Channel,5
ORD-2025-10044,PROD_BEAU_001,2025-01-05 10:29:00,24.58,5.94,TX,debit_card,Amazon Marketplace,5
ORD-2025-10045,PROD_APP_001,2025-01-05 10:52:00,69.7,6.63,NC,debit_card,Direct Online Store,5
ORD-2025-10046,PROD_BEAU_001,2025-01-05 09:46:00,24.54,14.7,TX,credit_card,Direct Online Store,5
ORD-2025-10047,PROD_ELEC_001,2025-01-05 22:02:00,199.45,13.31,TX,debit_card,Direct Online Store,5
ORD-2025-10048,PROD_SPRT_004,2025-01-05 09:34:00,72.6,14.58,WA,credit_card,Amazon Marketplace,5
ORD-2025-10049,PROD_SPRT_003,2025-01-05 15:09:00,20.91,8.07,FL,credit_card,Mobile App,4
ORD-2025-10050,PROD_ELEC_004,2025-01-05 09:32:00,39.63,10.45,NC,debit_card,Direct Online Store,3
ORD-2025-10051,PROD_ELEC_001,2025-01-05 12:14:00,184.58,8.53,NC,credit_card,Affiliate Channel,5
ORD-2025-10052,PROD_ELEC_004,2025-01-05 09:39:00,32.34,7.82,WA,credit_card,Mobile App,2
ORD-2025-10053,PROD_ELEC_003,2025-01-05 16:21:00,131.86,6.78,TX,gift_card,Amazon Marketplace,3
ORD-2025-10054,PROD_HOME_001,2025-01-05 12:58:00,94.25,13.75,GA,digital_wallet,Mobile App,4
ORD-2025-10055,PROD_ELEC_003,2025-01-05 20:41:00,124.14,14.78,TX,digital_wallet,Amazon Marketplace,5
ORD-2025-10056,PROD_BEAU_003,2025-01-05 19:17:00,34.2,9.27,TX,credit_card,Mobile App,1
ORD-2025-10057,PROD_APP_001,2025-01-05 15:44:00,65.05,9.94,NC,digital_wallet,Amazon Marketplace,4
ORD-2025-10058,PROD_APP_003,2025-01-05 15:34:00,48.95,10.39,FL,gift_card,Direct Online Store,5
ORD-2025-10059,PROD_BEAU_001,2025-01-05 11:44:00,25.33,13.11,NY,debit_card,Mobile App,5
ORD-2025-10060,PROD_ELEC_001,2025-01-05 09:03:00,181.03,6.34,WA,digital_wallet,Amazon Marketplace,5
ORD-2025-10061,PROD_ELEC_005,2025-01-05 14:15:00,44.48,14.31,FL,debit_card,Direct Online Store,4
ORD-2025-10062,PROD_ELEC_005,2025-01-07 13:03:00,49.73,14.65,NY,credit_card,Affiliate Channel,3
ORD-2025-10063,PROD_APP_001,2025-01-07 09:00:00,64.88,5.79,NC,debit_card,Amazon Marketplace,5
ORD-2025-10064,PROD_ELEC_005,2025-01-07 14:46:00,43.01,8.0,WA,gift_card,Direct Online Store,5
ORD-2025-10065,PROD_ELEC_005,2025-01-07 10:32:00,43.57,11.04,TX,credit_card,Affiliate Channel,3
ORD-2025-10066,PROD_BEAU_002,2025-01-07 16:19:00,50.04,14.19,FL,gift_card,Amazon Marketplace,5
ORD-2025-10067,PROD_ELEC_003,2025-01-07 11:25:00,120.65,6.25,CA,debit_card,Affiliate Channel,5
ORD-2025-10068,PROD_SPRT_002,2025-01-07 15:20:00,275.67,11.92,NC,gift_card,Amazon Marketplace,5
ORD-2025-10069,PROD_HOME_003,2025-01-07 09:23:00,124.93,6.08,WA,credit_card,Amazon Marketplace,5
ORD-2025-10070,PROD_SPRT_002,2025-01-07 22:19:00,268.12,5.11,FL,debit_card,Direct Online Store,5
ORD-2025-10071,PROD_ELEC_003,2025-01-07 20:30:00,133.05,10.64,CA,credit_card,Mobile App,5
ORD-2025-10072,PROD_HOME_001,2025-01-07 14:32:00,92.86,7.82,FL,digital_wallet,Affiliate Channel,4
ORD-2025-10073,PROD_ELEC_005,2025-01-07 19:32:00,49.02,9.07,NY,debit_card,Direct Online Store,5
ORD-2025-10074,PROD_HOME_004,2025-01-07 10:09:00,41.3,5.37,GA,credit_card,Direct Online Store,2
ORD-2025-10075,PROD_APP_003,2025-01-07 20:45:00,46.11,11.54,TX,digital_wallet,Affiliate Channel,4
ORD-2025-10076,PROD_HOME_002,2025-01-07 08:57:00,166.3,14.4,NC,debit_card,Amazon Marketplace,1
ORD-2025-10077,PROD_SPRT_004,2025-01-07 15:06:00,87.25,11.28,CA,debit_card,Mobile App,5
ORD-2025-10078,PROD_ELEC_003,2025-01-07 12:10:00,136.35,6.7,NY,digital_wallet,Mobile App,5
ORD-2025-10079,PROD_ELEC_003,2025-01-07 15:16:00,126.83,7.58,GA,debit_card,Direct Online Store,1
ORD-2025-10080,PROD_ELEC_002,2025-01-09 17:58:00,329.93,9.09,TX,gift_card,Mobile App,5
ORD-2025-10081,PROD_SPRT_004,2025-01-09 16:28:00,83.26,11.82,IL,credit_card,Direct Online Store,4
ORD-2025-10082,PROD_APP_003,2025-01-09 09:18:00,48.82,6.55,NC,debit_card,Affiliate Channel,3
ORD-2025-10083,PROD_APP_003,2025-01-09 15:29:00,49.91,5.94,GA,credit_card,Direct Online Store,5
ORD-2025-10084,PROD_ELEC_004,2025-01-09 11:25:00,32.61,12.68,WA,credit_card,Mobile App,5
ORD-2025-10085,PROD_SPRT_004,2025-01-09 12:29:00,77.35,9.76,CA,debit_card,Affiliate Channel,5
ORD-2025-10086,PROD_APP_002,2025-01-09 14:03:00,44.71,11.01,WA,gift_card,Affiliate Channel,5
ORD-2025-10087,PROD_APP_002,2025-01-09 12:16:00,36.42,11.84,TX,credit_card,Amazon Marketplace,5
ORD-2025-10088,PROD_HOME_004,2025-01-09 14:33:00,41.25,9.51,FL,digital_wallet,Amazon Marketplace,3
ORD-2025-10089,PROD_ELEC_003,2025-01-09 12:10:00,137.13,14.63,FL,digital_wallet,Affiliate Channel,5
ORD-2025-10090,PROD_SPRT_002,2025-01-09 13:58:00,270.99,11.97,NC,credit_card,Amazon Marketplace,5
ORD-2025-10091,PROD_SPRT_003,2025-01-09 19:47:00,23.37,14.86,WA,credit_card,Amazon Marketplace,3
ORD-2025-10092,PROD_ELEC_005,2025-01-09 18:26:00,46.83,12.92,IL,credit_card,Affiliate Channel,2
ORD-2025-10093,PROD_ELEC_005,2025-01-09 08:13:00,43.6,10.78,FL,gift_card,Amazon Marketplace,4
ORD-2025-10094,PROD_APP_002,2025-01-09 17:00:00,36.42,14.72,WA,digital_wallet,Direct Online Store,5
ORD-2025-10095,PROD_HOME_001,2025-01-09 18:29:00,82.64,11.99,NC,gift_card,Mobile App,5
ORD-2025-10096,PROD_SPRT_002,2025-01-09 22:11:00,225.44,8.36,GA,gift_card,Mobile App,5
ORD-2025-10097,PROD_SPRT_004,2025-01-09 18:44:00,82.15,7.85,NC,digital_wallet,Direct Online Store,1
ORD-2025-10098,PROD_ELEC_004,2025-01-09 09:31:00,39.86,14.32,NY,gift_card,Direct Online Store,4
ORD-2025-10099,PROD_BEAU_001,2025-01-09 09:12:00,25.33,10.52,GA,credit_card,Mobile App,2
ORD-2025-10100,PROD_BEAU_002,2025-01-09 19:25:00,50.15,12.04,CA,digital_wallet,Amazon Marketplace,5
ORD-2025-10101,PROD_APP_004,2025-01-09 20:58:00,113.64,13.38,NC,debit_card,Direct Online Store,3
ORD-2025-10102,PROD_BEAU_001,2025-01-09 21:52:00,29.83,12.91,WA,digital_wallet,Amazon Marketplace,2
ORD-2025-10103,PROD_BEAU_001,2025-01-09 18:25:00,24.15,6.93,CA,gift_card,Amazon Marketplace,2
ORD-2025-10104,PROD_HOME_004,2025-01-09 16:10:00,48.25,14.04,NC,debit_card,Direct Online Store,4
ORD-2025-10105,PROD_ELEC_005,2025-01-09 21:48:00,43.68,12.84,IL,debit_card,Mobile App,5
ORD-2025-10106,PROD_ELEC_003,2025-01-09 10:01:00,149.64,12.7,NY,gift_card,Direct Online Store,4
ORD-2025-10107,PROD_ELEC_005,2025-01-09 10:15:00,43.65,12.78,FL,digital_wallet,Amazon Marketplace,5
ORD-2025-10108,PROD_APP_003,2025-01-09 12:42:00,46.11,8.78,CA,digital_wallet,Direct Online Store,2
ORD-2025-10109,PROD_ELEC_001,2025-01-09 15:59:00,176.82,6.03,NY,credit_card,Amazon Marketplace,5
ORD-2025-10110,PROD_ELEC_003,2025-01-11 11:25:00,124.65,14.13,NY,gift_card,Direct Online Store,5
ORD-2025-10111,PROD_BEAU_003,2025-01-11 14:56:00,34.46,11.87,WA,gift_card,Amazon Marketplace,5
ORD-2025-10112,PROD_ELEC_001,2025-01-11 21:02:00,173.6,11.31,NY,digital_wallet,Mobile App,5
ORD-2025-10113,PROD_SPRT_004,2025-01-11 12:59:00,89.9,10.22,NY,debit_card,Direct Online Store,5
ORD-2025-10114,PROD_SPRT_001,2025-01-11 09:57:00,38.77,13.67,FL,credit_card,Mobile App,5
ORD-2025-10115,PROD_ELEC_003,2025-01-11 15:12:00,121.8,7.68,NY,digital_wallet,Mobile App,5
ORD-2025-10116,PROD_BEAU_003,2025-01-11 12:11:00,28.37,14.22,FL,digital_wallet,Affiliate Channel,5
ORD-2025-10117,PROD_SPRT_003,2025-01-11 15:27:00,21.02,14.54,GA,gift_card,Mobile App,4
ORD-2025-10118,PROD_SPRT_004,2025-01-11 13:23:00,83.1,7.0,NY,gift_card,Amazon Marketplace,3
ORD-2025-10119,PROD_SPRT_001,2025-01-11 22:41:00,36.71,11.04,WA,gift_card,Direct Online Store,5
ORD-2025-10120,PROD_HOME_002,2025-01-11 11:42:00,182.93,7.45,WA,digital_wallet,Amazon Marketplace,4
ORD-2025-10121,PROD_ELEC_004,2025-01-11 11:29:00,34.49,12.17,WA,debit_card,Direct Online Store,5
ORD-2025-10122,PROD_SPRT_004,2025-01-11 19:38:00,86.08,10.61,NY,gift_card,Affiliate Channel,5
ORD-2025-10123,PROD_HOME_002,2025-01-11 08:17:00,188.1,9.94,NC,credit_card,Direct Online Store,5
ORD-2025-10124,PROD_SPRT_004,2025-01-11 12:01:00,83.1,10.76,CA,gift_card,Mobile App,5
ORD-2025-10125,PROD_HOME_004,2025-01-11 13:41:00,44.66,10.28,CA,credit_card,Affiliate Channel,5
ORD-2025-10126,PROD_BEAU_001,2025-01-11 14:05:00,28.34,12.54,WA,gift_card,Direct Online Store,5
ORD-2025-10127,PROD_BEAU_002,2025-01-11 21:23:00,52.3,14.1,NY,credit_card,Amazon Marketplace,5
ORD-2025-10128,PROD_ELEC_001,2025-01-11 19:27:00,160.25,13.61,FL,debit_card,Direct Online Store,5
ORD-2025-10129,PROD_HOME_003,2025-01-11 19:55:00,116.01,5.05,CA,digital_wallet,Direct Online Store,5
ORD-2025-10130,PROD_ELEC_003,2025-01-13 14:17:00,129.35,12.92,TX,debit_card,Affiliate Channel,5
ORD-2025-10131,PROD_HOME_002,2025-01-13 22:26:00,161.38,13.88,GA,credit_card,Amazon Marketplace,5
ORD-2025-10132,PROD_BEAU_003,2025-01-13 11:05:00,32.74,12.31,IL,digital_wallet,Direct Online Store,5
ORD-2025-10133,PROD_APP_003,2025-01-13 09:04:00,46.9,7.06,GA,credit_card,Amazon Marketplace,5
ORD-2025-10134,PROD_APP_002,2025-01-13 13:13:00,41.53,9.88,WA,digital_wallet,Affiliate Channel,4
ORD-2025-10135,PROD_SPRT_001,2025-01-13 14:28:00,38.95,14.17,FL,gift_card,Amazon Marketplace,5
ORD-2025-10136,PROD_BEAU_001,2025-01-13 18:06:00,28.15,13.7,TX,gift_card,Direct Online Store,4
ORD-2025-10137,PROD_APP_003,2025-01-13 15:42:00,49.92,7.67,GA,digital_wallet,Mobile App,5
ORD-2025-10138,PROD_SPRT_002,2025-01-13 16:27:00,255.83,6.51,WA,credit_card,Affiliate Channel,5
ORD-2025-10139,PROD_ELEC_004,2025-01-13 11:18:00,36.93,14.28,FL,gift_card,Amazon Marketplace,5
ORD-2025-10140,PROD_SPRT_001,2025-01-13 08:41:00,35.84,6.09,FL,credit_card,Amazon Marketplace,5
ORD-2025-10141,PROD_ELEC_002,2025-01-13 12:14:00,333.28,10.32,NC,gift_card,Affiliate Channel,5
ORD-2025-10142,PROD_APP_004,2025-01-13 18:18:00,115.89,7.04,IL,credit_card,Direct Online Store,5
ORD-2025-10143,PROD_SPRT_004,2025-01-13 11:10:00,84.49,14.07,WA,credit_card,Amazon Marketplace,5
ORD-2025-10144,PROD_BEAU_002,2025-01-13 13:01:00,59.84,9.75,TX,digital_wallet,Direct Online Store,5
ORD-2025-10145,PROD_ELEC_001,2025-01-13 15:55:00,161.21,10.83,FL,gift_card,Direct Online Store,5
ORD-2025-10146,PROD_ELEC_001,2025-01-13 16:32:00,160.38,13.35,TX,debit_card,Direct Online Store,5
ORD-2025-10147,PROD_HOME_002,2025-01-13 12:42:00,162.07,14.9,GA,digital_wallet,Mobile App,5
ORD-2025-10148,PROD_HOME_003,2025-01-13 18:54:00,121.31,10.18,GA,credit_card,Mobile App,4
ORD-2025-10149,PROD_ELEC_001,2025-01-13 10:22:00,183.58,7.2,GA,credit_card,Amazon Marketplace,5
ORD-2025-10150,PROD_BEAU_001,2025-01-13 14:40:00,25.53,6.94,NY,digital_wallet,Affiliate Channel,1
ORD-2025-10151,PROD_SPRT_001,2025-01-13 13:25:00,32.71,8.49,NC,digital_wallet,Mobile App,5
ORD-2025-10152,PROD_SPRT_003,2025-01-13 14:50:00,23.27,11.12,GA,digital_wallet,Mobile App,5
ORD-2025-10153,PROD_ELEC_001,2025-01-13 10:33:00,172.57,9.66,IL,debit_card,Mobile App,5
ORD-2025-10154,PROD_HOME_001,2025-01-15 17:07:00,99.17,7.83,CA,gift_card,Mobile App,5
ORD-2025-10155,PROD_HOME_003,2025-01-15 13:56:00,129.97,7.51,IL,debit_card,Direct Online Store,4
ORD-2025-10156,PROD_ELEC_005,2025-01-15 09:18:00,48.02,10.85,FL,credit_card,Affiliate Channel,2
ORD-2025-10157,PROD_APP_003,2025-01-15 22:06:00,47.98,9.23,IL,digital_wallet,Mobile App,5
ORD-2025-10158,PROD_BEAU_001,2025-01-15 18:49:00,28.06,10.78,FL,digital_wallet,Amazon Marketplace,5
ORD-2025-10159,PROD_APP_002,2025-01-15 18:29:00,44.22,10.67,TX,gift_card,Affiliate Channel,5
ORD-2025-10160,PROD_SPRT_001,2025-01-15 19:22:00,37.48,14.35,GA,digital_wallet,Affiliate Channel,5
ORD-2025-10161,PROD_BEAU_001,2025-01-15 20:26:00,24.52,5.26,NY,debit_card,Mobile App,4
ORD-2025-10162,PROD_SPRT_003,2025-01-15 17:56:00,24.35,10.43,IL,credit_card,Affiliate Channel,5
ORD-2025-10163,PROD_ELEC_001,2025-01-15 21:03:00,169.47,10.18,NY,credit_card,Mobile App,3
ORD-2025-10164,PROD_ELEC_004,2025-01-15 15:44:00,39.21,7.91,WA,credit_card,Direct Online Store,4
ORD-2025-10165,PROD_SPRT_001,2025-01-15 10:35:00,39.57,7.05,GA,debit_card,Amazon Marketplace,3
ORD-2025-10166,PROD_ELEC_005,2025-01-15 08:51:00,46.88,14.89,GA,debit_card,Direct Online Store,5
ORD-2025-10167,PROD_ELEC_005,2025-01-15 11:06:00,48.78,5.97,GA,credit_card,Affiliate Channel,5
ORD-2025-10168,PROD_ELEC_004,2025-01-15 11:53:00,36.12,6.84,IL,gift_card,Direct Online Store,5
ORD-2025-10169,PROD_ELEC_001,2025-01-15 10:32:00,167.25,11.57,FL,gift_card,Affiliate Channel,5
ORD-2025-10170,PROD_ELEC_004,2025-01-15 14:24:00,36.05,11.68,NY,gift_card,Affiliate Channel,4
ORD-2025-10171,PROD_ELEC_001,2025-01-17 17:19:00,195.19,8.89,CA,gift_card,Direct Online Store,3
ORD-2025-10172,PROD_HOME_003,2025-01-17 12:00:00,117.83,12.23,TX,digital_wallet,Amazon Marketplace,5
ORD-2025-10173,PROD_SPRT_001,2025-01-17 13:41:00,39.49,11.56,WA,gift_card,Amazon Marketplace,5
ORD-2025-10174,PROD_HOME_001,2025-01-17 15:24:00,98.63,13.39,GA,debit_card,Mobile App,5
ORD-2025-10175,PROD_HOME_002,2025-01-17 21:25:00,167.92,10.84,NY,credit_card,Direct Online Store,3
ORD-2025-10176,PROD_APP_001,2025-01-17 18:30:00,60.68,9.99,WA,debit_card,Amazon Marketplace,5
ORD-2025-10177,PROD_APP_001,2025-01-17 22:04:00,64.61,14.73,CA,digital_wallet,Direct Online Store,5
ORD-2025-10178,PROD_ELEC_003,2025-01-17 08:59:00,138.76,11.31,TX,digital_wallet,Direct Online Store,4
ORD-2025-10179,PROD_HOME_004,2025-01-17 11:16:00,43.62,10.56,GA,gift_card,Mobile App,5
ORD-2025-10180,PROD_APP_001,2025-01-17 09:37:00,62.59,12.9,CA,credit_card,Amazon Marketplace,5
ORD-2025-10181,PROD_ELEC_005,2025-01-17 16:55:00,46.4,9.08,NY,digital_wallet,Amazon Marketplace,4
ORD-2025-10182,PROD_SPRT_001,2025-01-17 15:32:00,33.33,10.7,WA,digital_wallet,Amazon Marketplace,4
ORD-2025-10183,PROD_BEAU_002,2025-01-17 09:08:00,55.48,5.71,IL,credit_card,Direct Online Store,5
ORD-2025-10184,PROD_ELEC_002,2025-01-17 12:59:00,326.83,7.24,IL,gift_card,Mobile App,5
ORD-2025-10185,PROD_APP_001,2025-01-17 21:33:00,68.94,10.75,IL,gift_card,Direct Online Store,5
ORD-2025-10186,PROD_ELEC_004,2025-01-17 18:01:00,32.5,14.85,CA,digital_wallet,Affiliate Channel,5
ORD-2025-10187,PROD_HOME_002,2025-01-17 21:46:00,187.73,7.04,WA,credit_card,Amazon Marketplace,5
ORD-2025-10188,PROD_SPRT_003,2025-01-17 08:22:00,21.48,12.66,NY,gift_card,Direct Online Store,3
ORD-2025-10189,PROD_BEAU_003,2025-01-17 08:31:00,33.1,5.42,FL,digital_wallet,Affiliate Channel,5
ORD-2025-10190,PROD_ELEC_001,2025-01-19 11:34:00,198.94,12.82,NC,credit_card,Affiliate Channel,5
ORD-2025-10191,PROD_HOME_004,2025-01-19 10:07:00,45.69,9.27,GA,credit_card,Mobile App,5
ORD-2025-10192,PROD_HOME_002,2025-01-19 17:00:00,187.79,7.32,FL,gift_card,Direct Online Store,1
ORD-2025-10193,PROD_ELEC_001,2025-01-19 08:08:00,189.99,5.57,GA,debit_card,Mobile App,5
ORD-2025-10194,PROD_HOME_003,2025-01-19 10:38:00,106.84,14.98,NC,gift_card,Direct Online Store,4
ORD-2025-10195,PROD_ELEC_003,2025-01-19 19:52:00,133.68,9.95,WA,debit_card,Affiliate Channel,4
ORD-2025-10196,PROD_HOME_003,2025-01-19 16:57:00,122.38,11.54,IL,digital_wallet,Direct Online Store,5
ORD-2025-10197,PROD_BEAU_001,2025-01-19 11:58:00,26.26,7.8,TX,debit_card,Mobile App,4
ORD-2025-10198,PROD_APP_002,2025-01-19 08:15:00,38.47,12.88,GA,gift_card,Direct Online Store,5
ORD-2025-10199,PROD_ELEC_002,2025-01-19 09:03:00,308.81,8.0,IL,gift_card,Affiliate Channel,5
ORD-2025-10200,PROD_HOME_004,2025-01-19 10:42:00,49.55,7.06,NC,credit_card,Mobile App,5
ORD-2025-10201,PROD_HOME_003,2025-01-19 13:59:00,106.33,12.54,IL,debit_card,Direct Online Store,5
ORD-2025-10202,PROD_SPRT_004,2025-01-19 19:48:00,82.29,12.29,CA,credit_card,Affiliate Channel,2
ORD-2025-10203,PROD_HOME_001,2025-01-19 17:46:00,81.23,9.64,IL,debit_card,Affiliate Channel,5
ORD-2025-10204,PROD_APP_003,2025-01-19 12:05:00,54.82,13.0,FL,digital_wallet,Mobile App,5
ORD-2025-10205,PROD_ELEC_002,2025-01-19 20:41:00,324.67,11.59,CA,credit_card,Mobile App,5
ORD-2025-10206,PROD_HOME_002,2025-01-19 08:28:00,157.78,9.44,CA,gift_card,Direct Online Store,2
ORD-2025-10207,PROD_BEAU_003,2025-01-19 17:05:00,31.09,9.09,IL,digital_wallet,Direct Online Store,5
ORD-2025-10208,PROD_APP_004,2025-01-19 10:14:00,113.36,13.69,TX,debit_card,Direct Online Store,5
ORD-2025-10209,PROD_ELEC_002,2025-01-19 13:02:00,314.52,9.4,FL,credit_card,Mobile App,1
ORD-2025-10210,PROD_ELEC_001,2025-01-19 19:02:00,165.69,8.53,FL,digital_wallet,Direct Online Store,5
ORD-2025-10211,PROD_BEAU_002,2025-01-19 17:23:00,59.06,7.04,NC,credit_card,Affiliate Channel,3
ORD-2025-10212,PROD_ELEC_001,2025-01-21 14:57:00,168.46,8.35,WA,gift_card,Mobile App,4
ORD-2025-10213,PROD_APP_001,2025-01-21 17:01:00,65.92,6.5,NY,debit_card,Mobile App,5
ORD-2025-10214,PROD_SPRT_001,2025-01-21 14:53:00,34.29,14.4,CA,debit_card,Affiliate Channel,4
ORD-2025-10215,PROD_ELEC_003,2025-01-21 17:32:00,121.23,14.92,NC,credit_card,Direct Online Store,4
ORD-2025-10216,PROD_SPRT_001,2025-01-21 17:18:00,37.46,6.95,FL,digital_wallet,Amazon Marketplace,4
ORD-2025-10217,PROD_HOME_003,2025-01-21 19:15:00,121.81,14.72,GA,gift_card,Mobile App,5
ORD-2025-10218,PROD_SPRT_002,2025-01-21 17:14:00,228.77,11.53,GA,gift_card,Amazon Marketplace,5
ORD-2025-10219,PROD_ELEC_005,2025-01-21 18:37:00,47.54,14.09,TX,digital_wallet,Mobile App,5
ORD-2025-10220,PROD_ELEC_004,2025-01-21 17:31:00,36.62,14.83,FL,debit_card,Affiliate Channel,5
ORD-2025-10221,PROD_ELEC_004,2025-01-21 15:47:00,33.87,12.11,NY,debit_card,Direct Online Store,3
ORD-2025-10222,PROD_ELEC_001,2025-01-21 21:33:00,160.39,6.32,NC,gift_card,Mobile App,5
ORD-2025-10223,PROD_SPRT_002,2025-01-21 21:57:00,263.56,8.37,WA,credit_card,Direct Online Store,5
ORD-2025-10224,PROD_HOME_003,2025-01-21 19:53:00,106.31,11.31,NC,digital_wallet,Affiliate Channel,4
ORD-2025-10225,PROD_APP_001,2025-01-21 16:05:00,61.74,13.2,TX,credit_card,Mobile App,4
ORD-2025-10226,PROD_BEAU_002,2025-01-21 17:17:00,54.73,10.09,NY,debit_card,Mobile App,5
ORD-2025-10227,PROD_ELEC_002,2025-01-21 21:59:00,287.18,10.8,NC,digital_wallet,Mobile App,5
ORD-2025-10228,PROD_APP_001,2025-01-21 22:46:00,69.4,14.45,FL,gift_card,Mobile App,5
ORD-2025-10229,PROD_SPRT_004,2025-01-21 12:17:00,83.74,6.66,GA,gift_card,Amazon Marketplace,3
ORD-2025-10230,PROD_HOME_001,2025-01-21 09:59:00,94.8,11.06,FL,digital_wallet,Amazon Marketplace,5
ORD-2025-10231,PROD_SPRT_001,2025-01-23 22:34:00,39.77,14.03,FL,credit_card,Affiliate Channel,3
ORD-2025-10232,PROD_ELEC_001,2025-01-23 14:46:00,188.72,14.48,GA,debit_card,Affiliate Channel,5
ORD-2025-10233,PROD_ELEC_004,2025-01-23 22:27:00,32.64,6.2,GA,digital_wallet,Direct Online Store,3
ORD-2025-10234,PROD_APP_004,2025-01-23 09:47:00,117.2,8.54,FL,credit_card,Mobile App,5
ORD-2025-10235,PROD_HOME_002,2025-01-23 20:04:00,166.03,10.13,WA,credit_card,Affiliate Channel,5
ORD-2025-10236,PROD_SPRT_001,2025-01-23 22:40:00,33.26,11.61,CA,credit_card,Amazon Marketplace,5
ORD-2025-10237,PROD_HOME_004,2025-01-23 15:09:00,47.79,6.96,GA,debit_card,Affiliate Channel,5
ORD-2025-10238,PROD_APP_002,2025-01-23 19:47:00,44.19,10.16,FL,credit_card,Affiliate Channel,5
ORD-2025-10239,PROD_SPRT_002,2025-01-23 19:16:00,240.23,5.39,NC,debit_card,Mobile App,5
ORD-2025-10240,PROD_APP_001,2025-01-23 18:31:00,58.22,13.75,GA,gift_card,Mobile App,5
ORD-2025-10241,PROD_HOME_001,2025-01-23 20:48:00,97.74,13.81,IL,gift_card,Affiliate Channel,5
ORD-2025-10242,PROD_BEAU_001,2025-01-23 09:22:00,27.2,8.19,NC,debit_card,Affiliate Channel,3
ORD-2025-10243,PROD_BEAU_003,2025-01-23 12:32:00,30.18,5.29,FL,gift_card,Direct Online Store,5
ORD-2025-10244,PROD_HOME_002,2025-01-23 15:27:00,177.92,8.91,NC,digital_wallet,Direct Online Store,5
ORD-2025-10245,PROD_APP_003,2025-01-23 14:14:00,45.99,8.09,TX,debit_card,Direct Online Store,2
ORD-2025-10246,PROD_SPRT_004,2025-01-23 19:01:00,87.66,10.4,NC,credit_card,Mobile App,3
ORD-2025-10247,PROD_SPRT_002,2025-01-23 16:12:00,277.23,7.1,TX,gift_card,Amazon Marketplace,5
ORD-2025-10248,PROD_APP_001,2025-01-23 19:15:00,65.35,7.16,CA,credit_card,Direct Online Store,4
ORD-2025-10249,PROD_SPRT_001,2025-01-23 10:18:00,36.81,9.85,IL,credit_card,Amazon Marketplace,4
ORD-2025-10250,PROD_APP_003,2025-01-23 14:41:00,46.74,13.13,NC,debit_card,Mobile App,3
ORD-2025-10251,PROD_ELEC_003,2025-01-23 14:01:00,128.33,12.62,CA,debit_card,Direct Online Store,4
ORD-2025-10252,PROD_HOME_004,2025-01-23 13:27:00,43.93,8.12,CA,digital_wallet,Mobile App,5
ORD-2025-10253,PROD_ELEC_004,2025-01-23 12:27:00,34.74,9.71,NY,debit_card,Affiliate Channel,5
ORD-2025-10254,PROD_BEAU_003,2025-01-23 14:01:00,30.07,10.07,GA,gift_card,Mobile App,4
ORD-2025-10255,PROD_ELEC_004,2025-01-23 20:14:00,35.37,5.25,GA,digital_wallet,Affiliate Channel,5
ORD-2025-10256,PROD_HOME_001,2025-01-23 09:35:00,83.8,14.76,TX,debit_card,Affiliate Channel,5
ORD-2025-10257,PROD_ELEC_003,2025-01-23 19:53:00,131.5,9.74,FL,credit_card,Affiliate Channel,5
ORD-2025-10258,PROD_HOME_001,2025-01-23 19:36:00,83.31,5.37,NC,credit_card,Mobile App,4
ORD-2025-10259,PROD_SPRT_002,2025-01-23 18:15:00,249.44,8.13,WA,gift_card,Affiliate Channel,5
ORD-2025-10260,PROD_ELEC_003,2025-01-23 10:48:00,137.22,5.78,CA,debit_card,Direct Online Store,5
ORD-2025-10261,PROD_BEAU_002,2025-01-23 15:10:00,58.63,13.86,GA,debit_card,Affiliate Channel,5
ORD-2025-10262,PROD_HOME_001,2025-01-23 22:43:00,80.08,12.2,IL,digital_wallet,Mobile App,5
ORD-2025-10263,PROD_ELEC_005,2025-01-25 19:23:00,43.14,13.03,IL,gift_card,Affiliate Channel,5
ORD-2025-10264,PROD_HOME_002,2025-01-25 10:10:00,162.63,13.52,GA,credit_card,Mobile App,5
ORD-2025-10265,PROD_ELEC_005,2025-01-25 19:12:00,40.06,5.06,FL,credit_card,Affiliate Channel,5
ORD-2025-10266,PROD_ELEC_002,2025-01-25 18:35:00,308.38,5.67,FL,digital_wallet,Direct Online Store,2
ORD-2025-10267,PROD_APP_004,2025-01-25 19:19:00,98.12,9.26,WA,gift_card,Mobile App,5
ORD-2025-10268,PROD_APP_002,2025-01-25 12:11:00,43.62,12.31,IL,credit_card,Amazon Marketplace,4
ORD-2025-10269,PROD_SPRT_003,2025-01-25 21:37:00,23.08,10.76,IL,gift_card,Amazon Marketplace,5
ORD-2025-10270,PROD_APP_003,2025-01-25 10:09:00,53.99,13.03,TX,gift_card,Direct Online Store,5
ORD-2025-10271,PROD_ELEC_002,2025-01-25 15:20:00,293.49,9.25,IL,credit_card,Amazon Marketplace,5
ORD-2025-10272,PROD_HOME_004,2025-01-25 21:33:00,42.93,8.55,WA,credit_card,Amazon Marketplace,2
ORD-2025-10273,PROD_APP_004,2025-01-25 15:44:00,99.83,10.6,IL,credit_card,Affiliate Channel,4
ORD-2025-10274,PROD_APP_001,2025-01-25 18:22:00,64.87,9.66,NC,debit_card,Amazon Marketplace,5
ORD-2025-10275,PROD_APP_001,2025-01-25 13:33:00,56.06,6.96,FL,credit_card,Mobile App,5
ORD-2025-10276,PROD_HOME_003,2025-01-25 12:02:00,116.92,5.13,IL,gift_card,Affiliate Channel,5
ORD-2025-10277,PROD_APP_004,2025-01-25 08:55:00,118.62,10.72,GA,gift_card,Affiliate Channel,5
ORD-2025-10278,PROD_SPRT_002,2025-01-25 22:45:00,277.85,5.29,TX,debit_card,Amazon Marketplace,5
ORD-2025-10279,PROD_ELEC_004,2025-01-25 09:54:00,34.89,5.62,IL,debit_card,Direct Online Store,5
ORD-2025-10280,PROD_HOME_002,2025-01-25 19:23:00,183.56,14.86,CA,gift_card,Affiliate Channel,3
ORD-2025-10281,PROD_ELEC_002,2025-01-25 19:17:00,292.24,10.02,NY,debit_card,Affiliate Channel,5
ORD-2025-10282,PROD_SPRT_004,2025-01-25 19:53:00,80.89,6.73,CA,digital_wallet,Mobile App,5
ORD-2025-10283,PROD_HOME_002,2025-01-27 22:29:00,158.22,5.86,NY,credit_card,Direct Online Store,5
ORD-2025-10284,PROD_ELEC_003,2025-01-27 20:10:00,132.26,14.66,CA,debit_card,Mobile App,5
ORD-2025-10285,PROD_APP_003,2025-01-27 21:12:00,47.5,14.43,TX,digital_wallet,Direct Online Store,5
ORD-2025-10286,PROD_HOME_001,2025-01-27 11:53:00,97.18,8.16,FL,digital_wallet,Amazon Marketplace,5
ORD-2025-10287,PROD_HOME_001,2025-01-27 13:37:00,91.2,5.92,WA,digital_wallet,Affiliate Channel,3
ORD-2025-10288,PROD_APP_001,2025-01-27 16:36:00,58.31,8.86,FL,gift_card,Mobile App,4
ORD-2025-10289,PROD_HOME_001,2025-01-27 21:47:00,86.0,10.04,IL,credit_card,Amazon Marketplace,5
ORD-2025-10290,PROD_BEAU_002,2025-01-27 18:11:00,48.93,10.17,GA,debit_card,Affiliate Channel,5
ORD-2025-10291,PROD_HOME_003,2025-01-27 13:44:00,112.88,14.01,NY,digital_wallet,Direct Online Store,5
ORD-2025-10292,PROD_BEAU_003,2025-01-27 22:22:00,30.46,6.0,IL,debit_card,Affiliate Channel,5
ORD-2025-10293,PROD_ELEC_001,2025-01-27 19:27:00,175.33,10.94,NC,gift_card,Amazon Marketplace,5
ORD-2025-10294,PROD_HOME_003,2025-01-27 08:59:00,117.44,9.01,FL,credit_card,Affiliate Channel,5
ORD-2025-10295,PROD_APP_004,2025-01-27 16:10:00,110.37,5.29,IL,debit_card,Amazon Marketplace,5
ORD-2025-10296,PROD_HOME_002,2025-01-27 20:49:00,187.95,5.9,TX,digital_wallet,Affiliate Channel,5
ORD-2025-10297,PROD_BEAU_002,2025-01-27 12:19:00,58.22,13.83,NY,debit_card,Amazon Marketplace,3
ORD-2025-10298,PROD_BEAU_001,2025-01-27 21:49:00,28.52,11.85,WA,credit_card,Affiliate Channel,5
ORD-2025-10299,PROD_ELEC_004,2025-01-27 22:30:00,34.5,11.99,NC,gift_card,Amazon Marketplace,4
ORD-2025-10300,PROD_ELEC_004,2025-01-27 14:49:00,37.44,14.35,WA,digital_wallet,Affiliate Channel,5
ORD-2025-10301,PROD_ELEC_003,2025-01-29 08:14:00,129.9,14.7,TX,debit_card,Mobile App,5
ORD-2025-10302,PROD_SPRT_001,2025-01-29 22:04:00,35.11,12.52,FL,debit_card,Affiliate Channel,5
ORD-2025-10303,PROD_APP_002,2025-01-29 10:27:00,44.15,8.84,TX,digital_wallet,Mobile App,5
ORD-2025-10304,PROD_BEAU_003,2025-01-29 10:25:00,28.28,9.22,NY,gift_card,Direct Online Store,5
ORD-2025-10305,PROD_ELEC_004,2025-01-29 10:20:00,36.76,13.07,TX,gift_card,Affiliate Channel,5
ORD-2025-10306,PROD_HOME_004,2025-01-29 19:40:00,49.44,9.25,NY,gift_card,Mobile App,4
ORD-2025-10307,PROD_HOME_002,2025-01-29 10:27:00,153.06,6.12,NC,credit_card,Amazon Marketplace,5
ORD-2025-10308,PROD_SPRT_003,2025-01-29 21:29:00,22.42,11.15,NC,credit_card,Affiliate Channel,5
ORD-2025-10309,PROD_ELEC_004,2025-01-29 17:43:00,36.31,5.5,WA,digital_wallet,Affiliate Channel,5
ORD-2025-10310,PROD_HOME_001,2025-01-29 12:22:00,99.52,7.67,NC,credit_card,Affiliate Channel,5
ORD-2025-10311,PROD_ELEC_002,2025-01-29 19:25:00,324.98,5.37,FL,debit_card,Direct Online Store,5
ORD-2025-10312,PROD_ELEC_005,2025-01-29 12:22:00,43.66,9.31,GA,debit_card,Affiliate Channel,5
ORD-2025-10313,PROD_HOME_002,2025-01-29 18:51:00,184.41,14.77,NY,gift_card,Direct Online Store,5
ORD-2025-10314,PROD_HOME_001,2025-01-29 12:46:00,99.54,14.5,NY,gift_card,Direct Online Store,4
ORD-2025-10315,PROD_SPRT_003,2025-01-29 21:50:00,23.47,10.14,FL,credit_card,Mobile App,5
ORD-2025-10316,PROD_APP_002,2025-01-29 20:11:00,41.06,12.47,IL,credit_card,Affiliate Channel,3
ORD-2025-10317,PROD_HOME_001,2025-01-29 14:42:00,91.85,5.19,TX,digital_wallet,Mobile App,5
ORD-2025-10318,PROD_HOME_002,2025-01-29 11:04:00,181.45,12.09,IL,gift_card,Affiliate Channel,4
ORD-2025-10319,PROD_HOME_002,2025-01-29 13:21:00,171.92,10.58,WA,digital_wallet,Affiliate Channel,5
ORD-2025-10320,PROD_BEAU_003,2025-01-29 12:25:00,30.11,11.73,CA,credit_card,Affiliate Channel,5
ORD-2025-10321,PROD_HOME_003,2025-01-29 12:18:00,110.54,10.3,WA,gift_card,Affiliate Channel,5
ORD-2025-10322,PROD_SPRT_004,2025-01-29 14:48:00,78.75,10.65,CA,digital_wallet,Affiliate Channel,1
ORD-2025-10323,PROD_HOME_004,2025-01-29 21:07:00,48.67,11.07,NY,gift_card,Amazon Marketplace,5
ORD-2025-10324,PROD_ELEC_004,2025-01-29 20:47:00,38.56,6.59,NC,gift_card,Mobile App,4
ORD-2025-10325,PROD_BEAU_001,2025-01-29 18:06:00,28.32,12.7,WA,gift_card,Amazon Marketplace,3
ORD-2025-10326,PROD_BEAU_003,2025-01-29 10:59:00,32.99,14.25,TX,gift_card,Mobile App,5
ORD-2025-10327,PROD_HOME_002,2025-01-29 09:24:00,165.06,11.83,NC,gift_card,Affiliate Channel,5
ORD-2025-10328,PROD_ELEC_001,2025-01-29 09:38:00,194.45,11.2,NC,credit_card,Mobile App,4
ORD-2025-10329,PROD_APP_001,2025-01-29 13:01:00,63.38,5.91,NC,debit_card,Amazon Marketplace,5
ORD-2025-10330,PROD_APP_003,2025-01-29 13:08:00,44.68,14.21,IL,credit_card,Direct Online Store,5
ORD-2025-10331,PROD_BEAU_002,2025-01-29 11:50:00,51.79,9.44,TX,gift_card,Direct Online Store,4
ORD-2025-10332,PROD_HOME_002,2025-01-29 19:04:00,155.45,7.45,CA,credit_card,Affiliate Channel,3
ORD-2025-10333,PROD_HOME_004,2025-01-31 19:34:00,45.82,7.6,NY,credit_card,Affiliate Channel,5
ORD-2025-10334,PROD_ELEC_002,2025-01-31 20:02:00,322.1,13.22,WA,gift_card,Affiliate Channel,5
ORD-2025-10335,PROD_ELEC_004,2025-01-31 17:48:00,33.22,12.58,NY,debit_card,Mobile App,5
ORD-2025-10336,PROD_HOME_002,2025-01-31 12:06:00,180.75,9.83,WA,credit_card,Affiliate Channel,3
ORD-2025-10337,PROD_BEAU_003,2025-01-31 19:28:00,29.69,8.42,WA,gift_card,Mobile App,5
ORD-2025-10338,PROD_SPRT_004,2025-01-31 08:14:00,87.47,10.22,WA,digital_wallet,Mobile App,5
ORD-2025-10339,PROD_APP_001,2025-01-31 18:18:00,65.72,12.13,TX,debit_card,Amazon Marketplace,4
ORD-2025-10340,PROD_HOME_004,2025-01-31 17:19:00,47.71,13.51,TX,credit_card,Mobile App,5
ORD-2025-10341,PROD_SPRT_001,2025-01-31 17:57:00,32.02,9.06,TX,digital_wallet,Amazon Marketplace,5
ORD-2025-10342,PROD_SPRT_001,2025-01-31 15:41:00,37.0,13.65,TX,gift_card,Amazon Marketplace,5
ORD-2025-10343,PROD_HOME_004,2025-01-31 12:13:00,40.52,8.42,FL,debit_card,Mobile App,4
ORD-2025-10344,PROD_ELEC_004,2025-01-31 22:40:00,37.14,9.59,CA,debit_card,Amazon Marketplace,5
ORD-2025-10345,PROD_ELEC_002,2025-01-31 09:17:00,343.07,8.3,NY,credit_card,Affiliate Channel,5
ORD-2025-10346,PROD_APP_003,2025-01-31 22:41:00,46.22,6.83,FL,debit_card,Affiliate Channel,5
ORD-2025-10347,PROD_SPRT_004,2025-01-31 19:53:00,85.0,12.43,NY,debit_card,Mobile App,5
ORD-2025-10348,PROD_APP_003,2025-01-31 09:34:00,46.61,9.77,CA,digital_wallet,Direct Online Store,5
ORD-2025-10349,PROD_ELEC_004,2025-01-31 17:13:00,36.18,6.0,GA,digital_wallet,Direct Online Store,5
ORD-2025-10350,PROD_ELEC_004,2025-01-31 17:51:00,36.45,11.43,GA,credit_card,Mobile App,4
ORD-2025-10351,PROD_SPRT_004,2025-01-31 15:32:00,78.63,8.29,IL,digital_wallet,Mobile App,3
ORD-2025-10352,PROD_APP_003,2025-01-31 18:28:00,47.54,10.03,NY,debit_card,Affiliate Channel,5
ORD-2025-10353,PROD_SPRT_001,2025-01-31 14:43:00,38.69,5.66,IL,credit_card,Affiliate Channel,5
ORD-2025-10354,PROD_SPRT_002,2025-01-31 11:13:00,269.15,6.09,IL,digital_wallet,Mobile App,4
ORD-2025-10355,PROD_BEAU_003,2025-01-31 17:43:00,32.89,11.1,TX,digital_wallet,Amazon Marketplace,5
ORD-2025-10356,PROD_HOME_004,2025-01-31 10:20:00,41.47,11.1,GA,gift_card,Mobile App,5
ORD-2025-10357,PROD_APP_004,2025-01-31 10:19:00,99.44,8.04,WA,digital_wallet,Mobile App,5
ORD-2025-10358,PROD_BEAU_001,2025-01-31 14:03:00,25.42,5.06,NC,digital_wallet,Amazon Marketplace,1
ORD-2025-10359,PROD_APP_004,2025-01-31 19:16:00,103.09,7.09,IL,digital_wallet,Direct Online Store,5
ORD-2025-10360,PROD_HOME_004,2025-01-31 11:39:00,44.39,6.99,GA,digital_wallet,Direct Online Store,5
ORD-2025-10361,PROD_APP_001,2025-01-31 15:02:00,63.28,12.21,NC,gift_card,Amazon Marketplace,5
ORD-2025-10362,PROD_SPRT_004,2025-01-31 13:17:00,88.92,5.56,WA,gift_card,Mobile App,5
ORD-2025-10363,PROD_ELEC_003,2025-02-02 10:55:00,126.73,9.14,TX,digital_wallet,Amazon Marketplace,5
ORD-2025-10364,PROD_BEAU_002,2025-02-02 12:35:00,53.12,12.63,IL,credit_card,Amazon Marketplace,4
ORD-2025-10365,PROD_ELEC_003,2025-02-02 21:23:00,129.01,12.39,GA,debit_card,Amazon Marketplace,5
ORD-2025-10366,PROD_APP_003,2025-02-02 19:16:00,51.33,11.78,IL,credit_card,Amazon Marketplace,5
ORD-2025-10367,PROD_BEAU_001,2025-02-02 21:33:00,25.16,12.98,CA,digital_wallet,Direct Online Store,5
ORD-2025-10368,PROD_ELEC_002,2025-02-02 16:31:00,288.88,8.27,IL,digital_wallet,Direct Online Store,4
ORD-2025-10369,PROD_SPRT_003,2025-02-02 10:51:00,22.2,6.12,NY,gift_card,Amazon Marketplace,4
ORD-2025-10370,PROD_BEAU_001,2025-02-02 19:09:00,27.2,13.89,WA,credit_card,Amazon Marketplace,4
ORD-2025-10371,PROD_HOME_002,2025-02-02 14:56:00,160.31,12.39,CA,gift_card,Mobile App,5
ORD-2025-10372,PROD_HOME_004,2025-02-02 12:54:00,47.74,9.27,FL,digital_wallet,Affiliate Channel,4
ORD-2025-10373,PROD_APP_002,2025-02-02 22:45:00,39.82,8.55,TX,debit_card,Amazon Marketplace,5
ORD-2025-10374,PROD_APP_001,2025-02-02 08:49:00,62.52,14.44,TX,digital_wallet,Direct Online Store,5
ORD-2025-10375,PROD_HOME_002,2025-02-02 10:27:00,164.98,7.02,IL,debit_card,Amazon Marketplace,4
ORD-2025-10376,PROD_ELEC_001,2025-02-02 21:24:00,164.04,9.4,CA,gift_card,Amazon Marketplace,5
ORD-2025-10377,PROD_BEAU_002,2025-02-02 17:52:00,57.61,12.71,NY,credit_card,Amazon Marketplace,5
ORD-2025-10378,PROD_SPRT_003,2025-02-02 09:31:00,24.38,12.57,WA,digital_wallet,Affiliate Channel,5
ORD-2025-10379,PROD_ELEC_003,2025-02-02 09:29:00,139.19,7.55,CA,credit_card,Affiliate Channel,4
ORD-2025-10380,PROD_HOME_004,2025-02-02 12:53:00,48.99,8.6,NY,gift_card,Mobile App,5
ORD-2025-10381,PROD_ELEC_003,2025-02-02 08:17:00,125.69,13.76,WA,credit_card,Amazon Marketplace,3
ORD-2025-10382,PROD_SPRT_003,2025-02-04 15:48:00,22.4,6.4,CA,credit_card,Amazon Marketplace,3
ORD-2025-10383,PROD_HOME_001,2025-02-04 10:11:00,91.69,6.57,TX,debit_card,Mobile App,3
ORD-2025-10384,PROD_ELEC_004,2025-02-04 14:40:00,39.75,7.04,WA,digital_wallet,Mobile App,5
ORD-2025-10385,PROD_ELEC_001,2025-02-04 21:09:00,164.44,5.34,NC,credit_card,Affiliate Channel,4
ORD-2025-10386,PROD_SPRT_001,2025-02-04 11:05:00,39.19,8.49,NC,credit_card,Direct Online Store,2
ORD-2025-10387,PROD_BEAU_002,2025-02-04 10:54:00,49.72,10.37,CA,digital_wallet,Affiliate Channel,5
ORD-2025-10388,PROD_APP_004,2025-02-04 17:42:00,104.24,8.66,NY,gift_card,Affiliate Channel,4
ORD-2025-10389,PROD_SPRT_003,2025-02-04 10:14:00,23.89,6.3,NY,credit_card,Affiliate Channel,5
ORD-2025-10390,PROD_SPRT_004,2025-02-04 18:19:00,85.92,6.85,WA,gift_card,Mobile App,4
ORD-2025-10391,PROD_ELEC_005,2025-02-04 19:59:00,46.24,6.45,CA,gift_card,Direct Online Store,4
ORD-2025-10392,PROD_APP_001,2025-02-04 11:10:00,61.11,13.35,NC,digital_wallet,Direct Online Store,5
ORD-2025-10393,PROD_BEAU_003,2025-02-04 17:25:00,33.68,13.7,GA,debit_card,Affiliate Channel,4
ORD-2025-10394,PROD_SPRT_002,2025-02-04 16:59:00,238.27,11.55,WA,digital_wallet,Amazon Marketplace,5
ORD-2025-10395,PROD_BEAU_003,2025-02-04 21:21:00,31.8,5.97,IL,credit_card,Mobile App,5
ORD-2025-10396,PROD_ELEC_001,2025-02-04 15:53:00,194.94,7.27,NY,credit_card,Mobile App,5
ORD-2025-10397,PROD_HOME_003,2025-02-04 09:55:00,118.65,14.84,TX,gift_card,Amazon Marketplace,5
ORD-2025-10398,PROD_APP_003,2025-02-04 16:38:00,52.8,12.45,TX,credit_card,Mobile App,5
ORD-2025-10399,PROD_SPRT_001,2025-02-04 18:40:00,38.72,11.8,FL,debit_card,Affiliate Channel,3
ORD-2025-10400,PROD_APP_004,2025-02-04 14:57:00,96.73,9.01,NC,gift_card,Affiliate Channel,5
ORD-2025-10401,PROD_HOME_001,2025-02-04 12:13:00,94.96,10.56,NY,credit_card,Affiliate Channel,5
ORD-2025-10402,PROD_APP_001,2025-02-06 11:25:00,58.69,14.51,TX,gift_card,Affiliate Channel,5
ORD-2025-10403,PROD_APP_003,2025-02-06 12:08:00,54.21,14.63,NC,credit_card,Amazon Marketplace,5
ORD-2025-10404,PROD_ELEC_005,2025-02-06 09:33:00,42.39,5.11,IL,credit_card,Affiliate Channel,5
ORD-2025-10405,PROD_BEAU_002,2025-02-06 15:09:00,58.49,12.43,NY,digital_wallet,Mobile App,2
ORD-2025-10406,PROD_ELEC_002,2025-02-06 15:27:00,287.61,6.13,TX,gift_card,Mobile App,5
ORD-2025-10407,PROD_ELEC_004,2025-02-06 21:23:00,34.14,14.6,FL,gift_card,Affiliate Channel,5
ORD-2025-10408,PROD_ELEC_004,2025-02-06 12:57:00,37.75,12.24,IL,digital_wallet,Affiliate Channel,4
ORD-2025-10409,PROD_APP_004,2025-02-06 20:31:00,118.0,6.01,FL,gift_card,Amazon Marketplace,5
ORD-2025-10410,PROD_APP_004,2025-02-06 16:38:00,101.25,12.09,NC,gift_card,Direct Online Store,4
ORD-2025-10411,PROD_SPRT_003,2025-02-06 09:07:00,21.78,5.99,FL,digital_wallet,Affiliate Channel,4
ORD-2025-10412,PROD_ELEC_002,2025-02-06 17:55:00,294.82,13.52,CA,gift_card,Affiliate Channel,4
ORD-2025-10413,PROD_ELEC_001,2025-02-06 13:06:00,192.76,11.31,IL,gift_card,Direct Online Store,4
ORD-2025-10414,PROD_APP_004,2025-02-06 11:17:00,103.6,8.52,GA,credit_card,Mobile App,5
ORD-2025-10415,PROD_APP_004,2025-02-06 21:35:00,116.14,10.58,WA,gift_card,Mobile App,4
ORD-2025-10416,PROD_APP_001,2025-02-06 17:34:00,58.0,8.34,FL,digital_wallet,Mobile App,5
ORD-2025-10417,PROD_ELEC_003,2025-02-06 10:48:00,140.6,9.97,NC,debit_card,Mobile App,3
ORD-2025-10418,PROD_BEAU_003,2025-02-06 20:10:00,29.35,13.96,TX,digital_wallet,Direct Online Store,5
ORD-2025-10419,PROD_SPRT_003,2025-02-06 12:48:00,22.46,11.42,TX,gift_card,Direct Online Store,5
ORD-2025-10420,PROD_ELEC_003,2025-02-06 21:16:00,122.55,11.63,TX,digital_wallet,Mobile App,5
ORD-2025-10421,PROD_HOME_004,2025-02-06 22:51:00,40.43,13.15,IL,credit_card,Mobile App,1
ORD-2025-10422,PROD_BEAU_002,2025-02-06 12:01:00,57.04,6.55,GA,debit_card,Amazon Marketplace,5
ORD-2025-10423,PROD_APP_003,2025-02-06 12:15:00,46.06,6.45,CA,gift_card,Affiliate Channel,5
ORD-2025-10424,PROD_SPRT_002,2025-02-06 16:37:00,269.22,6.86,NC,gift_card,Mobile App,4
ORD-2025-10425,PROD_HOME_003,2025-02-06 22:59:00,123.14,8.7,FL,digital_wallet,Mobile App,5
ORD-2025-10426,PROD_ELEC_005,2025-02-06 20:34:00,41.72,12.02,TX,credit_card,Affiliate Channel,5
ORD-2025-10427,PROD_ELEC_004,2025-02-06 19:44:00,35.16,12.2,FL,gift_card,Mobile App,5
ORD-2025-10428,PROD_ELEC_002,2025-02-06 09:10:00,319.34,10.91,CA,gift_card,Direct Online Store,3
ORD-2025-10429,PROD_BEAU_003,2025-02-06 09:46:00,33.96,11.82,IL,digital_wallet,Direct Online Store,4
ORD-2025-10430,PROD_BEAU_003,2025-02-06 14:13:00,29.64,6.33,GA,digital_wallet,Mobile App,5
ORD-2025-10431,PROD_SPRT_003,2025-02-06 20:34:00,22.45,9.07,WA,credit_card,Direct Online Store,4
ORD-2025-10432,PROD_SPRT_003,2025-02-08 16:26:00,20.11,11.14,TX,debit_card,Amazon Marketplace,1
ORD-2025-10433,PROD_APP_001,2025-02-08 19:07:00,69.58,14.29,WA,credit_card,Direct Online Store,2
ORD-2025-10434,PROD_SPRT_003,2025-02-08 14:44:00,21.56,13.05,GA,debit_card,Mobile App,5
ORD-2025-10435,PROD_HOME_001,2025-02-08 15:05:00,85.85,13.79,TX,digital_wallet,Affiliate Channel,5
ORD-2025-10436,PROD_HOME_003,2025-02-08 20:06:00,113.53,8.4,IL,credit_card,Direct Online Store,1
ORD-2025-10437,PROD_ELEC_002,2025-02-08 16:00:00,343.31,5.02,CA,digital_wallet,Affiliate Channel,5
ORD-2025-10438,PROD_SPRT_003,2025-02-08 11:40:00,20.69,14.56,GA,debit_card,Amazon Marketplace,1
ORD-2025-10439,PROD_ELEC_004,2025-02-08 17:11:00,32.69,11.0,GA,debit_card,Amazon Marketplace,4
ORD-2025-10440,PROD_BEAU_002,2025-02-08 20:07:00,59.52,10.38,IL,digital_wallet,Direct Online Store,5
ORD-2025-10441,PROD_APP_001,2025-02-08 11:38:00,67.65,6.0,TX,digital_wallet,Affiliate Channel,2
ORD-2025-10442,PROD_SPRT_002,2025-02-08 18:35:00,236.08,14.44,NY,digital_wallet,Amazon Marketplace,5
ORD-2025-10443,PROD_APP_003,2025-02-08 08:22:00,49.59,12.94,CA,gift_card,Direct Online Store,3
ORD-2025-10444,PROD_ELEC_003,2025-02-08 17:44:00,140.37,10.27,NC,debit_card,Mobile App,5
ORD-2025-10445,PROD_BEAU_002,2025-02-08 14:27:00,56.48,11.26,NC,credit_card,Affiliate Channel,5
ORD-2025-10446,PROD_ELEC_004,2025-02-08 15:50:00,36.12,8.89,IL,credit_card,Direct Online Store,5
ORD-2025-10447,PROD_ELEC_003,2025-02-08 16:11:00,132.37,14.0,WA,credit_card,Direct Online Store,5
ORD-2025-10448,PROD_HOME_001,2025-02-08 21:52:00,92.96,10.38,NC,debit_card,Mobile App,4
ORD-2025-10449,PROD_ELEC_002,2025-02-08 22:14:00,343.08,14.5,WA,credit_card,Amazon Marketplace,5
ORD-2025-10450,PROD_SPRT_003,2025-02-08 11:57:00,24.91,14.22,NY,digital_wallet,Direct Online Store,3
ORD-2025-10451,PROD_HOME_002,2025-02-08 13:58:00,152.48,13.27,NC,credit_card,Amazon Marketplace,5
ORD-2025-10452,PROD_APP_003,2025-02-08 18:36:00,52.15,14.22,IL,debit_card,Mobile App,5
ORD-2025-10453,PROD_ELEC_001,2025-02-08 22:12:00,183.45,7.78,GA,digital_wallet,Direct Online Store,4
ORD-2025-10454,PROD_HOME_004,2025-02-08 19:14:00,42.32,6.29,NY,credit_card,Direct Online Store,5
ORD-2025-10455,PROD_BEAU_003,2025-02-08 19:16:00,31.23,6.67,NC,digital_wallet,Mobile App,5
ORD-2025-10456,PROD_SPRT_003,2025-02-08 22:56:00,21.19,8.95,FL,credit_card,Affiliate Channel,5
ORD-2025-10457,PROD_SPRT_001,2025-02-08 11:02:00,36.24,6.09,NC,debit_card,Direct Online Store,4
ORD-2025-10458,PROD_APP_003,2025-02-10 15:38:00,50.91,12.38,CA,debit_card,Amazon Marketplace,4
ORD-2025-10459,PROD_ELEC_002,2025-02-10 12:58:00,283.59,8.41,TX,digital_wallet,Affiliate Channel,5
ORD-2025-10460,PROD_ELEC_002,2025-02-10 09:14:00,339.27,7.92,TX,debit_card,Mobile App,4
ORD-2025-10461,PROD_BEAU_002,2025-02-10 17:33:00,54.7,13.43,IL,debit_card,Amazon Marketplace,5
ORD-2025-10462,PROD_HOME_002,2025-02-10 16:01:00,163.97,9.1,TX,digital_wallet,Mobile App,5
ORD-2025-10463,PROD_ELEC_004,2025-02-10 08:52:00,39.94,5.03,NC,credit_card,Amazon Marketplace,4
ORD-2025-10464,PROD_ELEC_002,2025-02-10 22:30:00,344.82,11.49,NC,digital_wallet,Affiliate Channel,5
ORD-2025-10465,PROD_APP_003,2025-02-10 18:29:00,48.25,8.45,GA,debit_card,Affiliate Channel,5
ORD-2025-10466,PROD_HOME_003,2025-02-10 14:16:00,122.53,12.31,TX,digital_wallet,Direct Online Store,5
ORD-2025-10467,PROD_HOME_001,2025-02-10 16:54:00,90.79,12.11,FL,gift_card,Amazon Marketplace,3
ORD-2025-10468,PROD_HOME_003,2025-02-10 15:46:00,119.44,13.84,GA,gift_card,Affiliate Channel,5
ORD-2025-10469,PROD_HOME_002,2025-02-10 11:15:00,174.83,12.23,FL,debit_card,Amazon Marketplace,2
ORD-2025-10470,PROD_SPRT_004,2025-02-10 20:26:00,81.65,13.62,WA,digital_wallet,Amazon Marketplace,5
ORD-2025-10471,PROD_BEAU_003,2025-02-10 21:49:00,30.43,8.0,NC,credit_card,Amazon Marketplace,5
ORD-2025-10472,PROD_SPRT_002,2025-02-10 14:11:00,243.05,14.37,GA,credit_card,Amazon Marketplace,5
ORD-2025-10473,PROD_APP_001,2025-02-10 10:41:00,59.55,10.63,NC,debit_card,Amazon Marketplace,5
ORD-2025-10474,PROD_BEAU_002,2025-02-10 15:20:00,51.13,12.63,CA,credit_card,Direct Online Store,5
ORD-2025-10475,PROD_ELEC_002,2025-02-12 13:12:00,343.69,14.32,TX,debit_card,Mobile App,3
ORD-2025-10476,PROD_HOME_003,2025-02-12 15:30:00,121.79,14.05,WA,debit_card,Mobile App,5
ORD-2025-10477,PROD_SPRT_002,2025-02-12 09:34:00,230.68,6.63,NC,debit_card,Affiliate Channel,4
ORD-2025-10478,PROD_APP_004,2025-02-12 18:09:00,98.3,14.76,GA,credit_card,Direct Online Store,5
ORD-2025-10479,PROD_HOME_004,2025-02-12 17:44:00,45.22,12.67,WA,gift_card,Amazon Marketplace,5
ORD-2025-10480,PROD_ELEC_001,2025-02-12 22:21:00,162.13,10.67,NY,digital_wallet,Direct Online Store,5
ORD-2025-10481,PROD_SPRT_004,2025-02-12 22:50:00,82.91,6.49,FL,digital_wallet,Mobile App,4
ORD-2025-10482,PROD_ELEC_003,2025-02-12 17:57:00,120.48,9.95,NC,debit_card,Mobile App,3
ORD-2025-10483,PROD_APP_002,2025-02-12 08:31:00,36.15,14.04,WA,debit_card,Direct Online Store,4
ORD-2025-10484,PROD_HOME_001,2025-02-12 12:47:00,80.07,8.38,GA,credit_card,Mobile App,5
ORD-2025-10485,PROD_ELEC_005,2025-02-12 17:01:00,40.73,5.11,IL,gift_card,Amazon Marketplace,3
ORD-2025-10486,PROD_HOME_004,2025-02-12 14:21:00,43.04,7.7,WA,gift_card,Affiliate Channel,4
ORD-2025-10487,PROD_ELEC_005,2025-02-12 15:18:00,42.8,10.52,IL,credit_card,Affiliate Channel,3
ORD-2025-10488,PROD_ELEC_003,2025-02-12 22:07:00,122.59,13.61,CA,debit_card,Direct Online Store,5
ORD-2025-10489,PROD_APP_001,2025-02-12 20:05:00,67.83,13.01,NY,credit_card,Direct Online Store,4
ORD-2025-10490,PROD_SPRT_004,2025-02-14 15:40:00,79.5,14.66,WA,credit_card,Direct Online Store,5
ORD-2025-10491,PROD_ELEC_005,2025-02-14 09:45:00,42.53,5.81,NY,credit_card,Affiliate Channel,4
ORD-2025-10492,PROD_APP_003,2025-02-14 18:33:00,47.1,8.87,FL,gift_card,Amazon Marketplace,4
ORD-2025-10493,PROD_BEAU_003,2025-02-14 18:37:00,33.69,7.88,CA,gift_card,Amazon Marketplace,5
ORD-2025-10494,PROD_ELEC_003,2025-02-14 16:36:00,144.06,6.44,FL,credit_card,Direct Online Store,5
ORD-2025-10495,PROD_HOME_002,2025-02-14 21:37:00,181.34,8.95,IL,gift_card,Mobile App,5
ORD-2025-10496,PROD_APP_004,2025-02-14 18:56:00,102.34,10.31,IL,digital_wallet,Amazon Marketplace,5
ORD-2025-10497,PROD_ELEC_003,2025-02-14 20:52:00,122.91,5.6,NC,credit_card,Affiliate Channel,5
ORD-2025-10498,PROD_ELEC_003,2025-02-14 19:43:00,126.85,14.14,NY,digital_wallet,Mobile App,5
ORD-2025-10499,PROD_BEAU_003,2025-02-14 16:47:00,32.89,9.89,FL,debit_card,Amazon Marketplace,5
ORD-2025-10500,PROD_HOME_003,2025-02-14 20:54:00,107.11,8.24,NC,gift_card,Affiliate Channel,5
ORD-2025-10501,PROD_ELEC_005,2025-02-14 21:08:00,46.14,14.5,WA,gift_card,Amazon Marketplace,5
ORD-2025-10502,PROD_ELEC_001,2025-02-14 10:37:00,167.3,14.05,TX,debit_card,Direct Online Store,5
ORD-2025-10503,PROD_BEAU_003,2025-02-14 14:10:00,32.63,5.22,IL,digital_wallet,Amazon Marketplace,5
ORD-2025-10504,PROD_SPRT_004,2025-02-14 10:31:00,82.2,14.47,CA,digital_wallet,Direct Online Store,5
ORD-2025-10505,PROD_HOME_002,2025-02-14 16:31:00,166.89,6.41,FL,gift_card,Affiliate Channel,5
ORD-2025-10506,PROD_HOME_001,2025-02-14 17:27:00,93.22,8.11,NY,debit_card,Mobile App,5
ORD-2025-10507,PROD_HOME_003,2025-02-14 15:04:00,107.53,8.7,CA,gift_card,Mobile App,5
ORD-2025-10508,PROD_APP_002,2025-02-14 22:20:00,38.8,14.1,GA,digital_wallet,Mobile App,5
ORD-2025-10509,PROD_HOME_002,2025-02-14 20:40:00,155.72,14.65,FL,debit_card,Amazon Marketplace,5
ORD-2025-10510,PROD_BEAU_003,2025-02-14 14:48:00,32.8,13.81,TX,digital_wallet,Direct Online Store,5
ORD-2025-10511,PROD_BEAU_002,2025-02-14 12:04:00,49.3,14.58,GA,gift_card,Amazon Marketplace,4
ORD-2025-10512,PROD_APP_004,2025-02-14 15:15:00,111.26,12.78,FL,credit_card,Mobile App,5
ORD-2025-10513,PROD_SPRT_004,2025-02-14 13:31:00,87.36,7.73,WA,debit_card,Amazon Marketplace,2
ORD-2025-10514,PROD_SPRT_004,2025-02-14 22:12:00,84.67,5.61,IL,debit_card,Affiliate Channel,5
ORD-2025-10515,PROD_HOME_001,2025-02-16 18:41:00,97.11,5.25,NC,credit_card,Mobile App,5
ORD-2025-10516,PROD_ELEC_005,2025-02-16 15:48:00,46.17,6.57,WA,credit_card,Mobile App,5
ORD-2025-10517,PROD_APP_002,2025-02-16 10:20:00,40.91,6.63,CA,credit_card,Direct Online Store,3
ORD-2025-10518,PROD_SPRT_002,2025-02-16 14:35:00,272.05,13.32,CA,gift_card,Mobile App,5
ORD-2025-10519,PROD_HOME_002,2025-02-16 13:36:00,161.09,11.44,CA,credit_card,Amazon Marketplace,5
ORD-2025-10520,PROD_ELEC_003,2025-02-16 19:15:00,146.92,6.63,NY,digital_wallet,Mobile App,5
ORD-2025-10521,PROD_BEAU_001,2025-02-16 08:33:00,29.57,9.01,NC,gift_card,Amazon Marketplace,5
ORD-2025-10522,PROD_ELEC_003,2025-02-16 22:55:00,136.54,6.15,IL,debit_card,Amazon Marketplace,5
ORD-2025-10523,PROD_SPRT_002,2025-02-16 15:02:00,243.99,11.97,CA,debit_card,Amazon Marketplace,2
ORD-2025-10524,PROD_ELEC_005,2025-02-16 18:25:00,46.76,12.56,CA,digital_wallet,Affiliate Channel,5
ORD-2025-10525,PROD_BEAU_001,2025-02-16 11:14:00,29.75,10.9,GA,credit_card,Mobile App,4
ORD-2025-10526,PROD_SPRT_003,2025-02-16 14:13:00,22.45,13.29,TX,credit_card,Mobile App,5
ORD-2025-10527,PROD_HOME_003,2025-02-16 17:16:00,125.83,7.02,WA,debit_card,Mobile App,3
ORD-2025-10528,PROD_HOME_004,2025-02-16 17:41:00,47.14,5.29,NC,debit_card,Amazon Marketplace,5
ORD-2025-10529,PROD_HOME_004,2025-02-16 11:48:00,42.56,13.74,IL,debit_card,Mobile App,5
ORD-2025-10530,PROD_APP_003,2025-02-18 16:01:00,45.26,7.52,IL,credit_card,Amazon Marketplace,3
ORD-2025-10531,PROD_HOME_002,2025-02-18 13:29:00,154.01,8.89,NC,debit_card,Affiliate Channel,5
ORD-2025-10532,PROD_SPRT_004,2025-02-18 11:04:00,72.23,13.57,NY,credit_card,Direct Online Store,4
ORD-2025-10533,PROD_ELEC_001,2025-02-18 14:46:00,162.79,8.03,TX,credit_card,Direct Online Store,5
ORD-2025-10534,PROD_APP_002,2025-02-18 12:26:00,38.31,8.73,CA,digital_wallet,Direct Online Store,3
ORD-2025-10535,PROD_HOME_001,2025-02-18 20:58:00,90.85,14.32,FL,credit_card,Direct Online Store,3
ORD-2025-10536,PROD_BEAU_003,2025-02-18 15:55:00,34.2,12.25,IL,digital_wallet,Direct Online Store,4
ORD-2025-10537,PROD_BEAU_003,2025-02-18 14:43:00,30.15,7.15,NC,credit_card,Direct Online Store,5
ORD-2025-10538,PROD_BEAU_002,2025-02-18 08:42:00,48.32,10.77,NY,digital_wallet,Mobile App,4
ORD-2025-10539,PROD_APP_002,2025-02-18 21:12:00,44.77,7.72,FL,gift_card,Direct Online Store,1
ORD-2025-10540,PROD_ELEC_002,2025-02-18 19:31:00,291.51,9.35,FL,credit_card,Mobile App,5
ORD-2025-10541,PROD_SPRT_004,2025-02-18 13:42:00,75.22,10.45,WA,debit_card,Mobile App,4
ORD-2025-10542,PROD_HOME_003,2025-02-18 13:49:00,114.91,8.72,IL,debit_card,Affiliate Channel,4
ORD-2025-10543,PROD_BEAU_001,2025-02-18 22:08:00,27.4,11.02,WA,digital_wallet,Affiliate Channel,5
ORD-2025-10544,PROD_SPRT_002,2025-02-18 16:58:00,270.79,5.43,TX,digital_wallet,Amazon Marketplace,3
ORD-2025-10545,PROD_SPRT_003,2025-02-18 19:25:00,20.91,7.06,NY,gift_card,Direct Online Store,1
ORD-2025-10546,PROD_ELEC_002,2025-02-20 16:42:00,309.71,7.55,TX,debit_card,Mobile App,5
ORD-2025-10547,PROD_HOME_002,2025-02-20 14:33:00,159.71,10.48,NC,debit_card,Mobile App,4
ORD-2025-10548,PROD_ELEC_004,2025-02-20 19:57:00,34.84,6.56,FL,credit_card,Direct Online Store,5
ORD-2025-10549,PROD_ELEC_003,2025-02-20 12:52:00,140.79,12.56,FL,credit_card,Amazon Marketplace,5
ORD-2025-10550,PROD_ELEC_001,2025-02-20 18:04:00,191.71,13.28,NY,digital_wallet,Affiliate Channel,2
ORD-2025-10551,PROD_BEAU_001,2025-02-20 17:19:00,26.02,5.11,WA,gift_card,Mobile App,5
ORD-2025-10552,PROD_BEAU_001,2025-02-20 17:02:00,24.47,11.35,GA,credit_card,Affiliate Channel,5
ORD-2025-10553,PROD_ELEC_001,2025-02-20 20:34:00,181.05,12.98,NY,gift_card,Mobile App,2
ORD-2025-10554,PROD_BEAU_003,2025-02-20 20:57:00,32.33,14.63,NY,gift_card,Mobile App,5
ORD-2025-10555,PROD_ELEC_003,2025-02-20 09:29:00,125.07,11.31,NC,digital_wallet,Amazon Marketplace,4
ORD-2025-10556,PROD_BEAU_003,2025-02-20 21:28:00,32.82,12.77,FL,gift_card,Direct Online Store,5
ORD-2025-10557,PROD_ELEC_005,2025-02-20 16:28:00,43.24,5.28,NY,debit_card,Affiliate Channel,5
ORD-2025-10558,PROD_SPRT_003,2025-02-20 08:16:00,20.37,11.54,NY,gift_card,Amazon Marketplace,3
ORD-2025-10559,PROD_HOME_001,2025-02-20 14:07:00,99.19,11.01,TX,credit_card,Amazon Marketplace,5
ORD-2025-10560,PROD_APP_003,2025-02-20 22:11:00,46.46,13.07,NC,credit_card,Mobile App,5
ORD-2025-10561,PROD_HOME_002,2025-02-20 19:28:00,167.82,9.93,NY,credit_card,Amazon Marketplace,5
ORD-2025-10562,PROD_SPRT_004,2025-02-20 19:27:00,82.11,8.67,CA,digital_wallet,Direct Online Store,5
ORD-2025-10563,PROD_ELEC_002,2025-02-20 09:05:00,310.98,9.22,IL,digital_wallet,Affiliate Channel,5
ORD-2025-10564,PROD_APP_003,2025-02-20 10:05:00,45.36,6.21,TX,debit_card,Affiliate Channel,4
ORD-2025-10565,PROD_SPRT_002,2025-02-20 20:42:00,265.26,5.67,TX,gift_card,Direct Online Store,5
ORD-2025-10566,PROD_APP_003,2025-02-20 14:00:00,51.69,12.47,WA,credit_card,Direct Online Store,5
ORD-2025-10567,PROD_APP_004,2025-02-20 10:20:00,119.78,13.8,FL,gift_card,Amazon Marketplace,5
ORD-2025-10568,PROD_BEAU_003,2025-02-20 16:40:00,33.49,6.72,NY,debit_card,Amazon Marketplace,3
ORD-2025-10569,PROD_ELEC_005,2025-02-20 09:36:00,49.31,10.13,TX,debit_card,Affiliate Channel,3
ORD-2025-10570,PROD_HOME_003,2025-02-20 20:27:00,108.46,9.06,CA,digital_wallet,Affiliate Channel,5
ORD-2025-10571,PROD_HOME_003,2025-02-20 19:58:00,114.22,13.67,TX,gift_card,Affiliate Channel,4
ORD-2025-10572,PROD_APP_001,2025-02-20 09:27:00,62.69,9.97,CA,gift_card,Direct Online Store,5
ORD-2025-10573,PROD_ELEC_005,2025-02-20 12:29:00,49.59,7.77,WA,digital_wallet,Mobile App,3
ORD-2025-10574,PROD_BEAU_003,2025-02-20 19:37:00,32.29,13.71,TX,gift_card,Mobile App,5
ORD-2025-10575,PROD_BEAU_003,2025-02-20 09:16:00,31.26,11.16,IL,digital_wallet,Mobile App,5
ORD-2025-10576,PROD_APP_003,2025-02-20 17:12:00,45.03,14.07,WA,digital_wallet,Amazon Marketplace,3
ORD-2025-10577,PROD_SPRT_001,2025-02-20 18:42:00,37.76,10.98,FL,debit_card,Mobile App,5
ORD-2025-10578,PROD_SPRT_002,2025-02-22 16:11:00,268.54,9.63,NY,digital_wallet,Amazon Marketplace,5
ORD-2025-10579,PROD_HOME_002,2025-02-22 11:25:00,165.39,9.97,GA,digital_wallet,Affiliate Channel,5
ORD-2025-10580,PROD_ELEC_005,2025-02-22 14:52:00,49.27,6.24,NC,credit_card,Direct Online Store,5
ORD-2025-10581,PROD_APP_004,2025-02-22 17:52:00,109.08,14.91,IL,gift_card,Amazon Marketplace,5
ORD-2025-10582,PROD_BEAU_001,2025-02-22 14:24:00,27.05,6.08,WA,credit_card,Amazon Marketplace,5
ORD-2025-10583,PROD_HOME_003,2025-02-22 09:17:00,104.14,5.41,NY,digital_wallet,Amazon Marketplace,4
ORD-2025-10584,PROD_BEAU_001,2025-02-22 08:07:00,24.64,10.67,WA,digital_wallet,Mobile App,5
ORD-2025-10585,PROD_APP_003,2025-02-22 22:35:00,48.35,12.52,WA,debit_card,Amazon Marketplace,5
ORD-2025-10586,PROD_SPRT_003,2025-02-22 21:24:00,23.89,13.06,FL,credit_card,Amazon Marketplace,5
ORD-2025-10587,PROD_SPRT_004,2025-02-22 09:15:00,85.14,9.86,NC,debit_card,Amazon Marketplace,5
ORD-2025-10588,PROD_APP_001,2025-02-22 08:15:00,57.15,7.79,IL,gift_card,Affiliate Channel,5
ORD-2025-10589,PROD_APP_003,2025-02-22 15:09:00,54.09,12.12,NC,gift_card,Direct Online Store,5
ORD-2025-10590,PROD_APP_004,2025-02-22 22:33:00,103.83,9.37,WA,digital_wallet,Direct Online Store,5
ORD-2025-10591,PROD_SPRT_004,2025-02-22 10:45:00,82.03,7.05,NY,gift_card,Amazon Marketplace,4
ORD-2025-10592,PROD_APP_002,2025-02-22 19:18:00,41.81,7.74,FL,gift_card,Affiliate Channel,2
ORD-2025-10593,PROD_SPRT_003,2025-02-22 20:01:00,21.5,9.52,NC,digital_wallet,Mobile App,5
ORD-2025-10594,PROD_BEAU_003,2025-02-22 14:16:00,31.87,9.24,WA,debit_card,Mobile App,5
ORD-2025-10595,PROD_APP_004,2025-02-22 18:33:00,115.95,13.54,FL,credit_card,Affiliate Channel,5
ORD-2025-10596,PROD_APP_003,2025-02-22 19:35:00,44.92,5.92,CA,digital_wallet,Direct Online Store,5
ORD-2025-10597,PROD_APP_004,2025-02-22 12:55:00,112.95,13.59,TX,debit_card,Affiliate Channel,5
ORD-2025-10598,PROD_SPRT_001,2025-02-22 17:41:00,33.02,11.21,TX,digital_wallet,Affiliate Channel,2
ORD-2025-10599,PROD_APP_001,2025-02-22 19:04:00,58.68,6.95,NY,credit_card,Mobile App,4
ORD-2025-10600,PROD_APP_001,2025-02-22 13:46:00,59.08,10.53,TX,debit_card,Amazon Marketplace,5
ORD-2025-10601,PROD_ELEC_001,2025-02-22 21:01:00,193.12,7.72,CA,gift_card,Amazon Marketplace,5
ORD-2025-10602,PROD_BEAU_003,2025-02-22 21:23:00,34.06,13.62,IL,gift_card,Amazon Marketplace,5
ORD-2025-10603,PROD_ELEC_004,2025-02-22 08:04:00,38.69,11.06,NC,debit_card,Direct Online Store,5
ORD-2025-10604,PROD_BEAU_003,2025-02-24 14:56:00,32.23,10.41,GA,digital_wallet,Affiliate Channel,4
ORD-2025-10605,PROD_SPRT_001,2025-02-24 10:51:00,38.66,13.58,CA,debit_card,Direct Online Store,5
ORD-2025-10606,PROD_HOME_003,2025-02-24 14:24:00,126.99,14.04,IL,digital_wallet,Direct Online Store,5
ORD-2025-10607,PROD_APP_002,2025-02-24 20:09:00,43.05,12.75,GA,debit_card,Mobile App,5
ORD-2025-10608,PROD_ELEC_005,2025-02-24 15:25:00,47.72,9.39,GA,gift_card,Mobile App,3
ORD-2025-10609,PROD_BEAU_002,2025-02-24 10:57:00,48.48,7.45,NY,digital_wallet,Mobile App,5
ORD-2025-10610,PROD_BEAU_002,2025-02-24 09:38:00,49.35,13.72,IL,digital_wallet,Affiliate Channel,5
ORD-2025-10611,PROD_BEAU_003,2025-02-24 16:10:00,32.67,8.1,CA,credit_card,Amazon Marketplace,4
ORD-2025-10612,PROD_SPRT_002,2025-02-24 16:23:00,278.61,7.19,CA,gift_card,Affiliate Channel,5
ORD-2025-10613,PROD_SPRT_004,2025-02-24 08:51:00,78.8,7.85,NY,gift_card,Affiliate Channel,5
ORD-2025-10614,PROD_SPRT_001,2025-02-24 17:32:00,33.76,12.29,NY,debit_card,Affiliate Channel,5
ORD-2025-10615,PROD_BEAU_002,2025-02-24 20:58:00,52.37,6.44,FL,credit_card,Affiliate Channel,5
ORD-2025-10616,PROD_APP_003,2025-02-24 11:26:00,51.66,14.54,FL,gift_card,Amazon Marketplace,5
ORD-2025-10617,PROD_SPRT_003,2025-02-24 09:10:00,20.41,5.01,CA,digital_wallet,Affiliate Channel,4
ORD-2025-10618,PROD_APP_003,2025-02-24 15:07:00,44.2,14.25,NY,gift_card,Mobile App,4
ORD-2025-10619,PROD_HOME_003,2025-02-24 16:35:00,105.14,7.58,WA,digital_wallet,Amazon Marketplace,4
ORD-2025-10620,PROD_SPRT_003,2025-02-24 22:15:00,23.6,10.94,FL,credit_card,Affiliate Channel,5
ORD-2025-10621,PROD_HOME_002,2025-02-24 14:03:00,178.57,14.73,IL,digital_wallet,Direct Online Store,3
ORD-2025-10622,PROD_SPRT_002,2025-02-24 11:29:00,236.12,13.81,TX,credit_card,Mobile App,5
ORD-2025-10623,PROD_HOME_004,2025-02-24 10:39:00,46.68,5.81,GA,credit_card,Mobile App,2
ORD-2025-10624,PROD_ELEC_002,2025-02-24 15:01:00,292.94,6.54,WA,digital_wallet,Direct Online Store,5
ORD-2025-10625,PROD_BEAU_003,2025-02-24 17:13:00,31.55,14.58,NC,gift_card,Amazon Marketplace,5
ORD-2025-10626,PROD_SPRT_004,2025-02-24 17:24:00,83.94,10.98,NY,credit_card,Direct Online Store,5
ORD-2025-10627,PROD_ELEC_001,2025-02-24 22:50:00,182.85,13.97,TX,credit_card,Direct Online Store,5
ORD-2025-10628,PROD_ELEC_002,2025-02-24 18:58:00,281.13,8.67,WA,credit_card,Direct Online Store,5
ORD-2025-10629,PROD_HOME_001,2025-02-24 08:39:00,99.21,10.83,CA,debit_card,Amazon Marketplace,3
ORD-2025-10630,PROD_BEAU_003,2025-02-24 16:04:00,30.84,11.15,IL,debit_card,Direct Online Store,5
ORD-2025-10631,PROD_APP_004,2025-02-24 15:38:00,101.37,10.15,FL,digital_wallet,Direct Online Store,5
ORD-2025-10632,PROD_HOME_002,2025-02-24 13:32:00,163.58,13.1,IL,digital_wallet,Affiliate Channel,5
ORD-2025-10633,PROD_APP_003,2025-02-24 11:15:00,45.67,11.66,GA,debit_card,Amazon Marketplace,5
ORD-2025-10634,PROD_ELEC_002,2025-02-24 15:08:00,341.75,6.08,TX,credit_card,Mobile App,4
ORD-2025-10635,PROD_SPRT_003,2025-02-26 22:41:00,22.58,9.1,IL,debit_card,Affiliate Channel,4
ORD-2025-10636,PROD_HOME_003,2025-02-26 08:53:00,125.01,5.66,IL,gift_card,Amazon Marketplace,4
ORD-2025-10637,PROD_BEAU_002,2025-02-26 13:28:00,55.22,12.09,TX,digital_wallet,Affiliate Channel,4
ORD-2025-10638,PROD_SPRT_003,2025-02-26 10:16:00,24.07,13.69,NC,credit_card,Affiliate Channel,3
ORD-2025-10639,PROD_HOME_002,2025-02-26 17:31:00,156.39,7.4,IL,debit_card,Amazon Marketplace,5
ORD-2025-10640,PROD_ELEC_001,2025-02-26 13:21:00,171.54,13.0,CA,credit_card,Affiliate Channel,4
ORD-2025-10641,PROD_SPRT_001,2025-02-26 21:47:00,38.81,11.8,IL,gift_card,Amazon Marketplace,5
ORD-2025-10642,PROD_ELEC_002,2025-02-26 16:48:00,299.65,10.47,GA,credit_card,Mobile App,5
ORD-2025-10643,PROD_BEAU_001,2025-02-26 21:56:00,24.2,5.63,NC,gift_card,Amazon Marketplace,2
ORD-2025-10644,PROD_SPRT_003,2025-02-26 21:02:00,23.67,13.92,FL,digital_wallet,Affiliate Channel,5
ORD-2025-10645,PROD_SPRT_001,2025-02-26 11:25:00,38.22,13.22,CA,gift_card,Direct Online Store,2
ORD-2025-10646,PROD_APP_004,2025-02-26 08:32:00,98.4,14.4,IL,credit_card,Affiliate Channel,1
ORD-2025-10647,PROD_APP_002,2025-02-26 21:15:00,40.02,12.8,NC,digital_wallet,Amazon Marketplace,5
ORD-2025-10648,PROD_APP_002,2025-02-26 11:30:00,41.13,8.29,CA,credit_card,Amazon Marketplace,2
ORD-2025-10649,PROD_APP_004,2025-02-26 10:57:00,112.97,7.57,NC,debit_card,Amazon Marketplace,5
ORD-2025-10650,PROD_HOME_001,2025-02-26 09:04:00,89.14,10.49,TX,credit_card,Direct Online Store,2
ORD-2025-10651,PROD_ELEC_003,2025-02-26 10:07:00,126.16,14.44,GA,digital_wallet,Direct Online Store,5
ORD-2025-10652,PROD_SPRT_002,2025-02-26 12:50:00,273.15,11.68,NY,digital_wallet,Direct Online Store,5
ORD-2025-10653,PROD_HOME_004,2025-02-26 08:58:00,44.54,7.5,NY,credit_card,Amazon Marketplace,5
ORD-2025-10654,PROD_APP_001,2025-02-26 22:48:00,60.34,6.94,WA,credit_card,Mobile App,3
ORD-2025-10655,PROD_BEAU_001,2025-02-26 11:10:00,26.92,13.12,FL,gift_card,Direct Online Store,1
ORD-2025-10656,PROD_APP_003,2025-02-26 16:49:00,44.72,12.81,GA,gift_card,Mobile App,4
ORD-2025-10657,PROD_APP_002,2025-02-26 17:22:00,44.66,6.88,CA,digital_wallet,Mobile App,5
ORD-2025-10658,PROD_ELEC_001,2025-02-26 21:06:00,165.51,5.85,NY,debit_card,Affiliate Channel,5
ORD-2025-10659,PROD_SPRT_002,2025-02-26 08:50:00,260.91,11.25,WA,debit_card,Mobile App,5
ORD-2025-10660,PROD_HOME_001,2025-02-28 18:08:00,97.86,14.39,IL,gift_card,Amazon Marketplace,5
ORD-2025-10661,PROD_BEAU_001,2025-02-28 15:19:00,24.14,8.64,IL,gift_card,Direct Online Store,5
ORD-2025-10662,PROD_HOME_001,2025-02-28 22:33:00,85.76,13.7,NY,digital_wallet,Direct Online Store,5
ORD-2025-10663,PROD_APP_004,2025-02-28 17:13:00,112.35,6.24,NY,debit_card,Direct Online Store,5
ORD-2025-10664,PROD_SPRT_002,2025-02-28 19:35:00,228.87,5.8,IL,digital_wallet,Direct Online Store,3
ORD-2025-10665,PROD_ELEC_002,2025-02-28 13:17:00,288.53,5.93,CA,debit_card,Direct Online Store,5
ORD-2025-10666,PROD_SPRT_003,2025-02-28 20:23:00,20.53,5.43,NC,credit_card,Mobile App,5
ORD-2025-10667,PROD_SPRT_002,2025-02-28 10:41:00,266.13,8.34,NY,credit_card,Affiliate Channel,5
ORD-2025-10668,PROD_ELEC_005,2025-02-28 16:15:00,40.42,13.64,NC,credit_card,Mobile App,5
ORD-2025-10669,PROD_APP_002,2025-02-28 17:42:00,42.85,9.3,NC,debit_card,Mobile App,5
ORD-2025-10670,PROD_HOME_004,2025-02-28 12:15:00,45.88,10.78,NY,gift_card,Mobile App,4
ORD-2025-10671,PROD_BEAU_003,2025-02-28 19:16:00,34.19,10.91,TX,debit_card,Direct Online Store,2
ORD-2025-10672,PROD_APP_003,2025-02-28 19:02:00,54.55,14.98,NY,gift_card,Amazon Marketplace,2
ORD-2025-10673,PROD_APP_004,2025-02-28 19:07:00,106.2,11.52,CA,gift_card,Direct Online Store,5
ORD-2025-10674,PROD_BEAU_002,2025-02-28 21:23:00,51.3,12.86,WA,gift_card,Affiliate Channel,4
ORD-2025-10675,PROD_APP_004,2025-02-28 11:24:00,115.15,11.35,WA,debit_card,Amazon Marketplace,5
ORD-2025-10676,PROD_APP_004,2025-02-28 10:03:00,113.94,9.33,CA,gift_card,Mobile App,5
ORD-2025-10677,PROD_ELEC_004,2025-02-28 14:49:00,38.86,7.79,CA,gift_card,Direct Online Store,5
ORD-2025-10678,PROD_HOME_003,2025-02-28 21:17:00,124.16,7.01,GA,gift_card,Mobile App,5
ORD-2025-10679,PROD_APP_003,2025-02-28 18:31:00,53.52,12.81,NC,debit_card,Amazon Marketplace,5
ORD-2025-10680,PROD_HOME_003,2025-02-28 18:33:00,112.05,7.72,IL,gift_card,Direct Online Store,5
ORD-2025-10681,PROD_ELEC_004,2025-02-28 20:42:00,37.73,13.1,TX,gift_card,Direct Online Store,5
ORD-2025-10682,PROD_ELEC_001,2025-02-28 17:21:00,172.41,10.54,CA,gift_card,Amazon Marketplace,5
ORD-2025-10683,PROD_HOME_001,2025-02-28 12:37:00,91.49,11.96,FL,gift_card,Mobile App,5
ORD-2025-10684,PROD_BEAU_003,2025-02-28 21:21:00,28.76,8.25,WA,gift_card,Amazon Marketplace,5
ORD-2025-10685,PROD_BEAU_003,2025-02-28 09:06:00,28.29,5.16,TX,debit_card,Affiliate Channel,3
ORD-2025-10686,PROD_APP_002,2025-02-28 09:43:00,40.18,12.39,GA,debit_card,Amazon Marketplace,4
ORD-2025-10687,PROD_APP_002,2025-02-28 17:26:00,44.66,5.12,NY,digital_wallet,Affiliate Channel,3
ORD-2025-10688,PROD_HOME_002,2025-03-02 12:50:00,166.74,5.94,FL,credit_card,Affiliate Channel,4
ORD-2025-10689,PROD_SPRT_002,2025-03-02 22:53:00,237.58,12.29,GA,debit_card,Affiliate Channel,3
ORD-2025-10690,PROD_ELEC_004,2025-03-02 12:00:00,35.33,14.25,NC,digital_wallet,Mobile App,4
ORD-2025-10691,PROD_SPRT_002,2025-03-02 18:36:00,278.48,5.98,CA,digital_wallet,Amazon Marketplace,5
ORD-2025-10692,PROD_APP_001,2025-03-02 21:13:00,69.36,6.79,FL,debit_card,Mobile App,5
ORD-2025-10693,PROD_BEAU_002,2025-03-02 22:46:00,58.38,6.18,FL,digital_wallet,Mobile App,3
ORD-2025-10694,PROD_BEAU_001,2025-03-02 15:24:00,29.61,14.01,CA,debit_card,Mobile App,5
ORD-2025-10695,PROD_APP_001,2025-03-02 20:10:00,57.49,6.09,FL,credit_card,Amazon Marketplace,5
ORD-2025-10696,PROD_BEAU_001,2025-03-02 16:45:00,25.12,7.66,WA,gift_card,Amazon Marketplace,3
ORD-2025-10697,PROD_SPRT_004,2025-03-02 14:11:00,79.78,14.54,GA,digital_wallet,Mobile App,5
ORD-2025-10698,PROD_APP_002,2025-03-02 11:25:00,37.81,13.36,IL,gift_card,Affiliate Channel,2
ORD-2025-10699,PROD_SPRT_003,2025-03-02 11:47:00,21.52,14.01,NY,gift_card,Affiliate Channel,3
ORD-2025-10700,PROD_SPRT_003,2025-03-02 10:34:00,20.91,5.53,FL,debit_card,Amazon Marketplace,3
ORD-2025-10701,PROD_SPRT_001,2025-03-02 16:35:00,35.64,5.74,NY,digital_wallet,Direct Online Store,5
ORD-2025-10702,PROD_HOME_002,2025-03-02 15:54:00,158.52,5.44,FL,debit_card,Amazon Marketplace,4
ORD-2025-10703,PROD_ELEC_003,2025-03-02 19:40:00,131.25,5.71,NY,digital_wallet,Affiliate Channel,5
ORD-2025-10704,PROD_APP_004,2025-03-02 08:49:00,111.89,5.33,CA,credit_card,Direct Online Store,5
ORD-2025-10705,PROD_SPRT_003,2025-03-04 20:06:00,21.55,9.81,GA,digital_wallet,Direct Online Store,4
ORD-2025-10706,PROD_SPRT_004,2025-03-04 14:43:00,87.29,8.53,NY,digital_wallet,Mobile App,5
ORD-2025-10707,PROD_ELEC_003,2025-03-04 16:30:00,145.55,11.68,IL,gift_card,Direct Online Store,5
ORD-2025-10708,PROD_HOME_001,2025-03-04 15:02:00,84.23,8.14,NC,gift_card,Direct Online Store,5
ORD-2025-10709,PROD_ELEC_002,2025-03-04 13:40:00,331.7,7.46,WA,credit_card,Mobile App,4
ORD-2025-10710,PROD_APP_004,2025-03-04 11:26:00,110.27,10.63,TX,digital_wallet,Amazon Marketplace,1
ORD-2025-10711,PROD_HOME_003,2025-03-04 20:36:00,120.47,13.22,NC,credit_card,Direct Online Store,4
ORD-2025-10712,PROD_ELEC_002,2025-03-04 17:35:00,333.16,11.02,GA,digital_wallet,Direct Online Store,4
ORD-2025-10713,PROD_SPRT_001,2025-03-04 08:59:00,39.47,7.68,NY,gift_card,Mobile App,3
ORD-2025-10714,PROD_ELEC_004,2025-03-04 12:40:00,32.67,12.39,IL,debit_card,Affiliate Channel,5
ORD-2025-10715,PROD_APP_003,2025-03-04 16:41:00,50.83,12.64,NY,gift_card,Mobile App,5
ORD-2025-10716,PROD_ELEC_003,2025-03-04 19:10:00,137.99,11.78,IL,gift_card,Mobile App,5
ORD-2025-10717,PROD_APP_003,2025-03-04 19:46:00,46.67,6.31,NC,debit_card,Direct Online Store,5
ORD-2025-10718,PROD_APP_004,2025-03-04 12:40:00,99.03,13.22,NC,debit_card,Mobile App,2
ORD-2025-10719,PROD_HOME_003,2025-03-04 14:50:00,107.47,5.42,FL,digital_wallet,Mobile App,5
ORD-2025-10720,PROD_APP_001,2025-03-04 08:42:00,56.56,14.11,NY,gift_card,Affiliate Channel,5
ORD-2025-10721,PROD_APP_004,2025-03-04 16:32:00,107.68,14.6,CA,debit_card,Direct Online Store,5
ORD-2025-10722,PROD_SPRT_002,2025-03-04 12:21:00,250.94,13.3,TX,gift_card,Direct Online Store,4
ORD-2025-10723,PROD_HOME_002,2025-03-04 21:18:00,163.89,5.58,FL,debit_card,Amazon Marketplace,5
ORD-2025-10724,PROD_HOME_003,2025-03-04 22:45:00,116.31,10.87,NY,gift_card,Amazon Marketplace,4
ORD-2025-10725,PROD_ELEC_003,2025-03-06 19:56:00,132.0,10.26,NY,credit_card,Amazon Marketplace,5
ORD-2025-10726,PROD_ELEC_003,2025-03-06 14:41:00,144.05,7.17,WA,debit_card,Direct Online Store,3
ORD-2025-10727,PROD_ELEC_002,2025-03-06 17:48:00,283.06,14.18,GA,digital_wallet,Affiliate Channel,5
ORD-2025-10728,PROD_SPRT_001,2025-03-06 16:57:00,33.76,12.2,CA,credit_card,Amazon Marketplace,5
ORD-2025-10729,PROD_ELEC_001,2025-03-06 20:26:00,198.81,6.07,NY,debit_card,Direct Online Store,5
ORD-2025-10730,PROD_HOME_004,2025-03-06 19:18:00,43.62,9.97,NY,gift_card,Direct Online Store,3
ORD-2025-10731,PROD_APP_002,2025-03-06 22:03:00,39.5,8.46,NY,digital_wallet,Direct Online Store,4
ORD-2025-10732,PROD_SPRT_001,2025-03-06 12:14:00,35.39,6.09,FL,gift_card,Affiliate Channel,5
ORD-2025-10733,PROD_ELEC_001,2025-03-06 10:52:00,169.73,9.07,TX,debit_card,Amazon Marketplace,5
ORD-2025-10734,PROD_BEAU_002,2025-03-06 12:59:00,55.94,5.77,CA,digital_wallet,Amazon Marketplace,5
ORD-2025-10735,PROD_BEAU_001,2025-03-06 08:49:00,29.73,8.67,WA,debit_card,Affiliate Channel,2
ORD-2025-10736,PROD_BEAU_001,2025-03-06 19:06:00,25.25,5.46,NY,debit_card,Affiliate Channel,4
ORD-2025-10737,PROD_ELEC_001,2025-03-06 08:33:00,162.24,13.75,FL,digital_wallet,Affiliate Channel,5
ORD-2025-10738,PROD_SPRT_004,2025-03-06 10:43:00,74.31,5.27,GA,credit_card,Mobile App,2
ORD-2025-10739,PROD_APP_002,2025-03-06 22:21:00,43.41,7.19,WA,credit_card,Affiliate Channel,5
ORD-2025-10740,PROD_APP_001,2025-03-06 15:27:00,68.47,11.26,TX,debit_card,Mobile App,5
ORD-2025-10741,PROD_ELEC_002,2025-03-06 20:33:00,328.71,10.55,GA,debit_card,Mobile App,5
ORD-2025-10742,PROD_BEAU_003,2025-03-06 16:08:00,28.6,12.37,NC,credit_card,Amazon Marketplace,5
ORD-2025-10743,PROD_SPRT_004,2025-03-08 15:44:00,89.03,11.67,CA,credit_card,Mobile App,1
ORD-2025-10744,PROD_SPRT_003,2025-03-08 10:59:00,20.98,7.86,CA,gift_card,Mobile App,5
ORD-2025-10745,PROD_APP_001,2025-03-08 18:26:00,61.62,10.73,NC,digital_wallet,Affiliate Channel,5
ORD-2025-10746,PROD_SPRT_001,2025-03-08 14:40:00,35.71,8.66,FL,debit_card,Mobile App,5
ORD-2025-10747,PROD_HOME_001,2025-03-08 17:50:00,89.98,8.1,FL,debit_card,Amazon Marketplace,5
ORD-2025-10748,PROD_APP_003,2025-03-08 14:36:00,53.44,14.69,CA,gift_card,Direct Online Store,1
ORD-2025-10749,PROD_BEAU_003,2025-03-08 14:57:00,30.51,9.57,CA,gift_card,Amazon Marketplace,4
ORD-2025-10750,PROD_HOME_001,2025-03-08 17:14:00,80.1,7.28,WA,digital_wallet,Amazon Marketplace,3
ORD-2025-10751,PROD_SPRT_001,2025-03-08 21:52:00,32.82,12.57,IL,credit_card,Mobile App,2
ORD-2025-10752,PROD_ELEC_004,2025-03-08 14:21:00,32.77,10.66,CA,debit_card,Affiliate Channel,5
ORD-2025-10753,PROD_HOME_003,2025-03-08 09:50:00,126.18,11.61,NC,gift_card,Mobile App,5
ORD-2025-10754,PROD_ELEC_003,2025-03-08 20:27:00,143.49,10.62,NY,debit_card,Amazon Marketplace,4
ORD-2025-10755,PROD_HOME_002,2025-03-08 12:53:00,152.73,12.5,FL,digital_wallet,Affiliate Channel,5
ORD-2025-10756,PROD_APP_003,2025-03-08 12:40:00,46.49,13.5,CA,credit_card,Amazon Marketplace,5
ORD-2025-10757,PROD_APP_003,2025-03-08 17:25:00,47.65,10.14,NC,credit_card,Direct Online Store,5
ORD-2025-10758,PROD_HOME_004,2025-03-08 21:39:00,49.24,11.68,WA,credit_card,Direct Online Store,2
ORD-2025-10759,PROD_HOME_004,2025-03-08 12:40:00,43.87,7.79,NY,digital_wallet,Direct Online Store,5
ORD-2025-10760,PROD_APP_001,2025-03-08 15:41:00,62.69,13.72,NC,debit_card,Direct Online Store,4
ORD-2025-10761,PROD_APP_003,2025-03-08 15:28:00,52.02,13.96,IL,gift_card,Amazon Marketplace,5
ORD-2025-10762,PROD_BEAU_002,2025-03-08 14:42:00,51.28,12.63,TX,debit_card,Mobile App,5
ORD-2025-10763,PROD_ELEC_003,2025-03-08 15:59:00,135.23,11.25,NC,credit_card,Amazon Marketplace,5
ORD-2025-10764,PROD_SPRT_004,2025-03-08 22:33:00,75.99,5.23,IL,credit_card,Amazon Marketplace,5
ORD-2025-10765,PROD_BEAU_002,2025-03-08 13:22:00,48.74,14.54,TX,debit_card,Mobile App,3
ORD-2025-10766,PROD_HOME_004,2025-03-08 08:13:00,44.54,5.79,TX,credit_card,Direct Online Store,4
ORD-2025-10767,PROD_ELEC_001,2025-03-08 21:32:00,191.24,9.22,WA,debit_card,Affiliate Channel,5
ORD-2025-10768,PROD_SPRT_003,2025-03-08 15:04:00,23.11,6.9,IL,digital_wallet,Mobile App,5
ORD-2025-10769,PROD_SPRT_003,2025-03-10 16:02:00,24.29,8.96,NY,gift_card,Mobile App,5
ORD-2025-10770,PROD_ELEC_002,2025-03-10 09:25:00,335.65,7.5,GA,credit_card,Amazon Marketplace,3
ORD-2025-10771,PROD_BEAU_003,2025-03-10 08:53:00,33.8,6.87,TX,credit_card,Affiliate Channel,3
ORD-2025-10772,PROD_SPRT_003,2025-03-10 12:33:00,24.08,11.28,NC,debit_card,Mobile App,4
ORD-2025-10773,PROD_BEAU_003,2025-03-10 20:27:00,30.18,9.38,FL,debit_card,Direct Online Store,3
ORD-2025-10774,PROD_APP_001,2025-03-10 13:14:00,56.05,9.08,GA,credit_card,Affiliate Channel,4
ORD-2025-10775,PROD_SPRT_003,2025-03-10 22:07:00,21.81,9.03,GA,gift_card,Direct Online Store,5
ORD-2025-10776,PROD_BEAU_003,2025-03-10 10:55:00,32.16,12.8,CA,digital_wallet,Direct Online Store,5
ORD-2025-10777,PROD_ELEC_005,2025-03-10 18:22:00,41.58,6.8,WA,debit_card,Direct Online Store,1
ORD-2025-10778,PROD_HOME_003,2025-03-10 22:06:00,121.28,14.89,IL,gift_card,Amazon Marketplace,4
ORD-2025-10779,PROD_SPRT_001,2025-03-10 17:08:00,32.5,5.73,WA,gift_card,Affiliate Channel,4
ORD-2025-10780,PROD_ELEC_002,2025-03-10 11:27:00,312.59,11.82,IL,credit_card,Amazon Marketplace,5
ORD-2025-10781,PROD_ELEC_002,2025-03-10 19:46:00,294.1,14.51,FL,gift_card,Mobile App,5
ORD-2025-10782,PROD_HOME_001,2025-03-10 21:47:00,94.03,11.06,NY,credit_card,Mobile App,5
ORD-2025-10783,PROD_SPRT_002,2025-03-10 08:44:00,226.1,12.51,GA,credit_card,Mobile App,2
ORD-2025-10784,PROD_APP_003,2025-03-10 11:34:00,50.57,8.9,TX,credit_card,Affiliate Channel,5
ORD-2025-10785,PROD_ELEC_003,2025-03-10 15:31:00,148.09,11.28,GA,gift_card,Amazon Marketplace,3
ORD-2025-10786,PROD_SPRT_003,2025-03-10 10:53:00,22.46,12.19,TX,digital_wallet,Amazon Marketplace,5
ORD-2025-10787,PROD_ELEC_002,2025-03-10 08:25:00,312.74,11.82,TX,debit_card,Mobile App,5
ORD-2025-10788,PROD_APP_004,2025-03-10 20:24:00,104.07,13.68,NC,digital_wallet,Affiliate Channel,5
ORD-2025-10789,PROD_ELEC_004,2025-03-12 19:21:00,32.79,6.76,WA,digital_wallet,Mobile App,5
ORD-2025-10790,PROD_SPRT_001,2025-03-12 13:52:00,35.24,6.96,IL,debit_card,Amazon Marketplace,4
ORD-2025-10791,PROD_ELEC_005,2025-03-12 20:25:00,42.6,13.47,FL,debit_card,Direct Online Store,5
ORD-2025-10792,PROD_APP_001,2025-03-12 10:34:00,60.41,14.16,WA,gift_card,Amazon Marketplace,3
ORD-2025-10793,PROD_HOME_002,2025-03-12 17:14:00,153.18,6.72,FL,digital_wallet,Mobile App,5
ORD-2025-10794,PROD_SPRT_001,2025-03-12 08:41:00,34.31,8.69,GA,digital_wallet,Affiliate Channel,2
ORD-2025-10795,PROD_SPRT_002,2025-03-12 20:43:00,245.84,12.56,IL,digital_wallet,Amazon Marketplace,5
ORD-2025-10796,PROD_HOME_001,2025-03-12 16:52:00,97.59,11.75,NY,credit_card,Affiliate Channel,5
ORD-2025-10797,PROD_APP_001,2025-03-12 17:15:00,62.69,12.05,IL,credit_card,Direct Online Store,3
ORD-2025-10798,PROD_APP_002,2025-03-12 09:20:00,44.2,7.94,WA,debit_card,Direct Online Store,5
ORD-2025-10799,PROD_APP_001,2025-03-12 15:46:00,57.59,13.18,NY,debit_card,Affiliate Channel,5
ORD-2025-10800,PROD_HOME_002,2025-03-12 21:09:00,153.52,7.66,NY,digital_wallet,Direct Online Store,5
ORD-2025-10801,PROD_HOME_003,2025-03-12 09:44:00,120.03,10.29,GA,credit_card,Amazon Marketplace,4
ORD-2025-10802,PROD_ELEC_001,2025-03-12 16:35:00,194.8,13.45,WA,gift_card,Amazon Marketplace,3
ORD-2025-10803,PROD_HOME_002,2025-03-12 14:03:00,155.3,12.76,WA,gift_card,Affiliate Channel,5
ORD-2025-10804,PROD_HOME_001,2025-03-14 16:21:00,97.23,12.06,IL,digital_wallet,Affiliate Channel,2
ORD-2025-10805,PROD_HOME_002,2025-03-14 16:08:00,158.01,7.88,IL,credit_card,Direct Online Store,4
ORD-2025-10806,PROD_BEAU_001,2025-03-14 08:56:00,29.84,14.33,CA,credit_card,Amazon Marketplace,4
ORD-2025-10807,PROD_HOME_003,2025-03-14 09:15:00,114.75,13.78,TX,credit_card,Mobile App,3
ORD-2025-10808,PROD_ELEC_003,2025-03-14 16:13:00,140.27,9.81,NC,debit_card,Direct Online Store,5
ORD-2025-10809,PROD_HOME_001,2025-03-14 17:39:00,89.5,8.83,GA,debit_card,Affiliate Channel,2
ORD-2025-10810,PROD_APP_003,2025-03-14 19:18:00,45.1,12.89,NC,debit_card,Direct Online Store,5
ORD-2025-10811,PROD_SPRT_001,2025-03-14 12:13:00,34.36,14.19,NY,debit_card,Amazon Marketplace,4
ORD-2025-10812,PROD_ELEC_004,2025-03-14 11:38:00,38.47,5.63,TX,credit_card,Mobile App,4
ORD-2025-10813,PROD_ELEC_002,2025-03-14 11:26:00,349.42,5.9,IL,gift_card,Amazon Marketplace,5
ORD-2025-10814,PROD_SPRT_002,2025-03-14 15:25:00,278.63,6.65,NY,gift_card,Amazon Marketplace,4
ORD-2025-10815,PROD_HOME_003,2025-03-14 13:35:00,121.65,12.47,IL,gift_card,Amazon Marketplace,5
ORD-2025-10816,PROD_SPRT_003,2025-03-14 16:52:00,23.36,11.19,GA,gift_card,Amazon Marketplace,4
ORD-2025-10817,PROD_HOME_004,2025-03-14 09:41:00,41.3,12.18,GA,debit_card,Direct Online Store,5
ORD-2025-10818,PROD_APP_002,2025-03-14 22:36:00,37.91,12.28,TX,credit_card,Mobile App,5
ORD-2025-10819,PROD_ELEC_005,2025-03-14 19:26:00,44.32,11.15,TX,credit_card,Affiliate Channel,4
ORD-2025-10820,PROD_SPRT_003,2025-03-14 10:15:00,23.47,10.53,TX,digital_wallet,Mobile App,4
ORD-2025-10821,PROD_APP_003,2025-03-14 13:35:00,45.58,10.4,IL,digital_wallet,Affiliate Channel,5
ORD-2025-10822,PROD_BEAU_002,2025-03-14 20:25:00,49.4,7.19,IL,debit_card,Direct Online Store,5
ORD-2025-10823,PROD_APP_004,2025-03-14 15:39:00,106.13,14.53,NY,debit_card,Affiliate Channel,4
ORD-2025-10824,PROD_SPRT_003,2025-03-14 09:10:00,24.06,6.74,CA,digital_wallet,Amazon Marketplace,4
ORD-2025-10825,PROD_SPRT_004,2025-03-14 09:13:00,80.51,9.98,GA,digital_wallet,Amazon Marketplace,5
ORD-2025-10826,PROD_SPRT_002,2025-03-14 08:51:00,250.93,6.31,NY,debit_card,Mobile App,5
ORD-2025-10827,PROD_SPRT_002,2025-03-16 20:35:00,277.88,5.44,GA,gift_card,Affiliate Channel,5
ORD-2025-10828,PROD_APP_002,2025-03-16 18:32:00,38.49,13.79,WA,debit_card,Amazon Marketplace,4
ORD-2025-10829,PROD_HOME_004,2025-03-16 20:52:00,42.0,14.23,CA,debit_card,Direct Online Store,5
ORD-2025-10830,PROD_HOME_001,2025-03-16 17:54:00,92.23,5.82,WA,credit_card,Affiliate Channel,5
ORD-2025-10831,PROD_APP_001,2025-03-16 22:55:00,57.78,10.71,NY,credit_card,Amazon Marketplace,4
ORD-2025-10832,PROD_APP_001,2025-03-16 13:42:00,59.77,10.87,CA,credit_card,Mobile App,5
ORD-2025-10833,PROD_APP_004,2025-03-16 17:52:00,102.35,6.93,FL,credit_card,Affiliate Channel,1
ORD-2025-10834,PROD_ELEC_003,2025-03-16 09:09:00,132.19,5.93,NC,credit_card,Amazon Marketplace,4
ORD-2025-10835,PROD_ELEC_004,2025-03-16 19:29:00,39.05,11.87,NC,gift_card,Amazon Marketplace,5
ORD-2025-10836,PROD_SPRT_004,2025-03-16 14:25:00,77.87,6.16,NY,debit_card,Amazon Marketplace,5
ORD-2025-10837,PROD_SPRT_004,2025-03-16 18:47:00,81.95,12.23,GA,debit_card,Amazon Marketplace,2
ORD-2025-10838,PROD_APP_002,2025-03-16 13:13:00,39.84,9.31,CA,debit_card,Affiliate Channel,4
ORD-2025-10839,PROD_HOME_001,2025-03-16 12:11:00,97.92,12.64,NY,credit_card,Mobile App,5
ORD-2025-10840,PROD_SPRT_002,2025-03-16 13:55:00,244.97,6.41,CA,digital_wallet,Amazon Marketplace,5
ORD-2025-10841,PROD_HOME_001,2025-03-16 11:44:00,99.65,13.23,WA,digital_wallet,Affiliate Channel,3
ORD-2025-10842,PROD_ELEC_003,2025-03-16 22:13:00,127.91,5.01,WA,debit_card,Affiliate Channel,3
ORD-2025-10843,PROD_APP_003,2025-03-18 14:59:00,53.69,7.75,WA,digital_wallet,Mobile App,5
ORD-2025-10844,PROD_ELEC_005,2025-03-18 22:47:00,49.72,14.42,TX,credit_card,Amazon Marketplace,1
ORD-2025-10845,PROD_ELEC_002,2025-03-18 11:35:00,324.66,6.62,GA,digital_wallet,Direct Online Store,5
ORD-2025-10846,PROD_SPRT_004,2025-03-18 14:27:00,77.05,14.64,CA,gift_card,Amazon Marketplace,5
ORD-2025-10847,PROD_HOME_001,2025-03-18 13:16:00,81.09,6.07,TX,credit_card,Amazon Marketplace,4
ORD-2025-10848,PROD_HOME_001,2025-03-18 13:58:00,98.82,5.17,NC,gift_card,Affiliate Channel,5
ORD-2025-10849,PROD_HOME_001,2025-03-18 20:22:00,92.57,10.9,WA,digital_wallet,Affiliate Channel,3
ORD-2025-10850,PROD_APP_003,2025-03-18 20:16:00,45.73,6.37,GA,gift_card,Direct Online Store,5
ORD-2025-10851,PROD_SPRT_002,2025-03-18 09:02:00,273.35,12.84,FL,credit_card,Affiliate Channel,5
ORD-2025-10852,PROD_ELEC_004,2025-03-18 15:10:00,37.78,14.43,NC,credit_card,Direct Online Store,5
ORD-2025-10853,PROD_HOME_003,2025-03-18 19:06:00,126.14,5.3,WA,credit_card,Affiliate Channel,5
ORD-2025-10854,PROD_SPRT_001,2025-03-18 15:45:00,36.37,7.47,FL,digital_wallet,Direct Online Store,2
ORD-2025-10855,PROD_HOME_001,2025-03-18 12:12:00,89.38,7.76,NC,debit_card,Direct Online Store,4
ORD-2025-10856,PROD_ELEC_001,2025-03-18 21:33:00,182.59,8.49,WA,gift_card,Affiliate Channel,4
ORD-2025-10857,PROD_SPRT_004,2025-03-18 08:21:00,89.46,6.2,FL,debit_card,Affiliate Channel,5
ORD-2025-10858,PROD_BEAU_002,2025-03-18 14:52:00,49.93,13.9,TX,credit_card,Mobile App,5
ORD-2025-10859,PROD_SPRT_001,2025-03-18 08:02:00,38.88,13.54,CA,digital_wallet,Affiliate Channel,5
ORD-2025-10860,PROD_ELEC_004,2025-03-18 20:04:00,37.35,10.89,NY,credit_card,Affiliate Channel,5
ORD-2025-10861,PROD_ELEC_004,2025-03-20 12:37:00,39.69,12.49,FL,credit_card,Mobile App,5
ORD-2025-10862,PROD_HOME_002,2025-03-20 20:11:00,152.09,5.66,CA,digital_wallet,Direct Online Store,4
ORD-2025-10863,PROD_HOME_001,2025-03-20 22:25:00,88.03,9.97,GA,debit_card,Direct Online Store,5
ORD-2025-10864,PROD_SPRT_003,2025-03-20 17:35:00,24.39,9.15,IL,credit_card,Affiliate Channel,3
ORD-2025-10865,PROD_ELEC_004,2025-03-20 15:30:00,36.11,14.53,IL,debit_card,Amazon Marketplace,3
ORD-2025-10866,PROD_HOME_002,2025-03-20 16:42:00,181.97,11.89,IL,credit_card,Affiliate Channel,4
ORD-2025-10867,PROD_ELEC_003,2025-03-20 14:54:00,122.66,6.65,TX,credit_card,Amazon Marketplace,5
ORD-2025-10868,PROD_SPRT_001,2025-03-20 09:05:00,32.76,13.44,NC,credit_card,Amazon Marketplace,4
ORD-2025-10869,PROD_ELEC_001,2025-03-20 21:59:00,173.57,7.59,NY,debit_card,Mobile App,4
ORD-2025-10870,PROD_SPRT_004,2025-03-20 20:37:00,79.27,13.85,GA,debit_card,Direct Online Store,5
ORD-2025-10871,PROD_BEAU_002,2025-03-20 18:37:00,51.22,10.38,IL,credit_card,Direct Online Store,1
ORD-2025-10872,PROD_HOME_004,2025-03-20 20:07:00,46.95,6.38,GA,digital_wallet,Amazon Marketplace,5
ORD-2025-10873,PROD_BEAU_002,2025-03-20 16:11:00,55.51,14.33,CA,credit_card,Mobile App,5
ORD-2025-10874,PROD_BEAU_001,2025-03-20 21:11:00,27.15,5.94,FL,gift_card,Direct Online Store,5
ORD-2025-10875,PROD_HOME_004,2025-03-20 10:32:00,43.51,5.84,GA,digital_wallet,Amazon Marketplace,5
ORD-2025-10876,PROD_BEAU_001,2025-03-20 20:25:00,26.96,9.63,GA,credit_card,Mobile App,5
ORD-2025-10877,PROD_HOME_003,2025-03-20 09:50:00,126.92,14.05,NC,credit_card,Mobile App,5
ORD-2025-10878,PROD_BEAU_003,2025-03-20 12:43:00,30.49,6.77,FL,digital_wallet,Affiliate Channel,5
ORD-2025-10879,PROD_BEAU_002,2025-03-20 18:25:00,49.68,11.59,TX,digital_wallet,Direct Online Store,3
ORD-2025-10880,PROD_BEAU_001,2025-03-20 14:34:00,28.29,11.1,FL,digital_wallet,Affiliate Channel,5
ORD-2025-10881,PROD_BEAU_002,2025-03-20 10:35:00,58.17,9.44,WA,credit_card,Affiliate Channel,5
ORD-2025-10882,PROD_HOME_003,2025-03-20 12:34:00,123.67,11.3,TX,credit_card,Amazon Marketplace,5
ORD-2025-10883,PROD_HOME_004,2025-03-20 22:27:00,44.97,11.14,TX,digital_wallet,Affiliate Channel,5
ORD-2025-10884,PROD_SPRT_001,2025-03-20 17:53:00,35.39,9.25,NY,credit_card,Mobile App,5
ORD-2025-10885,PROD_ELEC_004,2025-03-20 13:42:00,33.94,12.25,TX,debit_card,Affiliate Channel,5
ORD-2025-10886,PROD_APP_002,2025-03-20 10:15:00,41.32,5.0,CA,digital_wallet,Mobile App,5
ORD-2025-10887,PROD_ELEC_004,2025-03-20 22:10:00,33.75,12.0,WA,digital_wallet,Mobile App,5
ORD-2025-10888,PROD_APP_004,2025-03-20 08:55:00,117.65,8.18,FL,digital_wallet,Mobile App,5
ORD-2025-10889,PROD_SPRT_003,2025-03-20 19:30:00,20.77,9.7,NY,debit_card,Mobile App,5
ORD-2025-10890,PROD_SPRT_002,2025-03-22 19:00:00,249.38,14.56,NC,gift_card,Amazon Marketplace,5
ORD-2025-10891,PROD_ELEC_003,2025-03-22 09:50:00,137.58,13.48,FL,digital_wallet,Amazon Marketplace,3
ORD-2025-10892,PROD_HOME_004,2025-03-22 16:39:00,44.53,11.16,FL,gift_card,Affiliate Channel,5
ORD-2025-10893,PROD_SPRT_001,2025-03-22 09:20:00,37.49,13.93,WA,digital_wallet,Mobile App,4
ORD-2025-10894,PROD_ELEC_002,2025-03-22 18:11:00,307.03,12.22,CA,gift_card,Mobile App,5
ORD-2025-10895,PROD_HOME_004,2025-03-22 15:05:00,49.55,6.13,NC,credit_card,Amazon Marketplace,3
ORD-2025-10896,PROD_SPRT_002,2025-03-22 14:20:00,248.9,8.95,FL,gift_card,Amazon Marketplace,5
ORD-2025-10897,PROD_SPRT_003,2025-03-22 15:00:00,23.13,5.56,CA,credit_card,Mobile App,4
ORD-2025-10898,PROD_HOME_001,2025-03-22 12:58:00,88.38,6.79,NC,gift_card,Mobile App,4
ORD-2025-10899,PROD_SPRT_002,2025-03-22 13:50:00,255.84,9.1,NC,digital_wallet,Amazon Marketplace,5
ORD-2025-10900,PROD_HOME_001,2025-03-22 15:21:00,82.69,9.9,CA,gift_card,Mobile App,4
ORD-2025-10901,PROD_APP_003,2025-03-22 14:08:00,49.42,11.09,FL,digital_wallet,Mobile App,4
ORD-2025-10902,PROD_HOME_004,2025-03-22 14:21:00,41.45,6.84,IL,credit_card,Direct Online Store,5
ORD-2025-10903,PROD_HOME_002,2025-03-22 08:44:00,176.8,14.25,NC,debit_card,Amazon Marketplace,5
ORD-2025-10904,PROD_ELEC_005,2025-03-22 14:56:00,40.36,12.98,GA,gift_card,Mobile App,5
ORD-2025-10905,PROD_HOME_002,2025-03-22 10:17:00,175.17,6.04,NY,credit_card,Mobile App,3
ORD-2025-10906,PROD_SPRT_001,2025-03-22 18:24:00,37.98,12.97,CA,credit_card,Direct Online Store,5
ORD-2025-10907,PROD_SPRT_003,2025-03-22 16:08:00,23.01,12.11,FL,credit_card,Amazon Marketplace,5
ORD-2025-10908,PROD_HOME_003,2025-03-22 20:17:00,109.57,5.14,GA,debit_card,Affiliate Channel,4
ORD-2025-10909,PROD_APP_001,2025-03-22 09:58:00,64.04,6.47,TX,credit_card,Amazon Marketplace,5
ORD-2025-10910,PROD_APP_003,2025-03-22 14:22:00,45.26,8.42,NC,credit_card,Affiliate Channel,5
ORD-2025-10911,PROD_APP_001,2025-03-22 12:08:00,66.28,10.14,NY,debit_card,Mobile App,3
ORD-2025-10912,PROD_HOME_003,2025-03-22 08:43:00,104.51,7.68,NC,digital_wallet,Mobile App,4
ORD-2025-10913,PROD_HOME_001,2025-03-22 11:54:00,93.22,6.46,NY,credit_card,Amazon Marketplace,2
ORD-2025-10914,PROD_ELEC_005,2025-03-22 16:39:00,40.14,7.85,GA,credit_card,Affiliate Channel,5
ORD-2025-10915,PROD_HOME_004,2025-03-22 18:43:00,47.56,7.93,TX,gift_card,Amazon Marketplace,5
ORD-2025-10916,PROD_SPRT_002,2025-03-22 22:30:00,241.63,13.2,WA,credit_card,Direct Online Store,4
ORD-2025-10917,PROD_ELEC_003,2025-03-22 08:16:00,138.38,7.47,WA,debit_card,Direct Online Store,5
ORD-2025-10918,PROD_APP_003,2025-03-22 12:39:00,48.99,13.3,FL,digital_wallet,Amazon Marketplace,3
ORD-2025-10919,PROD_ELEC_001,2025-03-22 18:47:00,163.16,12.0,NY,credit_card,Affiliate Channel,5
ORD-2025-10920,PROD_SPRT_001,2025-03-22 13:11:00,32.75,13.43,IL,digital_wallet,Mobile App,3
ORD-2025-10921,PROD_HOME_003,2025-03-22 11:52:00,118.88,13.26,WA,credit_card,Affiliate Channel,4
ORD-2025-10922,PROD_APP_002,2025-03-22 18:43:00,37.93,6.07,WA,debit_card,Direct Online Store,5
ORD-2025-10923,PROD_SPRT_001,2025-03-24 14:51:00,37.95,10.39,NC,debit_card,Direct Online Store,5
ORD-2025-10924,PROD_HOME_002,2025-03-24 09:17:00,163.27,13.38,GA,debit_card,Mobile App,5
ORD-2025-10925,PROD_ELEC_002,2025-03-24 16:47:00,289.66,14.86,NC,digital_wallet,Amazon Marketplace,5
ORD-2025-10926,PROD_APP_002,2025-03-24 10:33:00,39.15,10.92,FL,debit_card,Direct Online Store,5
ORD-2025-10927,PROD_ELEC_004,2025-03-24 14:58:00,34.72,10.0,TX,debit_card,Amazon Marketplace,5
ORD-2025-10928,PROD_SPRT_001,2025-03-24 11:10:00,34.3,10.57,TX,credit_card,Direct Online Store,4
ORD-2025-10929,PROD_ELEC_001,2025-03-24 09:44:00,192.96,5.02,NC,gift_card,Affiliate Channel,5
ORD-2025-10930,PROD_ELEC_002,2025-03-24 18:55:00,314.44,11.31,GA,gift_card,Direct Online Store,5
ORD-2025-10931,PROD_ELEC_003,2025-03-24 09:18:00,144.31,8.84,CA,debit_card,Mobile App,2
ORD-2025-10932,PROD_APP_003,2025-03-24 08:50:00,54.05,10.1,GA,digital_wallet,Affiliate Channel,4
ORD-2025-10933,PROD_SPRT_002,2025-03-24 21:37:00,269.07,8.09,WA,credit_card,Direct Online Store,5
ORD-2025-10934,PROD_ELEC_001,2025-03-24 08:23:00,169.93,14.16,IL,digital_wallet,Affiliate Channel,5
ORD-2025-10935,PROD_ELEC_003,2025-03-24 14:57:00,122.9,5.46,NC,gift_card,Mobile App,5
ORD-2025-10936,PROD_ELEC_001,2025-03-24 21:05:00,184.27,8.71,NY,debit_card,Mobile App,5
ORD-2025-10937,PROD_BEAU_002,2025-03-24 22:58:00,58.78,11.14,IL,gift_card,Direct Online Store,5
ORD-2025-10938,PROD_ELEC_001,2025-03-24 14:35:00,177.52,6.95,FL,digital_wallet,Amazon Marketplace,5
ORD-2025-10939,PROD_SPRT_003,2025-03-24 15:50:00,22.96,8.88,CA,debit_card,Affiliate Channel,5
ORD-2025-10940,PROD_SPRT_001,2025-03-24 18:42:00,35.47,9.72,GA,credit_card,Mobile App,5
ORD-2025-10941,PROD_SPRT_003,2025-03-24 17:29:00,23.18,13.44,NC,credit_card,Amazon Marketplace,5
ORD-2025-10942,PROD_ELEC_003,2025-03-24 13:29:00,123.56,12.64,TX,gift_card,Direct Online Store,5
ORD-2025-10943,PROD_ELEC_003,2025-03-24 22:36:00,149.81,14.44,WA,debit_card,Direct Online Store,4
ORD-2025-10944,PROD_HOME_003,2025-03-24 15:31:00,121.82,14.57,GA,digital_wallet,Direct Online Store,4
ORD-2025-10945,PROD_ELEC_005,2025-03-24 09:06:00,46.14,6.85,TX,digital_wallet,Direct Online Store,4
ORD-2025-10946,PROD_SPRT_003,2025-03-24 10:09:00,24.3,7.66,GA,digital_wallet,Direct Online Store,5
ORD-2025-10947,PROD_APP_004,2025-03-24 09:52:00,111.2,14.16,WA,digital_wallet,Mobile App,5
ORD-2025-10948,PROD_ELEC_002,2025-03-24 21:36:00,295.43,6.26,TX,debit_card,Mobile App,5
ORD-2025-10949,PROD_ELEC_001,2025-03-24 09:40:00,199.27,12.34,NC,debit_card,Mobile App,5
ORD-2025-10950,PROD_ELEC_002,2025-03-24 21:55:00,335.2,6.36,GA,debit_card,Amazon Marketplace,3
ORD-2025-10951,PROD_SPRT_004,2025-03-24 08:03:00,77.01,12.88,NY,gift_card,Amazon Marketplace,5
ORD-2025-10952,PROD_BEAU_002,2025-03-26 14:59:00,58.36,9.2,WA,credit_card,Affiliate Channel,5
ORD-2025-10953,PROD_HOME_003,2025-03-26 08:05:00,113.31,12.53,NY,digital_wallet,Direct Online Store,4
ORD-2025-10954,PROD_BEAU_002,2025-03-26 09:20:00,58.68,13.16,TX,gift_card,Direct Online Store,4
ORD-2025-10955,PROD_ELEC_002,2025-03-26 20:28:00,334.07,13.17,CA,debit_card,Amazon Marketplace,5
ORD-2025-10956,PROD_BEAU_002,2025-03-26 08:00:00,54.83,8.14,GA,digital_wallet,Direct Online Store,3
ORD-2025-10957,PROD_SPRT_003,2025-03-26 12:14:00,22.18,8.27,TX,gift_card,Affiliate Channel,5
ORD-2025-10958,PROD_SPRT_003,2025-03-26 17:16:00,20.7,8.45,IL,gift_card,Direct Online Store,5
ORD-2025-10959,PROD_ELEC_003,2025-03-26 10:30:00,126.2,10.15,FL,digital_wallet,Direct Online Store,5
ORD-2025-10960,PROD_ELEC_003,2025-03-26 20:35:00,140.02,6.54,NC,debit_card,Amazon Marketplace,5
ORD-2025-10961,PROD_HOME_001,2025-03-26 13:28:00,82.36,12.91,IL,debit_card,Mobile App,3
ORD-2025-10962,PROD_ELEC_005,2025-03-26 16:27:00,49.39,13.62,CA,gift_card,Affiliate Channel,5
ORD-2025-10963,PROD_SPRT_002,2025-03-26 12:59:00,239.8,7.51,FL,digital_wallet,Amazon Marketplace,5
ORD-2025-10964,PROD_APP_003,2025-03-26 21:19:00,44.2,14.08,NC,debit_card,Direct Online Store,5
ORD-2025-10965,PROD_ELEC_002,2025-03-26 08:25:00,318.89,7.77,WA,gift_card,Mobile App,5
ORD-2025-10966,PROD_HOME_003,2025-03-26 19:52:00,125.84,10.65,CA,credit_card,Mobile App,3
ORD-2025-10967,PROD_HOME_002,2025-03-26 19:01:00,171.24,12.0,NY,debit_card,Direct Online Store,2
ORD-2025-10968,PROD_ELEC_004,2025-03-26 17:43:00,35.93,8.88,CA,debit_card,Mobile App,4
ORD-2025-10969,PROD_BEAU_002,2025-03-26 10:40:00,59.34,12.03,CA,gift_card,Mobile App,3
ORD-2025-10970,PROD_HOME_002,2025-03-26 09:43:00,154.57,11.99,TX,credit_card,Direct Online Store,4
ORD-2025-10971,PROD_APP_001,2025-03-26 17:22:00,65.6,12.94,CA,credit_card,Amazon Marketplace,3
ORD-2025-10972,PROD_ELEC_002,2025-03-26 19:59:00,342.22,7.15,TX,digital_wallet,Mobile App,5
ORD-2025-10973,PROD_SPRT_004,2025-03-26 21:31:00,82.11,5.44,NY,gift_card,Amazon Marketplace,3
ORD-2025-10974,PROD_BEAU_002,2025-03-26 19:37:00,59.4,8.54,WA,credit_card,Amazon Marketplace,4
ORD-2025-10975,PROD_ELEC_002,2025-03-28 17:13:00,322.5,14.57,IL,credit_card,Amazon Marketplace,4
ORD-2025-10976,PROD_SPRT_003,2025-03-28 08:56:00,23.6,6.26,FL,gift_card,Direct Online Store,5
ORD-2025-10977,PROD_HOME_001,2025-03-28 22:06:00,89.14,11.27,FL,digital_wallet,Amazon Marketplace,2
ORD-2025-10978,PROD_HOME_003,2025-03-28 18:36:00,110.49,14.09,WA,debit_card,Direct Online Store,5
ORD-2025-10979,PROD_ELEC_003,2025-03-28 17:00:00,137.76,9.87,CA,gift_card,Affiliate Channel,2
ORD-2025-10980,PROD_SPRT_002,2025-03-28 15:16:00,249.37,12.17,CA,debit_card,Affiliate Channel,5
ORD-2025-10981,PROD_ELEC_005,2025-03-28 17:54:00,40.43,11.62,IL,digital_wallet,Mobile App,3
ORD-2025-10982,PROD_ELEC_001,2025-03-28 21:54:00,180.36,8.77,TX,digital_wallet,Mobile App,5
ORD-2025-10983,PROD_APP_001,2025-03-28 11:24:00,58.39,5.73,WA,digital_wallet,Amazon Marketplace,3
ORD-2025-10984,PROD_APP_001,2025-03-28 17:03:00,63.56,7.55,TX,debit_card,Amazon Marketplace,4
ORD-2025-10985,PROD_HOME_001,2025-03-28 20:02:00,98.09,5.15,CA,gift_card,Direct Online Store,5
ORD-2025-10986,PROD_ELEC_001,2025-03-28 14:32:00,161.63,10.56,IL,debit_card,Direct Online Store,5
ORD-2025-10987,PROD_ELEC_004,2025-03-28 10:39:00,36.85,7.2,CA,digital_wallet,Mobile App,2
ORD-2025-10988,PROD_BEAU_002,2025-03-28 20:34:00,49.47,10.63,GA,digital_wallet,Amazon Marketplace,5
ORD-2025-10989,PROD_SPRT_003,2025-03-28 14:02:00,21.14,8.12,FL,debit_card,Affiliate Channel,4
ORD-2025-10990,PROD_APP_001,2025-03-28 13:22:00,57.61,6.41,TX,credit_card,Mobile App,5
ORD-2025-10991,PROD_BEAU_002,2025-03-28 22:28:00,51.65,6.26,NY,credit_card,Mobile App,3
ORD-2025-10992,PROD_SPRT_002,2025-03-30 10:06:00,269.4,12.0,TX,credit_card,Mobile App,3
ORD-2025-10993,PROD_SPRT_001,2025-03-30 19:00:00,35.81,14.1,WA,credit_card,Affiliate Channel,5
ORD-2025-10994,PROD_ELEC_004,2025-03-30 16:35:00,38.3,8.71,NY,digital_wallet,Affiliate Channel,4
ORD-2025-10995,PROD_BEAU_003,2025-03-30 16:02:00,30.16,8.82,CA,digital_wallet,Amazon Marketplace,5
ORD-2025-10996,PROD_SPRT_004,2025-03-30 17:09:00,88.78,14.79,GA,debit_card,Mobile App,5
ORD-2025-10997,PROD_HOME_001,2025-03-30 10:10:00,86.84,14.95,GA,debit_card,Direct Online Store,5
ORD-2025-10998,PROD_SPRT_002,2025-03-30 22:53:00,263.5,6.27,FL,debit_card,Amazon Marketplace,5
ORD-2025-10999,PROD_ELEC_003,2025-03-30 11:46:00,135.37,7.79,TX,credit_card,Direct Online Store,5
ORD-2025-11000,PROD_HOME_003,2025-03-30 18:08:00,111.52,12.01,CA,debit_card,Direct Online Store,4
ORD-2025-11001,PROD_ELEC_002,2025-03-30 21:08:00,299.98,6.49,TX,gift_card,Affiliate Channel,5
ORD-2025-11002,PROD_ELEC_005,2025-03-30 11:02:00,48.96,8.73,TX,credit_card,Affiliate Channel,5
ORD-2025-11003,PROD_ELEC_002,2025-03-30 21:03:00,322.28,5.03,WA,debit_card,Affiliate Channel,5
ORD-2025-11004,PROD_HOME_003,2025-03-30 11:08:00,114.79,11.11,NY,credit_card,Amazon Marketplace,1
ORD-2025-11005,PROD_ELEC_003,2025-03-30 19:04:00,123.49,11.86,GA,digital_wallet,Affiliate Channel,3
ORD-2025-11006,PROD_ELEC_002,2025-03-30 16:13:00,338.85,12.49,NY,credit_card,Mobile App,5
ORD-2025-11007,PROD_SPRT_002,2025-03-30 10:09:00,276.24,8.87,NY,debit_card,Direct Online Store,5
ORD-2025-11008,PROD_ELEC_001,2025-03-30 13:53:00,185.32,10.57,NC,gift_card,Affiliate Channel,2
ORD-2025-11009,PROD_ELEC_002,2025-03-30 09:36:00,300.96,14.3,NC,digital_wallet,Mobile App,5
ORD-2025-11010,PROD_SPRT_003,2025-03-30 18:02:00,21.18,7.55,GA,gift_card,Affiliate Channel,1
ORD-2025-11011,PROD_HOME_001,2025-03-30 14:22:00,96.22,7.25,CA,digital_wallet,Affiliate Channel,5
ORD-2025-11012,PROD_APP_002,2025-03-30 22:53:00,43.47,6.35,NY,credit_card,Mobile App,2
ORD-2025-11013,PROD_APP_004,2025-03-30 21:47:00,110.13,6.37,WA,digital_wallet,Mobile App,4
ORD-2025-11014,PROD_SPRT_001,2025-04-01 16:47:00,34.9,14.55,GA,credit_card,Affiliate Channel,5
ORD-2025-11015,PROD_APP_003,2025-04-01 18:38:00,45.01,12.11,NC,digital_wallet,Amazon Marketplace,5
ORD-2025-11016,PROD_HOME_002,2025-04-01 12:29:00,156.27,12.2,TX,digital_wallet,Direct Online Store,5
ORD-2025-11017,PROD_APP_003,2025-04-01 21:02:00,52.12,7.02,FL,credit_card,Direct Online Store,4
ORD-2025-11018,PROD_HOME_003,2025-04-01 13:46:00,116.24,9.06,IL,digital_wallet,Affiliate Channel,4
ORD-2025-11019,PROD_HOME_004,2025-04-01 13:50:00,44.35,7.69,GA,gift_card,Mobile App,4
ORD-2025-11020,PROD_HOME_002,2025-04-01 13:36:00,176.29,7.4,GA,digital_wallet,Affiliate Channel,5
ORD-2025-11021,PROD_SPRT_004,2025-04-01 14:13:00,83.11,13.07,IL,debit_card,Direct Online Store,5
ORD-2025-11022,PROD_HOME_001,2025-04-01 17:21:00,89.28,14.08,IL,credit_card,Mobile App,5
ORD-2025-11023,PROD_HOME_004,2025-04-01 17:24:00,46.76,14.4,NC,digital_wallet,Affiliate Channel,5
ORD-2025-11024,PROD_APP_003,2025-04-01 11:23:00,45.42,7.76,NY,digital_wallet,Amazon Marketplace,5
ORD-2025-11025,PROD_HOME_001,2025-04-01 16:37:00,86.64,7.65,FL,debit_card,Amazon Marketplace,2
ORD-2025-11026,PROD_ELEC_004,2025-04-01 19:51:00,37.46,8.09,CA,gift_card,Affiliate Channel,5
ORD-2025-11027,PROD_BEAU_002,2025-04-01 08:01:00,48.46,11.81,NY,gift_card,Mobile App,3
ORD-2025-11028,PROD_ELEC_005,2025-04-01 15:05:00,49.2,12.3,IL,digital_wallet,Amazon Marketplace,5
ORD-2025-11029,PROD_APP_004,2025-04-01 16:51:00,115.76,13.89,GA,digital_wallet,Mobile App,3
ORD-2025-11030,PROD_BEAU_003,2025-04-01 10:55:00,31.51,11.43,CA,gift_card,Mobile App,3
ORD-2025-11031,PROD_ELEC_005,2025-04-01 17:27:00,45.54,9.53,NC,digital_wallet,Affiliate Channel,5
ORD-2025-11032,PROD_ELEC_001,2025-04-03 08:59:00,163.55,11.46,WA,debit_card,Affiliate Channel,2
ORD-2025-11033,PROD_ELEC_003,2025-04-03 16:42:00,121.91,8.25,CA,credit_card,Direct Online Store,2
ORD-2025-11034,PROD_BEAU_003,2025-04-03 12:11:00,33.74,6.28,WA,gift_card,Amazon Marketplace,5
ORD-2025-11035,PROD_ELEC_001,2025-04-03 20:07:00,190.92,10.74,FL,gift_card,Direct Online Store,5
ORD-2025-11036,PROD_APP_001,2025-04-03 17:22:00,67.21,6.98,WA,debit_card,Affiliate Channel,5
ORD-2025-11037,PROD_ELEC_001,2025-04-03 21:31:00,192.53,12.26,FL,digital_wallet,Amazon Marketplace,4
ORD-2025-11038,PROD_SPRT_004,2025-04-03 11:58:00,73.91,11.59,FL,debit_card,Amazon Marketplace,5
ORD-2025-11039,PROD_BEAU_002,2025-04-03 17:38:00,52.6,13.94,TX,credit_card,Mobile App,5
ORD-2025-11040,PROD_BEAU_003,2025-04-03 11:50:00,29.19,12.82,WA,debit_card,Amazon Marketplace,5
ORD-2025-11041,PROD_BEAU_001,2025-04-03 14:05:00,27.89,5.35,CA,gift_card,Direct Online Store,5
ORD-2025-11042,PROD_HOME_004,2025-04-03 16:51:00,42.11,6.21,TX,debit_card,Affiliate Channel,5
ORD-2025-11043,PROD_ELEC_001,2025-04-03 18:54:00,193.75,6.0,FL,debit_card,Direct Online Store,2
ORD-2025-11044,PROD_BEAU_003,2025-04-03 19:48:00,29.1,9.35,IL,digital_wallet,Affiliate Channel,5
ORD-2025-11045,PROD_HOME_002,2025-04-03 11:44:00,180.01,6.45,TX,debit_card,Amazon Marketplace,3
ORD-2025-11046,PROD_SPRT_001,2025-04-03 12:09:00,39.14,11.07,WA,debit_card,Amazon Marketplace,5
ORD-2025-11047,PROD_HOME_003,2025-04-03 17:21:00,120.19,13.21,FL,digital_wallet,Direct Online Store,3
ORD-2025-11048,PROD_APP_003,2025-04-03 21:51:00,48.0,12.22,FL,credit_card,Direct Online Store,5
ORD-2025-11049,PROD_APP_004,2025-04-03 21:15:00,100.96,7.76,CA,gift_card,Mobile App,5
ORD-2025-11050,PROD_SPRT_002,2025-04-03 13:09:00,236.75,11.53,CA,credit_card,Amazon Marketplace,4
ORD-2025-11051,PROD_APP_001,2025-04-03 18:25:00,69.19,12.85,FL,gift_card,Mobile App,5
ORD-2025-11052,PROD_HOME_002,2025-04-03 13:16:00,159.94,5.45,NY,debit_card,Direct Online Store,5
ORD-2025-11053,PROD_BEAU_001,2025-04-03 20:58:00,28.38,5.77,WA,digital_wallet,Affiliate Channel,5
ORD-2025-11054,PROD_SPRT_003,2025-04-03 17:13:00,24.53,12.21,WA,gift_card,Affiliate Channel,5
ORD-2025-11055,PROD_APP_001,2025-04-03 08:16:00,58.74,13.11,TX,gift_card,Amazon Marketplace,4
ORD-2025-11056,PROD_ELEC_003,2025-04-03 19:42:00,130.43,5.96,NY,debit_card,Mobile App,5
ORD-2025-11057,PROD_APP_002,2025-04-03 17:25:00,38.22,9.3,GA,gift_card,Affiliate Channel,5
ORD-2025-11058,PROD_SPRT_001,2025-04-03 22:30:00,39.4,9.26,FL,credit_card,Amazon Marketplace,5
ORD-2025-11059,PROD_HOME_004,2025-04-03 19:36:00,49.71,14.59,GA,gift_card,Mobile App,5
ORD-2025-11060,PROD_APP_002,2025-04-03 19:44:00,38.83,14.0,IL,debit_card,Direct Online Store,4
ORD-2025-11061,PROD_HOME_004,2025-04-05 18:46:00,48.11,14.54,WA,debit_card,Amazon Marketplace,5
ORD-2025-11062,PROD_ELEC_002,2025-04-05 08:49:00,308.96,8.52,WA,gift_card,Affiliate Channel,5
ORD-2025-11063,PROD_HOME_001,2025-04-05 15:00:00,90.87,14.22,CA,credit_card,Amazon Marketplace,5
ORD-2025-11064,PROD_SPRT_002,2025-04-05 20:27:00,262.85,10.45,GA,gift_card,Mobile App,5
ORD-2025-11065,PROD_SPRT_003,2025-04-05 14:52:00,23.44,14.41,FL,gift_card,Mobile App,5
ORD-2025-11066,PROD_ELEC_002,2025-04-05 11:22:00,326.85,5.23,WA,debit_card,Affiliate Channel,5
ORD-2025-11067,PROD_SPRT_003,2025-04-05 17:11:00,20.12,10.65,GA,gift_card,Direct Online Store,5
ORD-2025-11068,PROD_SPRT_003,2025-04-05 11:20:00,24.3,11.96,FL,credit_card,Mobile App,5
ORD-2025-11069,PROD_ELEC_001,2025-04-05 10:29:00,186.0,6.62,NC,debit_card,Affiliate Channel,5
ORD-2025-11070,PROD_ELEC_003,2025-04-05 17:54:00,131.57,14.16,WA,gift_card,Mobile App,2
ORD-2025-11071,PROD_BEAU_001,2025-04-05 20:16:00,28.5,14.72,IL,debit_card,Mobile App,4
ORD-2025-11072,PROD_ELEC_003,2025-04-05 17:59:00,140.83,6.21,FL,debit_card,Mobile App,5
ORD-2025-11073,PROD_BEAU_002,2025-04-05 14:16:00,53.09,7.7,CA,debit_card,Amazon Marketplace,5
ORD-2025-11074,PROD_SPRT_003,2025-04-05 15:46:00,22.89,11.05,FL,digital_wallet,Direct Online Store,5
ORD-2025-11075,PROD_ELEC_004,2025-04-05 15:08:00,32.01,12.6,CA,debit_card,Direct Online Store,3
ORD-2025-11076,PROD_ELEC_002,2025-04-05 13:12:00,328.9,13.52,IL,gift_card,Mobile App,5
ORD-2025-11077,PROD_SPRT_003,2025-04-05 08:02:00,21.1,5.37,IL,digital_wallet,Affiliate Channel,3
ORD-2025-11078,PROD_HOME_004,2025-04-05 17:03:00,48.51,11.11,CA,debit_card,Mobile App,5
ORD-2025-11079,PROD_ELEC_004,2025-04-05 14:55:00,33.08,8.33,WA,gift_card,Amazon Marketplace,5
ORD-2025-11080,PROD_HOME_002,2025-04-05 16:27:00,158.09,14.64,NY,debit_card,Direct Online Store,5
ORD-2025-11081,PROD_HOME_003,2025-04-05 14:24:00,125.07,11.96,FL,credit_card,Direct Online Store,5
ORD-2025-11082,PROD_SPRT_002,2025-04-05 22:11:00,277.3,7.05,FL,gift_card,Amazon Marketplace,2
ORD-2025-11083,PROD_ELEC_005,2025-04-05 12:11:00,47.5,8.1,IL,gift_card,Amazon Marketplace,4
ORD-2025-11084,PROD_ELEC_001,2025-04-05 14:32:00,173.46,12.14,NC,credit_card,Direct Online Store,5
ORD-2025-11085,PROD_HOME_002,2025-04-05 12:24:00,155.9,10.69,CA,debit_card,Direct Online Store,4
ORD-2025-11086,PROD_BEAU_003,2025-04-05 11:02:00,32.99,9.66,IL,debit_card,Mobile App,5
ORD-2025-11087,PROD_APP_003,2025-04-05 08:10:00,46.29,8.67,TX,digital_wallet,Affiliate Channel,5
ORD-2025-11088,PROD_APP_001,2025-04-05 22:48:00,65.28,13.72,TX,debit_card,Amazon Marketplace,5
ORD-2025-11089,PROD_ELEC_005,2025-04-05 10:21:00,47.65,6.36,NC,credit_card,Amazon Marketplace,5
ORD-2025-11090,PROD_ELEC_001,2025-04-05 15:28:00,191.21,7.54,NY,credit_card,Affiliate Channel,4
ORD-2025-11091,PROD_HOME_003,2025-04-05 10:49:00,129.71,13.56,GA,digital_wallet,Mobile App,5
ORD-2025-11092,PROD_ELEC_002,2025-04-05 09:57:00,305.07,7.11,TX,debit_card,Mobile App,4
ORD-2025-11093,PROD_APP_001,2025-04-05 20:08:00,66.96,12.17,CA,debit_card,Mobile App,5
ORD-2025-11094,PROD_SPRT_003,2025-04-05 08:05:00,21.01,14.17,GA,debit_card,Amazon Marketplace,4
ORD-2025-11095,PROD_ELEC_005,2025-04-05 21:56:00,41.18,5.58,NC,digital_wallet,Affiliate Channel,4
ORD-2025-11096,PROD_BEAU_003,2025-04-07 12:26:00,30.15,8.21,NY,debit_card,Mobile App,5
ORD-2025-11097,PROD_HOME_003,2025-04-07 15:09:00,124.08,13.72,GA,debit_card,Mobile App,5
ORD-2025-11098,PROD_ELEC_003,2025-04-07 17:50:00,140.49,5.4,WA,gift_card,Affiliate Channel,4
ORD-2025-11099,PROD_HOME_001,2025-04-07 10:15:00,81.69,12.25,GA,debit_card,Amazon Marketplace,5
ORD-2025-11100,PROD_ELEC_003,2025-04-07 08:07:00,147.0,5.85,GA,credit_card,Amazon Marketplace,4
ORD-2025-11101,PROD_SPRT_002,2025-04-07 18:58:00,228.57,11.14,NY,gift_card,Direct Online Store,3
ORD-2025-11102,PROD_BEAU_003,2025-04-07 11:38:00,34.74,11.29,TX,digital_wallet,Direct Online Store,5
ORD-2025-11103,PROD_SPRT_004,2025-04-07 13:47:00,77.49,6.78,NY,gift_card,Direct Online Store,5
ORD-2025-11104,PROD_ELEC_005,2025-04-07 11:14:00,40.54,12.48,GA,debit_card,Amazon Marketplace,5
ORD-2025-11105,PROD_HOME_001,2025-04-07 18:20:00,97.73,6.76,IL,gift_card,Amazon Marketplace,3
ORD-2025-11106,PROD_ELEC_001,2025-04-07 12:18:00,167.33,7.02,IL,gift_card,Direct Online Store,5
ORD-2025-11107,PROD_SPRT_001,2025-04-07 08:17:00,35.2,14.22,GA,credit_card,Amazon Marketplace,5
ORD-2025-11108,PROD_HOME_003,2025-04-07 13:04:00,120.18,10.07,WA,debit_card,Affiliate Channel,5
ORD-2025-11109,PROD_SPRT_004,2025-04-07 18:13:00,86.72,9.27,TX,digital_wallet,Affiliate Channel,5
ORD-2025-11110,PROD_APP_001,2025-04-07 10:10:00,63.02,8.19,WA,debit_card,Direct Online Store,5
ORD-2025-11111,PROD_HOME_004,2025-04-07 10:01:00,49.15,13.1,WA,debit_card,Amazon Marketplace,5
ORD-2025-11112,PROD_ELEC_004,2025-04-07 20:26:00,32.6,14.55,FL,credit_card,Amazon Marketplace,5
ORD-2025-11113,PROD_HOME_002,2025-04-07 14:15:00,163.35,9.02,GA,debit_card,Affiliate Channel,5
ORD-2025-11114,PROD_HOME_001,2025-04-09 14:04:00,80.91,5.43,WA,digital_wallet,Direct Online Store,4
ORD-2025-11115,PROD_SPRT_002,2025-04-09 11:41:00,269.1,12.24,CA,credit_card,Mobile App,5
ORD-2025-11116,PROD_APP_003,2025-04-09 09:11:00,53.26,13.19,TX,credit_card,Amazon Marketplace,4
ORD-2025-11117,PROD_HOME_003,2025-04-09 09:45:00,116.7,14.12,WA,debit_card,Affiliate Channel,5
ORD-2025-11118,PROD_SPRT_002,2025-04-09 09:48:00,257.51,13.94,NY,digital_wallet,Mobile App,5
ORD-2025-11119,PROD_ELEC_002,2025-04-09 21:53:00,280.77,12.5,CA,credit_card,Affiliate Channel,5
ORD-2025-11120,PROD_SPRT_001,2025-04-09 15:15:00,36.01,11.38,WA,digital_wallet,Affiliate Channel,4
ORD-2025-11121,PROD_HOME_001,2025-04-09 19:07:00,92.0,8.11,NC,debit_card,Amazon Marketplace,5
ORD-2025-11122,PROD_APP_001,2025-04-09 20:09:00,68.02,14.3,TX,credit_card,Amazon Marketplace,5
ORD-2025-11123,PROD_HOME_001,2025-04-09 12:34:00,99.08,6.63,FL,credit_card,Mobile App,4
ORD-2025-11124,PROD_SPRT_001,2025-04-09 21:07:00,35.44,13.62,NY,gift_card,Affiliate Channel,5
ORD-2025-11125,PROD_BEAU_001,2025-04-09 17:44:00,26.43,11.13,NY,debit_card,Amazon Marketplace,5
ORD-2025-11126,PROD_SPRT_002,2025-04-09 14:01:00,267.71,9.32,TX,credit_card,Direct Online Store,5
ORD-2025-11127,PROD_APP_002,2025-04-09 14:12:00,40.14,6.93,NY,credit_card,Mobile App,4
ORD-2025-11128,PROD_HOME_002,2025-04-09 22:15:00,179.72,13.86,CA,digital_wallet,Amazon Marketplace,2
ORD-2025-11129,PROD_SPRT_004,2025-04-09 08:03:00,75.98,12.67,GA,gift_card,Affiliate Channel,5
ORD-2025-11130,PROD_BEAU_002,2025-04-09 10:54:00,48.79,13.58,FL,gift_card,Amazon Marketplace,5
ORD-2025-11131,PROD_BEAU_003,2025-04-09 18:07:00,29.76,10.06,NC,debit_card,Affiliate Channel,5
ORD-2025-11132,PROD_APP_003,2025-04-09 08:04:00,51.64,12.77,FL,debit_card,Amazon Marketplace,5
ORD-2025-11133,PROD_APP_003,2025-04-09 21:32:00,53.31,11.73,FL,digital_wallet,Amazon Marketplace,5
ORD-2025-11134,PROD_SPRT_004,2025-04-09 19:48:00,88.85,9.77,CA,gift_card,Affiliate Channel,5
ORD-2025-11135,PROD_ELEC_004,2025-04-09 13:52:00,36.61,11.29,TX,credit_card,Direct Online Store,3
ORD-2025-11136,PROD_APP_004,2025-04-09 17:28:00,118.19,6.27,NC,credit_card,Affiliate Channel,3
ORD-2025-11137,PROD_ELEC_004,2025-04-09 16:41:00,35.24,10.8,FL,digital_wallet,Mobile App,4
ORD-2025-11138,PROD_APP_001,2025-04-09 19:09:00,69.76,12.16,NC,gift_card,Mobile App,4
ORD-2025-11139,PROD_HOME_004,2025-04-09 13:36:00,42.35,11.12,NY,debit_card,Mobile App,5
ORD-2025-11140,PROD_HOME_001,2025-04-09 10:21:00,88.13,13.91,WA,debit_card,Mobile App,4
ORD-2025-11141,PROD_ELEC_001,2025-04-09 17:55:00,170.46,13.87,CA,gift_card,Mobile App,4
ORD-2025-11142,PROD_ELEC_005,2025-04-09 12:04:00,45.87,10.9,GA,gift_card,Affiliate Channel,5
ORD-2025-11143,PROD_ELEC_001,2025-04-09 18:31:00,176.18,8.07,IL,digital_wallet,Mobile App,5
ORD-2025-11144,PROD_ELEC_003,2025-04-09 16:54:00,144.18,11.08,IL,credit_card,Affiliate Channel,5
ORD-2025-11145,PROD_HOME_001,2025-04-09 11:25:00,89.61,11.3,NY,gift_card,Mobile App,4
ORD-2025-11146,PROD_SPRT_002,2025-04-09 17:10:00,263.75,5.1,NC,credit_card,Mobile App,2
ORD-2025-11147,PROD_ELEC_004,2025-04-09 10:29:00,32.1,6.64,CA,gift_card,Affiliate Channel,5
ORD-2025-11148,PROD_ELEC_002,2025-04-11 21:16:00,311.89,7.71,WA,credit_card,Amazon Marketplace,5
ORD-2025-11149,PROD_SPRT_002,2025-04-11 08:21:00,269.35,11.66,GA,digital_wallet,Amazon Marketplace,4
ORD-2025-11150,PROD_BEAU_003,2025-04-11 16:22:00,29.01,14.95,NC,debit_card,Direct Online Store,5
ORD-2025-11151,PROD_BEAU_002,2025-04-11 11:02:00,49.01,5.47,WA,gift_card,Affiliate Channel,5
ORD-2025-11152,PROD_SPRT_004,2025-04-11 13:24:00,86.33,14.11,IL,credit_card,Mobile App,4
ORD-2025-11153,PROD_APP_002,2025-04-11 22:18:00,36.18,11.65,NC,gift_card,Direct Online Store,5
ORD-2025-11154,PROD_BEAU_003,2025-04-11 16:30:00,28.61,11.54,TX,gift_card,Direct Online Store,5
ORD-2025-11155,PROD_APP_002,2025-04-11 11:17:00,36.99,6.23,IL,digital_wallet,Mobile App,5
ORD-2025-11156,PROD_SPRT_004,2025-04-11 13:27:00,82.91,7.74,NC,digital_wallet,Amazon Marketplace,5
ORD-2025-11157,PROD_ELEC_002,2025-04-11 13:58:00,294.87,6.26,WA,gift_card,Affiliate Channel,5
ORD-2025-11158,PROD_BEAU_001,2025-04-11 09:38:00,28.88,13.55,CA,digital_wallet,Amazon Marketplace,5
ORD-2025-11159,PROD_HOME_001,2025-04-11 15:57:00,99.4,9.99,NC,digital_wallet,Mobile App,4
ORD-2025-11160,PROD_HOME_002,2025-04-11 10:06:00,181.52,9.37,FL,debit_card,Mobile App,5
ORD-2025-11161,PROD_ELEC_003,2025-04-11 11:06:00,141.37,12.29,TX,credit_card,Direct Online Store,4
ORD-2025-11162,PROD_HOME_004,2025-04-11 21:04:00,48.14,5.91,GA,debit_card,Amazon Marketplace,4
ORD-2025-11163,PROD_BEAU_002,2025-04-11 18:34:00,54.88,7.71,FL,digital_wallet,Mobile App,4
ORD-2025-11164,PROD_HOME_002,2025-04-11 12:10:00,183.49,10.84,WA,debit_card,Mobile App,5
ORD-2025-11165,PROD_ELEC_004,2025-04-11 09:28:00,37.37,8.68,NY,credit_card,Mobile App,3
ORD-2025-11166,PROD_SPRT_001,2025-04-11 09:16:00,39.61,8.09,GA,gift_card,Mobile App,5
ORD-2025-11167,PROD_APP_003,2025-04-11 10:19:00,47.97,8.57,GA,digital_wallet,Direct Online Store,3
ORD-2025-11168,PROD_BEAU_002,2025-04-11 17:29:00,53.02,12.02,FL,digital_wallet,Mobile App,3
ORD-2025-11169,PROD_SPRT_004,2025-04-11 16:01:00,83.99,9.88,FL,debit_card,Direct Online Store,5
ORD-2025-11170,PROD_BEAU_001,2025-04-11 11:52:00,25.27,11.88,TX,gift_card,Direct Online Store,5
ORD-2025-11171,PROD_SPRT_001,2025-04-11 09:22:00,38.59,14.14,TX,gift_card,Affiliate Channel,5
ORD-2025-11172,PROD_HOME_001,2025-04-11 09:20:00,91.29,8.16,TX,credit_card,Affiliate Channel,4
ORD-2025-11173,PROD_BEAU_001,2025-04-11 19:14:00,26.03,14.27,GA,credit_card,Direct Online Store,5
ORD-2025-11174,PROD_ELEC_004,2025-04-11 12:55:00,34.51,6.88,NC,gift_card,Direct Online Store,4
ORD-2025-11175,PROD_BEAU_002,2025-04-11 14:37:00,48.79,10.92,NY,digital_wallet,Amazon Marketplace,5
ORD-2025-11176,PROD_HOME_004,2025-04-11 14:40:00,43.95,7.57,NC,digital_wallet,Mobile App,5
ORD-2025-11177,PROD_SPRT_003,2025-04-11 09:03:00,21.04,11.89,WA,gift_card,Amazon Marketplace,5
ORD-2025-11178,PROD_SPRT_002,2025-04-11 13:10:00,233.36,11.84,NY,credit_card,Affiliate Channel,4
ORD-2025-11179,PROD_HOME_001,2025-04-11 12:47:00,96.59,7.95,IL,gift_card,Mobile App,5
ORD-2025-11180,PROD_SPRT_002,2025-04-11 15:21:00,259.22,12.75,WA,debit_card,Direct Online Store,3
ORD-2025-11181,PROD_ELEC_002,2025-04-11 15:46:00,344.99,12.45,NY,debit_card,Mobile App,5
ORD-2025-11182,PROD_SPRT_004,2025-04-13 08:59:00,81.86,5.82,WA,digital_wallet,Mobile App,2
ORD-2025-11183,PROD_ELEC_004,2025-04-13 15:48:00,33.63,7.06,TX,gift_card,Direct Online Store,5
ORD-2025-11184,PROD_APP_002,2025-04-13 20:27:00,43.1,10.03,NY,credit_card,Amazon Marketplace,4
ORD-2025-11185,PROD_BEAU_003,2025-04-13 13:36:00,34.43,14.45,CA,credit_card,Amazon Marketplace,3
ORD-2025-11186,PROD_BEAU_002,2025-04-13 16:55:00,59.43,8.16,NC,gift_card,Amazon Marketplace,5
ORD-2025-11187,PROD_HOME_003,2025-04-13 16:34:00,108.44,8.13,CA,gift_card,Direct Online Store,4
ORD-2025-11188,PROD_HOME_002,2025-04-13 19:07:00,164.4,5.2,NY,debit_card,Direct Online Store,5
ORD-2025-11189,PROD_SPRT_002,2025-04-13 10:41:00,247.87,9.74,WA,digital_wallet,Direct Online Store,5
ORD-2025-11190,PROD_BEAU_001,2025-04-13 21:34:00,29.64,10.31,NY,credit_card,Direct Online Store,5
ORD-2025-11191,PROD_ELEC_002,2025-04-13 11:25:00,329.04,12.15,NY,digital_wallet,Affiliate Channel,5
ORD-2025-11192,PROD_HOME_004,2025-04-13 13:32:00,45.59,7.17,NC,debit_card,Amazon Marketplace,5
ORD-2025-11193,PROD_SPRT_004,2025-04-13 13:55:00,89.86,8.34,NC,credit_card,Mobile App,4
ORD-2025-11194,PROD_HOME_001,2025-04-13 21:24:00,95.06,11.51,NC,debit_card,Affiliate Channel,5
ORD-2025-11195,PROD_HOME_003,2025-04-13 12:15:00,107.18,6.01,NC,credit_card,Amazon Marketplace,3
ORD-2025-11196,PROD_APP_003,2025-04-13 10:34:00,52.99,5.28,NC,gift_card,Affiliate Channel,5
ORD-2025-11197,PROD_APP_003,2025-04-13 12:16:00,49.26,8.78,NY,gift_card,Direct Online Store,5
ORD-2025-11198,PROD_ELEC_004,2025-04-13 13:40:00,34.42,14.59,FL,digital_wallet,Mobile App,5
ORD-2025-11199,PROD_APP_004,2025-04-13 11:42:00,111.03,6.24,CA,debit_card,Affiliate Channel,1
ORD-2025-11200,PROD_ELEC_001,2025-04-13 10:59:00,180.53,7.09,NY,digital_wallet,Mobile App,4
ORD-2025-11201,PROD_BEAU_002,2025-04-13 13:50:00,50.93,7.3,FL,credit_card,Affiliate Channel,5
ORD-2025-11202,PROD_ELEC_002,2025-04-13 21:58:00,321.84,11.95,CA,debit_card,Amazon Marketplace,5
ORD-2025-11203,PROD_SPRT_004,2025-04-15 20:22:00,76.22,13.71,NY,debit_card,Mobile App,5
ORD-2025-11204,PROD_BEAU_002,2025-04-15 22:12:00,54.1,9.54,CA,gift_card,Direct Online Store,4
ORD-2025-11205,PROD_HOME_004,2025-04-15 20:53:00,41.78,12.76,CA,debit_card,Mobile App,2
ORD-2025-11206,PROD_SPRT_003,2025-04-15 15:13:00,22.38,5.65,GA,gift_card,Mobile App,2
ORD-2025-11207,PROD_APP_003,2025-04-15 15:28:00,52.63,7.84,CA,digital_wallet,Direct Online Store,5
ORD-2025-11208,PROD_ELEC_001,2025-04-15 13:12:00,175.08,6.13,NC,credit_card,Amazon Marketplace,5
ORD-2025-11209,PROD_HOME_004,2025-04-15 08:59:00,47.35,6.67,IL,credit_card,Amazon Marketplace,3
ORD-2025-11210,PROD_APP_003,2025-04-15 13:28:00,48.27,12.24,GA,debit_card,Direct Online Store,5
ORD-2025-11211,PROD_APP_004,2025-04-15 19:37:00,118.63,11.9,IL,credit_card,Amazon Marketplace,5
ORD-2025-11212,PROD_HOME_003,2025-04-15 09:03:00,123.75,10.51,GA,digital_wallet,Direct Online Store,2
ORD-2025-11213,PROD_ELEC_005,2025-04-15 08:37:00,47.22,14.52,GA,debit_card,Affiliate Channel,1
ORD-2025-11214,PROD_SPRT_003,2025-04-15 15:53:00,24.07,8.73,IL,debit_card,Amazon Marketplace,5
ORD-2025-11215,PROD_APP_004,2025-04-15 10:26:00,103.34,11.73,NY,credit_card,Direct Online Store,5
ORD-2025-11216,PROD_HOME_001,2025-04-15 11:03:00,91.36,11.88,GA,credit_card,Amazon Marketplace,5
ORD-2025-11217,PROD_BEAU_002,2025-04-15 10:49:00,57.95,14.34,CA,credit_card,Mobile App,4
ORD-2025-11218,PROD_APP_003,2025-04-15 09:36:00,46.16,12.21,WA,debit_card,Affiliate Channel,2
ORD-2025-11219,PROD_SPRT_003,2025-04-15 13:01:00,23.3,9.76,CA,credit_card,Affiliate Channel,5
ORD-2025-11220,PROD_HOME_002,2025-04-15 20:29:00,168.59,5.12,FL,gift_card,Direct Online Store,5
ORD-2025-11221,PROD_ELEC_002,2025-04-15 11:34:00,337.97,5.94,NC,credit_card,Affiliate Channel,3
ORD-2025-11222,PROD_HOME_004,2025-04-15 21:16:00,48.13,5.25,WA,digital_wallet,Affiliate Channel,4
ORD-2025-11223,PROD_BEAU_003,2025-04-15 09:30:00,33.82,13.08,CA,gift_card,Mobile App,5
ORD-2025-11224,PROD_BEAU_001,2025-04-15 20:19:00,24.12,13.25,IL,debit_card,Amazon Marketplace,5
ORD-2025-11225,PROD_ELEC_003,2025-04-15 11:58:00,149.53,8.42,IL,credit_card,Amazon Marketplace,2
ORD-2025-11226,PROD_SPRT_003,2025-04-17 21:30:00,21.28,9.46,TX,gift_card,Direct Online Store,5
ORD-2025-11227,PROD_APP_001,2025-04-17 11:59:00,61.23,8.16,TX,gift_card,Affiliate Channel,5
ORD-2025-11228,PROD_BEAU_002,2025-04-17 18:08:00,56.39,10.57,IL,digital_wallet,Mobile App,5
ORD-2025-11229,PROD_HOME_003,2025-04-17 17:42:00,129.03,6.06,NY,digital_wallet,Direct Online Store,5
ORD-2025-11230,PROD_BEAU_001,2025-04-17 12:46:00,27.56,12.57,NC,digital_wallet,Affiliate Channel,5
ORD-2025-11231,PROD_SPRT_001,2025-04-17 08:58:00,38.98,9.64,CA,digital_wallet,Mobile App,5
ORD-2025-11232,PROD_ELEC_001,2025-04-17 16:05:00,190.76,13.21,NY,credit_card,Affiliate Channel,5
ORD-2025-11233,PROD_SPRT_003,2025-04-17 14:36:00,22.8,5.44,FL,gift_card,Amazon Marketplace,3
ORD-2025-11234,PROD_HOME_002,2025-04-17 14:17:00,179.4,7.69,GA,credit_card,Amazon Marketplace,5
ORD-2025-11235,PROD_SPRT_003,2025-04-17 10:09:00,22.94,7.74,CA,debit_card,Direct Online Store,1
ORD-2025-11236,PROD_APP_002,2025-04-17 10:55:00,40.57,14.39,CA,digital_wallet,Mobile App,5
ORD-2025-11237,PROD_APP_002,2025-04-17 16:33:00,44.97,5.21,NC,debit_card,Mobile App,4
ORD-2025-11238,PROD_HOME_004,2025-04-17 08:33:00,44.05,11.12,NY,credit_card,Mobile App,5
ORD-2025-11239,PROD_ELEC_001,2025-04-17 14:36:00,161.79,13.5,TX,debit_card,Amazon Marketplace,4
ORD-2025-11240,PROD_APP_002,2025-04-17 16:49:00,38.31,10.82,GA,credit_card,Affiliate Channel,5
ORD-2025-11241,PROD_HOME_001,2025-04-19 21:55:00,83.14,5.82,NC,gift_card,Mobile App,5
ORD-2025-11242,PROD_ELEC_002,2025-04-19 17:32:00,285.5,13.16,IL,debit_card,Amazon Marketplace,5
ORD-2025-11243,PROD_ELEC_004,2025-04-19 22:06:00,38.04,9.46,NY,digital_wallet,Direct Online Store,4
ORD-2025-11244,PROD_SPRT_002,2025-04-19 10:48:00,241.11,8.3,IL,debit_card,Direct Online Store,5
ORD-2025-11245,PROD_APP_004,2025-04-19 11:20:00,104.04,5.68,FL,digital_wallet,Affiliate Channel,5
ORD-2025-11246,PROD_BEAU_002,2025-04-19 12:18:00,48.67,11.07,IL,gift_card,Affiliate Channel,5
ORD-2025-11247,PROD_ELEC_002,2025-04-19 18:46:00,311.45,7.67,CA,debit_card,Direct Online Store,4
ORD-2025-11248,PROD_ELEC_005,2025-04-19 17:59:00,43.47,10.13,IL,credit_card,Amazon Marketplace,2
ORD-2025-11249,PROD_HOME_004,2025-04-19 09:31:00,44.68,10.01,IL,digital_wallet,Amazon Marketplace,5
ORD-2025-11250,PROD_HOME_003,2025-04-19 22:14:00,124.98,8.12,WA,gift_card,Direct Online Store,5
ORD-2025-11251,PROD_ELEC_003,2025-04-19 10:35:00,147.15,12.72,WA,credit_card,Direct Online Store,4
ORD-2025-11252,PROD_ELEC_003,2025-04-19 13:36:00,126.4,14.75,CA,digital_wallet,Affiliate Channel,5
ORD-2025-11253,PROD_ELEC_002,2025-04-19 12:27:00,307.88,7.19,NC,credit_card,Direct Online Store,5
ORD-2025-11254,PROD_SPRT_002,2025-04-19 09:46:00,271.96,5.87,TX,debit_card,Amazon Marketplace,5
ORD-2025-11255,PROD_BEAU_001,2025-04-19 22:16:00,29.45,5.29,WA,credit_card,Affiliate Channel,4
ORD-2025-11256,PROD_BEAU_001,2025-04-19 22:46:00,28.64,13.15,IL,digital_wallet,Affiliate Channel,4
ORD-2025-11257,PROD_HOME_001,2025-04-19 14:14:00,82.12,14.78,IL,gift_card,Direct Online Store,5
ORD-2025-11258,PROD_ELEC_003,2025-04-19 19:51:00,149.78,9.99,FL,digital_wallet,Affiliate Channel,3
ORD-2025-11259,PROD_APP_004,2025-04-19 15:26:00,106.59,9.22,TX,debit_card,Mobile App,4
ORD-2025-11260,PROD_ELEC_005,2025-04-19 15:00:00,43.31,6.83,NC,gift_card,Affiliate Channel,2
ORD-2025-11261,PROD_HOME_004,2025-04-19 09:59:00,41.43,7.76,GA,gift_card,Affiliate Channel,5
ORD-2025-11262,PROD_APP_004,2025-04-19 09:42:00,112.95,9.67,TX,credit_card,Amazon Marketplace,5
ORD-2025-11263,PROD_ELEC_002,2025-04-19 12:32:00,284.71,13.06,GA,digital_wallet,Amazon Marketplace,5
ORD-2025-11264,PROD_HOME_002,2025-04-19 12:46:00,159.15,8.08,NC,gift_card,Amazon Marketplace,2
ORD-2025-11265,PROD_ELEC_005,2025-04-19 12:38:00,42.09,9.33,WA,debit_card,Mobile App,5
ORD-2025-11266,PROD_ELEC_001,2025-04-21 12:41:00,173.59,7.76,NY,credit_card,Direct Online Store,4
ORD-2025-11267,PROD_SPRT_004,2025-04-21 16:09:00,86.47,10.5,GA,debit_card,Direct Online Store,3
ORD-2025-11268,PROD_BEAU_001,2025-04-21 20:18:00,28.64,11.77,TX,credit_card,Mobile App,5
ORD-2025-11269,PROD_BEAU_001,2025-04-21 21:49:00,24.03,9.05,CA,digital_wallet,Direct Online Store,4
ORD-2025-11270,PROD_ELEC_002,2025-04-21 12:12:00,338.72,13.78,IL,credit_card,Amazon Marketplace,5
ORD-2025-11271,PROD_ELEC_001,2025-04-21 19:33:00,183.93,8.11,NC,credit_card,Amazon Marketplace,5
ORD-2025-11272,PROD_ELEC_004,2025-04-21 08:03:00,34.86,10.05,FL,debit_card,Direct Online Store,1
ORD-2025-11273,PROD_APP_002,2025-04-21 17:38:00,40.97,13.28,CA,credit_card,Direct Online Store,4
ORD-2025-11274,PROD_ELEC_002,2025-04-21 15:52:00,335.3,14.19,NY,debit_card,Direct Online Store,4
ORD-2025-11275,PROD_BEAU_003,2025-04-21 18:35:00,30.86,9.67,NC,credit_card,Direct Online Store,3
ORD-2025-11276,PROD_HOME_004,2025-04-21 13:43:00,48.43,14.88,CA,digital_wallet,Direct Online Store,5
ORD-2025-11277,PROD_HOME_001,2025-04-21 13:55:00,87.27,13.21,WA,credit_card,Direct Online Store,5
ORD-2025-11278,PROD_BEAU_002,2025-04-21 09:01:00,55.94,6.66,GA,debit_card,Affiliate Channel,5
ORD-2025-11279,PROD_ELEC_001,2025-04-21 08:45:00,168.82,10.99,FL,gift_card,Direct Online Store,2
ORD-2025-11280,PROD_ELEC_004,2025-04-21 20:39:00,35.57,10.12,GA,debit_card,Amazon Marketplace,3
ORD-2025-11281,PROD_SPRT_004,2025-04-21 12:30:00,79.41,14.88,GA,credit_card,Amazon Marketplace,5
ORD-2025-11282,PROD_APP_003,2025-04-21 09:57:00,45.33,10.6,CA,debit_card,Mobile App,5
ORD-2025-11283,PROD_SPRT_002,2025-04-21 16:02:00,260.28,13.67,CA,debit_card,Mobile App,4
ORD-2025-11284,PROD_HOME_001,2025-04-21 14:11:00,84.63,7.13,TX,credit_card,Affiliate Channel,5
ORD-2025-11285,PROD_HOME_004,2025-04-21 21:29:00,42.36,10.51,IL,gift_card,Affiliate Channel,5
ORD-2025-11286,PROD_HOME_003,2025-04-23 17:54:00,113.88,6.18,WA,debit_card,Direct Online Store,5
ORD-2025-11287,PROD_ELEC_004,2025-04-23 14:04:00,32.83,13.23,CA,gift_card,Direct Online Store,5
ORD-2025-11288,PROD_HOME_003,2025-04-23 16:49:00,105.53,13.13,IL,debit_card,Mobile App,3
ORD-2025-11289,PROD_ELEC_004,2025-04-23 12:34:00,33.07,10.78,IL,credit_card,Amazon Marketplace,5
ORD-2025-11290,PROD_HOME_001,2025-04-23 20:04:00,85.22,11.01,CA,digital_wallet,Amazon Marketplace,5
ORD-2025-11291,PROD_ELEC_004,2025-04-23 13:48:00,39.42,9.76,NC,digital_wallet,Affiliate Channel,4
ORD-2025-11292,PROD_APP_003,2025-04-23 13:14:00,45.45,11.14,IL,credit_card,Direct Online Store,5
ORD-2025-11293,PROD_ELEC_001,2025-04-23 15:26:00,164.77,7.76,IL,debit_card,Affiliate Channel,5
ORD-2025-11294,PROD_SPRT_003,2025-04-23 15:15:00,20.71,6.22,WA,digital_wallet,Direct Online Store,5
ORD-2025-11295,PROD_ELEC_003,2025-04-23 09:08:00,122.76,8.3,FL,digital_wallet,Affiliate Channel,5
ORD-2025-11296,PROD_HOME_002,2025-04-23 18:02:00,184.11,13.54,GA,debit_card,Amazon Marketplace,4
ORD-2025-11297,PROD_ELEC_001,2025-04-23 19:53:00,168.52,9.35,WA,digital_wallet,Affiliate Channel,4
ORD-2025-11298,PROD_BEAU_002,2025-04-23 08:29:00,55.69,9.42,FL,credit_card,Affiliate Channel,5
ORD-2025-11299,PROD_HOME_004,2025-04-23 18:48:00,42.44,9.81,FL,gift_card,Direct Online Store,5
ORD-2025-11300,PROD_BEAU_003,2025-04-23 20:11:00,28.14,10.3,GA,digital_wallet,Direct Online Store,3
ORD-2025-11301,PROD_SPRT_001,2025-04-23 14:03:00,34.35,11.72,TX,debit_card,Mobile App,5
ORD-2025-11302,PROD_HOME_004,2025-04-23 15:11:00,45.96,6.48,IL,credit_card,Affiliate Channel,5
ORD-2025-11303,PROD_APP_004,2025-04-23 18:13:00,109.3,13.92,TX,gift_card,Direct Online Store,3
ORD-2025-11304,PROD_APP_002,2025-04-23 22:25:00,43.12,10.48,GA,gift_card,Amazon Marketplace,5
ORD-2025-11305,PROD_ELEC_005,2025-04-23 21:30:00,44.7,12.22,CA,gift_card,Direct Online Store,4
ORD-2025-11306,PROD_SPRT_001,2025-04-23 18:14:00,35.8,8.93,TX,credit_card,Mobile App,4
ORD-2025-11307,PROD_APP_003,2025-04-23 16:53:00,51.18,5.25,TX,gift_card,Amazon Marketplace,5
ORD-2025-11308,PROD_ELEC_003,2025-04-23 14:16:00,140.17,13.54,CA,digital_wallet,Amazon Marketplace,4
ORD-2025-11309,PROD_HOME_002,2025-04-23 17:56:00,187.79,9.74,GA,gift_card,Mobile App,5
ORD-2025-11310,PROD_APP_001,2025-04-23 08:15:00,68.91,12.04,IL,debit_card,Amazon Marketplace,5
ORD-2025-11311,PROD_HOME_004,2025-04-23 10:03:00,48.69,12.29,TX,debit_card,Amazon Marketplace,5
ORD-2025-11312,PROD_ELEC_004,2025-04-23 18:56:00,33.3,13.3,GA,gift_card,Direct Online Store,2
ORD-2025-11313,PROD_ELEC_004,2025-04-23 17:56:00,39.53,7.95,WA,credit_card,Mobile App,5
ORD-2025-11314,PROD_SPRT_002,2025-04-23 10:06:00,249.0,5.32,NC,credit_card,Amazon Marketplace,5
ORD-2025-11315,PROD_APP_001,2025-04-25 17:50:00,67.47,9.13,CA,credit_card,Mobile App,5
ORD-2025-11316,PROD_HOME_004,2025-04-25 16:01:00,41.7,5.61,NY,gift_card,Affiliate Channel,3
ORD-2025-11317,PROD_ELEC_001,2025-04-25 22:12:00,167.74,5.8,GA,credit_card,Mobile App,4
ORD-2025-11318,PROD_ELEC_002,2025-04-25 21:29:00,336.11,6.85,TX,digital_wallet,Mobile App,5
ORD-2025-11319,PROD_APP_003,2025-04-25 17:17:00,45.5,9.41,GA,gift_card,Amazon Marketplace,3
ORD-2025-11320,PROD_ELEC_001,2025-04-25 14:48:00,161.68,5.33,WA,digital_wallet,Direct Online Store,5
ORD-2025-11321,PROD_HOME_003,2025-04-25 13:06:00,114.06,14.87,FL,debit_card,Amazon Marketplace,5
ORD-2025-11322,PROD_APP_001,2025-04-25 09:10:00,63.09,10.41,NY,gift_card,Amazon Marketplace,5
ORD-2025-11323,PROD_ELEC_002,2025-04-25 08:08:00,295.92,13.17,NC,gift_card,Affiliate Channel,5
ORD-2025-11324,PROD_HOME_002,2025-04-25 18:19:00,172.75,6.66,WA,debit_card,Affiliate Channel,5
ORD-2025-11325,PROD_SPRT_003,2025-04-25 21:34:00,22.73,5.01,NC,digital_wallet,Direct Online Store,5
ORD-2025-11326,PROD_BEAU_003,2025-04-25 08:10:00,29.72,13.46,CA,credit_card,Direct Online Store,5
ORD-2025-11327,PROD_APP_001,2025-04-25 22:23:00,67.67,12.72,IL,debit_card,Direct Online Store,5
ORD-2025-11328,PROD_SPRT_002,2025-04-25 22:10:00,278.05,7.25,WA,debit_card,Amazon Marketplace,5
ORD-2025-11329,PROD_ELEC_001,2025-04-25 10:51:00,190.2,5.67,WA,digital_wallet,Mobile App,3
ORD-2025-11330,PROD_ELEC_002,2025-04-25 13:18:00,288.06,7.26,WA,credit_card,Amazon Marketplace,3
ORD-2025-11331,PROD_SPRT_003,2025-04-25 19:50:00,22.22,10.6,FL,debit_card,Amazon Marketplace,5
ORD-2025-11332,PROD_APP_001,2025-04-25 17:27:00,66.54,14.19,TX,credit_card,Direct Online Store,5
ORD-2025-11333,PROD_SPRT_002,2025-04-25 20:17:00,267.08,6.26,IL,credit_card,Amazon Marketplace,3
ORD-2025-11334,PROD_ELEC_002,2025-04-25 13:58:00,326.66,10.98,TX,credit_card,Direct Online Store,5
ORD-2025-11335,PROD_HOME_004,2025-04-27 13:17:00,45.18,8.09,TX,credit_card,Direct Online Store,5
ORD-2025-11336,PROD_SPRT_004,2025-04-27 11:57:00,85.16,5.93,GA,digital_wallet,Direct Online Store,5
ORD-2025-11337,PROD_APP_001,2025-04-27 15:23:00,68.93,7.29,FL,gift_card,Amazon Marketplace,2
ORD-2025-11338,PROD_APP_004,2025-04-27 18:58:00,116.36,13.53,NC,digital_wallet,Affiliate Channel,5
ORD-2025-11339,PROD_ELEC_005,2025-04-27 15:51:00,41.09,9.26,FL,credit_card,Direct Online Store,5
ORD-2025-11340,PROD_APP_001,2025-04-27 13:55:00,57.68,14.02,TX,digital_wallet,Direct Online Store,5
ORD-2025-11341,PROD_ELEC_004,2025-04-27 13:00:00,34.46,13.6,WA,credit_card,Mobile App,5
ORD-2025-11342,PROD_ELEC_005,2025-04-27 18:53:00,43.59,8.0,CA,gift_card,Affiliate Channel,3
ORD-2025-11343,PROD_BEAU_002,2025-04-27 10:23:00,56.86,11.05,IL,debit_card,Amazon Marketplace,1
ORD-2025-11344,PROD_SPRT_001,2025-04-27 20:43:00,34.33,7.54,WA,credit_card,Amazon Marketplace,4
ORD-2025-11345,PROD_ELEC_001,2025-04-27 14:31:00,178.28,9.93,NC,debit_card,Amazon Marketplace,3
ORD-2025-11346,PROD_APP_001,2025-04-27 09:22:00,56.19,9.3,CA,debit_card,Mobile App,5
ORD-2025-11347,PROD_SPRT_002,2025-04-27 22:33:00,226.23,7.75,WA,digital_wallet,Amazon Marketplace,3
ORD-2025-11348,PROD_SPRT_002,2025-04-27 19:50:00,236.6,11.99,GA,debit_card,Affiliate Channel,4
ORD-2025-11349,PROD_ELEC_001,2025-04-27 18:37:00,189.35,9.82,TX,digital_wallet,Mobile App,2
ORD-2025-11350,PROD_HOME_002,2025-04-27 10:35:00,186.94,10.86,TX,debit_card,Amazon Marketplace,3
ORD-2025-11351,PROD_ELEC_001,2025-04-27 20:42:00,178.66,8.53,NC,debit_card,Mobile App,5
ORD-2025-11352,PROD_SPRT_002,2025-04-27 10:41:00,247.01,7.52,CA,credit_card,Amazon Marketplace,4
ORD-2025-11353,PROD_APP_003,2025-04-27 10:38:00,54.03,10.7,CA,credit_card,Affiliate Channel,5
ORD-2025-11354,PROD_BEAU_002,2025-04-27 22:53:00,55.07,5.0,WA,credit_card,Mobile App,5
ORD-2025-11355,PROD_APP_001,2025-04-27 08:45:00,58.29,11.47,FL,credit_card,Direct Online Store,4
ORD-2025-11356,PROD_ELEC_003,2025-04-27 16:39:00,142.62,12.63,TX,debit_card,Amazon Marketplace,5
ORD-2025-11357,PROD_BEAU_002,2025-04-27 21:00:00,48.6,7.22,CA,gift_card,Direct Online Store,2
ORD-2025-11358,PROD_ELEC_005,2025-04-27 12:25:00,43.4,8.2,NY,gift_card,Direct Online Store,5
ORD-2025-11359,PROD_BEAU_001,2025-04-27 16:45:00,27.65,7.18,WA,credit_card,Direct Online Store,5
ORD-2025-11360,PROD_APP_003,2025-04-27 15:52:00,52.79,9.24,NC,debit_card,Amazon Marketplace,4
ORD-2025-11361,PROD_APP_002,2025-04-27 09:00:00,37.02,12.87,IL,digital_wallet,Direct Online Store,2
ORD-2025-11362,PROD_HOME_001,2025-04-27 13:17:00,95.99,5.99,IL,credit_card,Amazon Marketplace,5
ORD-2025-11363,PROD_BEAU_002,2025-04-27 15:26:00,49.25,10.23,CA,gift_card,Amazon Marketplace,4
ORD-2025-11364,PROD_SPRT_004,2025-04-27 12:56:00,78.77,5.45,NC,credit_card,Affiliate Channel,5
ORD-2025-11365,PROD_ELEC_004,2025-04-29 21:54:00,36.46,14.98,GA,debit_card,Amazon Marketplace,5
ORD-2025-11366,PROD_APP_001,2025-04-29 15:19:00,67.63,10.6,IL,digital_wallet,Direct Online Store,4
ORD-2025-11367,PROD_APP_001,2025-04-29 20:12:00,65.16,12.81,NC,digital_wallet,Affiliate Channel,5
ORD-2025-11368,PROD_ELEC_001,2025-04-29 13:47:00,165.03,12.73,FL,gift_card,Amazon Marketplace,5
ORD-2025-11369,PROD_SPRT_003,2025-04-29 16:27:00,21.55,6.73,IL,credit_card,Direct Online Store,1
ORD-2025-11370,PROD_ELEC_001,2025-04-29 18:56:00,190.9,13.74,WA,gift_card,Mobile App,5
ORD-2025-11371,PROD_HOME_004,2025-04-29 17:01:00,47.65,12.8,CA,debit_card,Affiliate Channel,5
ORD-2025-11372,PROD_APP_004,2025-04-29 18:40:00,118.79,9.89,NC,credit_card,Mobile App,5
ORD-2025-11373,PROD_SPRT_001,2025-04-29 15:03:00,35.81,7.76,NC,gift_card,Direct Online Store,5
ORD-2025-11374,PROD_BEAU_002,2025-04-29 14:16:00,48.44,8.51,NC,gift_card,Amazon Marketplace,4
ORD-2025-11375,PROD_HOME_004,2025-04-29 22:50:00,45.95,14.25,NY,digital_wallet,Mobile App,3
ORD-2025-11376,PROD_ELEC_003,2025-04-29 17:02:00,125.5,12.47,CA,debit_card,Affiliate Channel,5
ORD-2025-11377,PROD_APP_001,2025-04-29 12:21:00,68.45,12.77,CA,gift_card,Affiliate Channel,5
ORD-2025-11378,PROD_APP_003,2025-04-29 13:57:00,46.71,9.28,CA,debit_card,Amazon Marketplace,5
ORD-2025-11379,PROD_BEAU_001,2025-04-29 15:41:00,28.52,5.27,GA,debit_card,Direct Online Store,4
ORD-2025-11380,PROD_BEAU_003,2025-04-29 22:08:00,28.78,6.2,TX,debit_card,Affiliate Channel,5
ORD-2025-11381,PROD_BEAU_003,2025-04-29 17:01:00,30.49,12.76,GA,gift_card,Mobile App,5
ORD-2025-11382,PROD_HOME_002,2025-04-29 15:48:00,159.27,5.47,FL,gift_card,Amazon Marketplace,5
ORD-2025-11383,PROD_APP_001,2025-04-29 16:48:00,60.28,13.68,GA,gift_card,Direct Online Store,4
ORD-2025-11384,PROD_HOME_002,2025-04-29 21:42:00,165.76,13.48,IL,debit_card,Amazon Marketplace,3
ORD-2025-11385,PROD_BEAU_002,2025-04-29 20:44:00,52.22,10.61,NY,gift_card,Affiliate Channel,5
ORD-2025-11386,PROD_HOME_004,2025-04-29 14:48:00,41.6,12.63,TX,credit_card,Affiliate Channel,5
ORD-2025-11387,PROD_SPRT_003,2025-04-29 17:05:00,21.16,10.09,TX,gift_card,Direct Online Store,5
ORD-2025-11388,PROD_BEAU_001,2025-04-29 20:51:00,24.2,12.69,FL,gift_card,Direct Online Store,5
ORD-2025-11389,PROD_ELEC_001,2025-04-29 12:10:00,167.1,8.08,NC,digital_wallet,Amazon Marketplace,5
ORD-2025-11390,PROD_SPRT_002,2025-05-01 09:43:00,242.76,14.72,FL,digital_wallet,Mobile App,4
ORD-2025-11391,PROD_SPRT_004,2025-05-01 17:39:00,87.96,8.59,NC,gift_card,Direct Online Store,1
ORD-2025-11392,PROD_SPRT_004,2025-05-01 15:12:00,78.89,13.2,CA,digital_wallet,Mobile App,1
ORD-2025-11393,PROD_SPRT_001,2025-05-01 22:32:00,32.0,7.32,IL,debit_card,Direct Online Store,4
ORD-2025-11394,PROD_ELEC_003,2025-05-01 16:55:00,133.83,9.14,CA,gift_card,Affiliate Channel,2
ORD-2025-11395,PROD_APP_004,2025-05-01 18:33:00,103.72,8.44,CA,credit_card,Affiliate Channel,4
ORD-2025-11396,PROD_APP_004,2025-05-01 10:57:00,106.05,12.23,NY,digital_wallet,Direct Online Store,5
ORD-2025-11397,PROD_BEAU_002,2025-05-01 17:09:00,58.62,5.54,NC,digital_wallet,Direct Online Store,5
ORD-2025-11398,PROD_ELEC_002,2025-05-01 16:40:00,314.07,10.39,NY,gift_card,Amazon Marketplace,5
ORD-2025-11399,PROD_SPRT_001,2025-05-01 18:55:00,32.42,10.5,IL,digital_wallet,Mobile App,4
ORD-2025-11400,PROD_ELEC_001,2025-05-01 16:42:00,199.22,6.47,WA,debit_card,Affiliate Channel,4
ORD-2025-11401,PROD_ELEC_003,2025-05-01 17:43:00,133.8,9.23,NY,gift_card,Direct Online Store,5
ORD-2025-11402,PROD_BEAU_003,2025-05-01 16:08:00,34.06,10.57,CA,debit_card,Direct Online Store,5
ORD-2025-11403,PROD_APP_001,2025-05-01 22:16:00,64.09,11.73,IL,digital_wallet,Amazon Marketplace,5
ORD-2025-11404,PROD_SPRT_004,2025-05-01 13:33:00,78.27,11.42,GA,credit_card,Direct Online Store,5
ORD-2025-11405,PROD_HOME_001,2025-05-01 10:42:00,81.38,6.43,WA,debit_card,Affiliate Channel,5
ORD-2025-11406,PROD_SPRT_003,2025-05-01 15:23:00,20.36,14.57,FL,credit_card,Amazon Marketplace,5
ORD-2025-11407,PROD_APP_004,2025-05-01 19:03:00,110.27,13.16,FL,gift_card,Affiliate Channel,5
ORD-2025-11408,PROD_HOME_001,2025-05-01 22:44:00,93.63,13.44,IL,credit_card,Mobile App,5
ORD-2025-11409,PROD_BEAU_001,2025-05-01 21:28:00,25.47,12.0,WA,digital_wallet,Direct Online Store,1
ORD-2025-11410,PROD_HOME_004,2025-05-01 16:34:00,47.27,13.77,TX,credit_card,Mobile App,3
ORD-2025-11411,PROD_SPRT_003,2025-05-01 12:45:00,22.5,10.18,NC,gift_card,Amazon Marketplace,1
ORD-2025-11412,PROD_ELEC_005,2025-05-01 15:38:00,49.61,9.03,NC,digital_wallet,Direct Online Store,5
ORD-2025-11413,PROD_SPRT_003,2025-05-01 21:56:00,20.91,14.68,TX,debit_card,Direct Online Store,2
ORD-2025-11414,PROD_APP_001,2025-05-01 14:36:00,64.57,6.66,TX,credit_card,Affiliate Channel,5
ORD-2025-11415,PROD_ELEC_003,2025-05-01 14:11:00,121.53,10.69,FL,digital_wallet,Affiliate Channel,4
ORD-2025-11416,PROD_SPRT_003,2025-05-01 10:37:00,20.25,11.57,FL,debit_card,Mobile App,4
ORD-2025-11417,PROD_BEAU_003,2025-05-01 19:31:00,32.19,10.15,GA,debit_card,Mobile App,3
ORD-2025-11418,PROD_BEAU_001,2025-05-01 10:03:00,29.26,7.55,IL,debit_card,Direct Online Store,5
ORD-2025-11419,PROD_SPRT_004,2025-05-01 09:09:00,86.58,12.64,TX,gift_card,Direct Online Store,5
ORD-2025-11420,PROD_ELEC_003,2025-05-01 19:29:00,148.5,14.79,NC,debit_card,Direct Online Store,2
ORD-2025-11421,PROD_HOME_001,2025-05-01 21:18:00,86.76,13.53,NY,debit_card,Mobile App,5
ORD-2025-11422,PROD_APP_002,2025-05-01 22:40:00,39.82,8.21,GA,debit_card,Direct Online Store,5
ORD-2025-11423,PROD_BEAU_001,2025-05-03 10:47:00,24.99,8.84,TX,digital_wallet,Direct Online Store,5
ORD-2025-11424,PROD_ELEC_005,2025-05-03 11:01:00,48.16,8.37,GA,gift_card,Affiliate Channel,4
ORD-2025-11425,PROD_ELEC_004,2025-05-03 14:08:00,37.9,14.06,CA,digital_wallet,Affiliate Channel,5
ORD-2025-11426,PROD_ELEC_001,2025-05-03 22:00:00,173.64,7.46,GA,gift_card,Affiliate Channel,5
ORD-2025-11427,PROD_SPRT_001,2025-05-03 20:48:00,37.33,9.8,IL,credit_card,Mobile App,5
ORD-2025-11428,PROD_HOME_001,2025-05-03 11:04:00,97.58,6.63,FL,gift_card,Mobile App,3
ORD-2025-11429,PROD_ELEC_004,2025-05-03 18:10:00,36.02,9.96,NY,gift_card,Mobile App,5
ORD-2025-11430,PROD_BEAU_001,2025-05-03 08:09:00,26.54,11.63,WA,credit_card,Amazon Marketplace,5
ORD-2025-11431,PROD_APP_002,2025-05-03 10:51:00,44.63,7.98,IL,digital_wallet,Mobile App,3
ORD-2025-11432,PROD_HOME_001,2025-05-03 14:01:00,99.99,7.71,GA,gift_card,Amazon Marketplace,4
ORD-2025-11433,PROD_HOME_002,2025-05-03 19:53:00,154.92,13.85,GA,gift_card,Mobile App,5
ORD-2025-11434,PROD_SPRT_004,2025-05-03 22:44:00,81.51,5.34,WA,credit_card,Affiliate Channel,4
ORD-2025-11435,PROD_APP_001,2025-05-03 13:24:00,61.69,5.78,FL,digital_wallet,Direct Online Store,4
ORD-2025-11436,PROD_ELEC_003,2025-05-03 13:34:00,139.37,5.01,NY,credit_card,Mobile App,3
ORD-2025-11437,PROD_BEAU_002,2025-05-03 18:23:00,51.37,11.19,FL,credit_card,Affiliate Channel,5
ORD-2025-11438,PROD_BEAU_003,2025-05-03 17:15:00,34.97,7.85,CA,digital_wallet,Mobile App,3
ORD-2025-11439,PROD_ELEC_004,2025-05-03 11:38:00,32.11,14.94,TX,debit_card,Direct Online Store,4
ORD-2025-11440,PROD_ELEC_001,2025-05-03 10:49:00,176.45,8.94,CA,debit_card,Mobile App,3
ORD-2025-11441,PROD_SPRT_002,2025-05-03 19:47:00,241.66,7.79,CA,gift_card,Direct Online Store,5
ORD-2025-11442,PROD_HOME_002,2025-05-03 22:24:00,163.47,5.91,IL,gift_card,Amazon Marketplace,3
ORD-2025-11443,PROD_APP_003,2025-05-03 22:12:00,50.4,7.0,GA,digital_wallet,Mobile App,3
ORD-2025-11444,PROD_SPRT_001,2025-05-03 21:27:00,32.79,12.62,GA,credit_card,Affiliate Channel,1
ORD-2025-11445,PROD_ELEC_002,2025-05-03 09:38:00,347.12,11.79,NY,digital_wallet,Amazon Marketplace,5
ORD-2025-11446,PROD_APP_002,2025-05-03 14:06:00,36.8,13.11,NY,digital_wallet,Mobile App,5
ORD-2025-11447,PROD_SPRT_002,2025-05-03 10:42:00,270.86,8.99,NY,credit_card,Affiliate Channel,5
ORD-2025-11448,PROD_BEAU_002,2025-05-03 08:20:00,51.92,6.59,FL,gift_card,Direct Online Store,5
ORD-2025-11449,PROD_APP_004,2025-05-03 19:50:00,113.31,9.8,CA,debit_card,Amazon Marketplace,5
ORD-2025-11450,PROD_ELEC_003,2025-05-03 17:21:00,127.61,13.23,FL,digital_wallet,Affiliate Channel,3
ORD-2025-11451,PROD_BEAU_003,2025-05-03 14:11:00,28.01,6.32,FL,digital_wallet,Affiliate Channel,2
ORD-2025-11452,PROD_HOME_003,2025-05-03 09:47:00,129.64,12.49,IL,credit_card,Amazon Marketplace,5
ORD-2025-11453,PROD_SPRT_002,2025-05-03 16:25:00,279.66,14.07,CA,digital_wallet,Direct Online Store,5
ORD-2025-11454,PROD_ELEC_002,2025-05-03 13:02:00,333.28,13.29,TX,credit_card,Affiliate Channel,5
ORD-2025-11455,PROD_SPRT_004,2025-05-05 17:02:00,87.82,13.6,NY,debit_card,Direct Online Store,4
ORD-2025-11456,PROD_APP_003,2025-05-05 17:16:00,53.42,6.35,WA,debit_card,Amazon Marketplace,4
ORD-2025-11457,PROD_BEAU_002,2025-05-05 13:14:00,53.17,11.96,NY,debit_card,Affiliate Channel,5
ORD-2025-11458,PROD_SPRT_004,2025-05-05 15:22:00,82.24,6.33,GA,digital_wallet,Mobile App,5
ORD-2025-11459,PROD_APP_004,2025-05-05 13:18:00,105.82,6.37,IL,digital_wallet,Mobile App,5
ORD-2025-11460,PROD_ELEC_003,2025-05-05 19:35:00,149.5,10.61,NC,digital_wallet,Mobile App,5
ORD-2025-11461,PROD_HOME_001,2025-05-05 14:25:00,83.09,12.62,TX,debit_card,Mobile App,5
ORD-2025-11462,PROD_BEAU_003,2025-05-05 14:00:00,34.62,11.99,FL,gift_card,Direct Online Store,4
ORD-2025-11463,PROD_ELEC_005,2025-05-05 12:28:00,45.76,9.48,TX,gift_card,Affiliate Channel,5
ORD-2025-11464,PROD_APP_002,2025-05-05 13:01:00,36.04,8.66,NY,digital_wallet,Amazon Marketplace,4
ORD-2025-11465,PROD_ELEC_003,2025-05-05 09:27:00,129.61,11.35,GA,credit_card,Mobile App,5
ORD-2025-11466,PROD_HOME_003,2025-05-05 10:16:00,115.12,8.73,IL,credit_card,Amazon Marketplace,5
ORD-2025-11467,PROD_HOME_002,2025-05-05 14:16:00,168.44,5.57,WA,debit_card,Direct Online Store,4
ORD-2025-11468,PROD_HOME_002,2025-05-05 08:20:00,152.47,9.68,GA,credit_card,Direct Online Store,4
ORD-2025-11469,PROD_SPRT_001,2025-05-05 19:59:00,35.74,9.35,IL,gift_card,Amazon Marketplace,5
ORD-2025-11470,PROD_ELEC_004,2025-05-07 17:31:00,38.43,8.22,IL,gift_card,Affiliate Channel,5
ORD-2025-11471,PROD_ELEC_001,2025-05-07 11:47:00,181.24,12.72,GA,gift_card,Direct Online Store,5
ORD-2025-11472,PROD_APP_003,2025-05-07 10:10:00,46.13,6.0,CA,digital_wallet,Affiliate Channel,5
ORD-2025-11473,PROD_APP_002,2025-05-07 17:44:00,37.64,11.9,GA,debit_card,Amazon Marketplace,5
ORD-2025-11474,PROD_HOME_004,2025-05-07 22:08:00,49.59,13.69,WA,debit_card,Amazon Marketplace,4
ORD-2025-11475,PROD_BEAU_002,2025-05-07 12:10:00,49.68,11.53,GA,gift_card,Amazon Marketplace,4
ORD-2025-11476,PROD_APP_001,2025-05-07 10:02:00,62.5,8.38,TX,debit_card,Amazon Marketplace,5
ORD-2025-11477,PROD_ELEC_004,2025-05-07 17:12:00,32.06,5.65,FL,debit_card,Mobile App,5
ORD-2025-11478,PROD_APP_002,2025-05-07 17:33:00,40.54,5.71,TX,credit_card,Affiliate Channel,5
ORD-2025-11479,PROD_HOME_002,2025-05-07 13:08:00,177.52,7.69,NC,credit_card,Affiliate Channel,5
ORD-2025-11480,PROD_SPRT_003,2025-05-07 11:07:00,21.88,7.02,CA,credit_card,Affiliate Channel,4
ORD-2025-11481,PROD_APP_003,2025-05-07 14:40:00,53.29,12.73,TX,debit_card,Affiliate Channel,5
ORD-2025-11482,PROD_BEAU_002,2025-05-07 19:32:00,48.72,9.14,CA,gift_card,Affiliate Channel,2
ORD-2025-11483,PROD_BEAU_003,2025-05-07 16:23:00,29.37,5.03,CA,debit_card,Affiliate Channel,4
ORD-2025-11484,PROD_HOME_002,2025-05-07 12:08:00,183.55,10.03,IL,credit_card,Direct Online Store,4
ORD-2025-11485,PROD_HOME_001,2025-05-07 08:43:00,97.34,9.96,NC,gift_card,Mobile App,5
ORD-2025-11486,PROD_BEAU_001,2025-05-07 08:53:00,29.16,10.69,NC,debit_card,Direct Online Store,3
ORD-2025-11487,PROD_APP_003,2025-05-07 13:40:00,52.89,10.08,NC,digital_wallet,Affiliate Channel,4
ORD-2025-11488,PROD_HOME_001,2025-05-07 18:37:00,94.65,10.95,FL,credit_card,Amazon Marketplace,1
ORD-2025-11489,PROD_SPRT_003,2025-05-07 19:17:00,21.25,13.39,NY,digital_wallet,Affiliate Channel,5
ORD-2025-11490,PROD_SPRT_004,2025-05-07 12:38:00,75.34,5.14,FL,debit_card,Affiliate Channel,4
ORD-2025-11491,PROD_BEAU_001,2025-05-07 17:16:00,29.22,12.45,NC,credit_card,Amazon Marketplace,5
ORD-2025-11492,PROD_SPRT_002,2025-05-07 18:04:00,227.66,10.34,NY,digital_wallet,Mobile App,5
ORD-2025-11493,PROD_HOME_002,2025-05-07 10:43:00,189.37,12.0,GA,gift_card,Amazon Marketplace,5
ORD-2025-11494,PROD_APP_002,2025-05-07 12:31:00,36.24,12.03,IL,debit_card,Amazon Marketplace,5
ORD-2025-11495,PROD_BEAU_002,2025-05-07 16:49:00,51.64,5.64,TX,debit_card,Amazon Marketplace,5
ORD-2025-11496,PROD_SPRT_002,2025-05-07 21:18:00,276.75,11.57,NY,gift_card,Direct Online Store,5
ORD-2025-11497,PROD_APP_002,2025-05-09 14:19:00,42.69,11.42,GA,digital_wallet,Affiliate Channel,5
ORD-2025-11498,PROD_HOME_002,2025-05-09 17:49:00,163.9,11.24,NC,debit_card,Amazon Marketplace,1
ORD-2025-11499,PROD_SPRT_004,2025-05-09 20:07:00,81.98,7.01,CA,credit_card,Amazon Marketplace,5
ORD-2025-11500,PROD_HOME_004,2025-05-09 13:57:00,49.92,9.19,WA,gift_card,Affiliate Channel,2
ORD-2025-11501,PROD_HOME_002,2025-05-09 13:20:00,154.77,14.47,WA,gift_card,Mobile App,5
ORD-2025-11502,PROD_APP_001,2025-05-09 08:24:00,63.96,5.06,GA,digital_wallet,Affiliate Channel,4
ORD-2025-11503,PROD_ELEC_005,2025-05-09 14:22:00,49.42,5.71,IL,digital_wallet,Direct Online Store,5
ORD-2025-11504,PROD_APP_004,2025-05-09 17:39:00,113.75,12.7,GA,digital_wallet,Direct Online Store,5
ORD-2025-11505,PROD_APP_002,2025-05-09 14:01:00,41.33,10.34,FL,digital_wallet,Affiliate Channel,3
ORD-2025-11506,PROD_ELEC_003,2025-05-09 08:56:00,121.24,9.08,IL,digital_wallet,Amazon Marketplace,3
ORD-2025-11507,PROD_SPRT_001,2025-05-09 19:21:00,39.5,5.45,CA,debit_card,Direct Online Store,1
ORD-2025-11508,PROD_APP_004,2025-05-09 08:37:00,114.89,11.68,NC,credit_card,Affiliate Channel,5
ORD-2025-11509,PROD_SPRT_003,2025-05-09 10:35:00,24.32,7.73,IL,credit_card,Amazon Marketplace,5
ORD-2025-11510,PROD_SPRT_004,2025-05-09 08:29:00,89.75,8.18,FL,digital_wallet,Affiliate Channel,4
ORD-2025-11511,PROD_BEAU_003,2025-05-09 17:20:00,31.42,14.84,GA,debit_card,Mobile App,4
ORD-2025-11512,PROD_HOME_002,2025-05-09 10:42:00,166.13,10.49,NC,credit_card,Amazon Marketplace,4
ORD-2025-11513,PROD_APP_004,2025-05-09 08:51:00,104.38,13.09,FL,credit_card,Mobile App,3
ORD-2025-11514,PROD_ELEC_005,2025-05-11 08:29:00,47.19,13.42,FL,digital_wallet,Amazon Marketplace,5
ORD-2025-11515,PROD_ELEC_004,2025-05-11 12:34:00,36.47,9.6,NC,gift_card,Mobile App,4
ORD-2025-11516,PROD_ELEC_004,2025-05-11 19:17:00,39.46,13.99,TX,debit_card,Direct Online Store,5
ORD-2025-11517,PROD_ELEC_005,2025-05-11 21:25:00,46.79,11.41,IL,credit_card,Affiliate Channel,5
ORD-2025-11518,PROD_APP_003,2025-05-11 18:23:00,45.19,5.31,NC,digital_wallet,Amazon Marketplace,5
ORD-2025-11519,PROD_BEAU_003,2025-05-11 15:12:00,31.38,5.99,CA,gift_card,Affiliate Channel,5
ORD-2025-11520,PROD_SPRT_003,2025-05-11 09:23:00,20.16,14.15,NY,credit_card,Affiliate Channel,5
ORD-2025-11521,PROD_ELEC_005,2025-05-11 13:52:00,48.52,8.81,WA,digital_wallet,Affiliate Channel,4
ORD-2025-11522,PROD_SPRT_003,2025-05-11 11:08:00,20.32,14.28,GA,debit_card,Amazon Marketplace,4
ORD-2025-11523,PROD_ELEC_004,2025-05-11 10:56:00,35.97,10.79,TX,debit_card,Affiliate Channel,4
ORD-2025-11524,PROD_SPRT_003,2025-05-11 14:20:00,21.45,12.97,IL,gift_card,Direct Online Store,4
ORD-2025-11525,PROD_SPRT_002,2025-05-11 13:45:00,253.89,9.47,IL,credit_card,Affiliate Channel,5
ORD-2025-11526,PROD_HOME_002,2025-05-11 21:56:00,167.44,5.77,CA,gift_card,Amazon Marketplace,5
ORD-2025-11527,PROD_ELEC_003,2025-05-11 08:35:00,148.05,9.94,IL,digital_wallet,Affiliate Channel,5
ORD-2025-11528,PROD_SPRT_002,2025-05-11 14:13:00,265.23,10.12,CA,debit_card,Direct Online Store,4
ORD-2025-11529,PROD_HOME_004,2025-05-11 09:11:00,47.61,8.99,NY,credit_card,Mobile App,4
ORD-2025-11530,PROD_SPRT_002,2025-05-11 17:41:00,249.37,6.55,NC,credit_card,Amazon Marketplace,4
ORD-2025-11531,PROD_ELEC_001,2025-05-11 14:45:00,180.45,14.15,CA,credit_card,Direct Online Store,5
ORD-2025-11532,PROD_ELEC_005,2025-05-11 10:24:00,42.2,10.89,FL,debit_card,Mobile App,3
ORD-2025-11533,PROD_SPRT_001,2025-05-11 17:57:00,33.2,11.61,GA,credit_card,Amazon Marketplace,4
ORD-2025-11534,PROD_ELEC_002,2025-05-11 14:55:00,327.04,10.11,FL,debit_card,Mobile App,5
ORD-2025-11535,PROD_BEAU_002,2025-05-11 09:49:00,54.15,7.36,TX,debit_card,Direct Online Store,5
ORD-2025-11536,PROD_HOME_002,2025-05-11 15:43:00,164.1,12.68,CA,digital_wallet,Amazon Marketplace,4
ORD-2025-11537,PROD_SPRT_001,2025-05-11 11:33:00,35.16,13.77,IL,digital_wallet,Mobile App,5
ORD-2025-11538,PROD_HOME_003,2025-05-11 09:19:00,116.02,6.05,NY,digital_wallet,Affiliate Channel,2
ORD-2025-11539,PROD_ELEC_004,2025-05-11 20:20:00,32.5,14.78,CA,debit_card,Affiliate Channel,5
ORD-2025-11540,PROD_BEAU_002,2025-05-11 22:49:00,52.46,8.94,NY,credit_card,Affiliate Channel,3
ORD-2025-11541,PROD_BEAU_002,2025-05-11 10:14:00,53.54,13.74,IL,digital_wallet,Mobile App,5
ORD-2025-11542,PROD_HOME_001,2025-05-11 12:01:00,80.47,10.75,FL,gift_card,Affiliate Channel,2
ORD-2025-11543,PROD_ELEC_001,2025-05-11 13:30:00,191.27,6.35,FL,gift_card,Amazon Marketplace,3
ORD-2025-11544,PROD_HOME_003,2025-05-11 22:10:00,117.04,9.53,TX,gift_card,Amazon Marketplace,5
ORD-2025-11545,PROD_HOME_004,2025-05-11 08:08:00,42.25,7.08,NY,digital_wallet,Mobile App,2
ORD-2025-11546,PROD_HOME_001,2025-05-11 10:19:00,80.07,7.27,NY,gift_card,Mobile App,5
ORD-2025-11547,PROD_HOME_003,2025-05-11 14:51:00,123.38,7.47,NC,credit_card,Affiliate Channel,3
ORD-2025-11548,PROD_HOME_001,2025-05-13 14:11:00,83.06,12.09,NY,digital_wallet,Mobile App,5
ORD-2025-11549,PROD_ELEC_003,2025-05-13 22:59:00,135.38,12.41,NY,gift_card,Direct Online Store,5
ORD-2025-11550,PROD_HOME_002,2025-05-13 16:42:00,183.85,6.66,NY,gift_card,Direct Online Store,4
ORD-2025-11551,PROD_HOME_001,2025-05-13 12:53:00,98.01,12.88,IL,gift_card,Affiliate Channel,4
ORD-2025-11552,PROD_ELEC_002,2025-05-13 19:31:00,332.13,10.62,GA,digital_wallet,Direct Online Store,4
ORD-2025-11553,PROD_ELEC_005,2025-05-13 14:18:00,42.8,6.25,FL,debit_card,Direct Online Store,4
ORD-2025-11554,PROD_BEAU_001,2025-05-13 19:01:00,26.18,14.69,NC,debit_card,Direct Online Store,5
ORD-2025-11555,PROD_APP_002,2025-05-13 19:24:00,40.92,6.23,NC,gift_card,Affiliate Channel,2
ORD-2025-11556,PROD_ELEC_001,2025-05-13 11:17:00,187.45,8.94,TX,credit_card,Amazon Marketplace,4
ORD-2025-11557,PROD_ELEC_005,2025-05-13 17:37:00,43.0,7.2,CA,credit_card,Amazon Marketplace,4
ORD-2025-11558,PROD_BEAU_001,2025-05-13 17:47:00,24.65,9.88,CA,credit_card,Affiliate Channel,3
ORD-2025-11559,PROD_SPRT_004,2025-05-13 21:25:00,87.3,8.04,NY,digital_wallet,Mobile App,5
ORD-2025-11560,PROD_APP_001,2025-05-13 15:19:00,59.12,8.5,NC,digital_wallet,Affiliate Channel,3
ORD-2025-11561,PROD_ELEC_005,2025-05-13 16:24:00,46.22,5.53,FL,gift_card,Amazon Marketplace,5
ORD-2025-11562,PROD_ELEC_003,2025-05-13 22:41:00,126.52,8.57,NC,digital_wallet,Mobile App,5
ORD-2025-11563,PROD_APP_001,2025-05-13 21:56:00,63.19,9.39,IL,credit_card,Mobile App,4
ORD-2025-11564,PROD_ELEC_001,2025-05-13 21:35:00,165.66,12.93,WA,credit_card,Amazon Marketplace,4
ORD-2025-11565,PROD_HOME_002,2025-05-13 21:59:00,162.3,14.79,IL,digital_wallet,Mobile App,3
ORD-2025-11566,PROD_HOME_004,2025-05-13 11:36:00,48.18,14.11,CA,digital_wallet,Affiliate Channel,4
ORD-2025-11567,PROD_APP_003,2025-05-13 19:47:00,44.82,7.76,NY,digital_wallet,Affiliate Channel,5
ORD-2025-11568,PROD_APP_002,2025-05-13 20:37:00,44.16,7.61,GA,gift_card,Mobile App,5
ORD-2025-11569,PROD_ELEC_005,2025-05-13 13:18:00,49.91,5.14,FL,gift_card,Affiliate Channel,4
ORD-2025-11570,PROD_BEAU_001,2025-05-13 20:23:00,28.82,11.98,CA,credit_card,Direct Online Store,4
ORD-2025-11571,PROD_SPRT_002,2025-05-13 17:05:00,266.37,8.12,WA,credit_card,Direct Online Store,5
ORD-2025-11572,PROD_BEAU_003,2025-05-15 20:00:00,33.79,6.04,GA,credit_card,Affiliate Channel,5
ORD-2025-11573,PROD_SPRT_004,2025-05-15 12:08:00,78.64,8.2,WA,gift_card,Direct Online Store,5
ORD-2025-11574,PROD_SPRT_002,2025-05-15 21:37:00,279.86,13.64,FL,debit_card,Direct Online Store,5
ORD-2025-11575,PROD_APP_004,2025-05-15 08:03:00,102.16,5.12,TX,debit_card,Direct Online Store,5
ORD-2025-11576,PROD_SPRT_001,2025-05-15 13:58:00,37.31,11.47,CA,digital_wallet,Amazon Marketplace,5
ORD-2025-11577,PROD_ELEC_004,2025-05-15 14:30:00,33.69,5.27,CA,credit_card,Mobile App,5
ORD-2025-11578,PROD_HOME_002,2025-05-15 21:25:00,168.47,5.19,NC,debit_card,Amazon Marketplace,3
ORD-2025-11579,PROD_SPRT_001,2025-05-15 08:02:00,38.9,6.37,WA,debit_card,Amazon Marketplace,5
ORD-2025-11580,PROD_APP_001,2025-05-15 09:42:00,64.7,11.55,CA,credit_card,Direct Online Store,4
ORD-2025-11581,PROD_APP_004,2025-05-15 11:14:00,114.97,10.76,TX,digital_wallet,Amazon Marketplace,5
ORD-2025-11582,PROD_ELEC_004,2025-05-15 12:21:00,38.72,12.33,NC,digital_wallet,Mobile App,5
ORD-2025-11583,PROD_HOME_001,2025-05-15 12:39:00,92.0,12.73,GA,gift_card,Direct Online Store,5
ORD-2025-11584,PROD_SPRT_003,2025-05-15 19:03:00,22.84,7.68,WA,debit_card,Affiliate Channel,4
ORD-2025-11585,PROD_BEAU_003,2025-05-15 18:36:00,28.92,7.43,WA,debit_card,Affiliate Channel,3
ORD-2025-11586,PROD_HOME_003,2025-05-15 10:24:00,109.86,8.35,NC,digital_wallet,Mobile App,5
ORD-2025-11587,PROD_ELEC_003,2025-05-15 10:23:00,127.07,8.9,FL,credit_card,Affiliate Channel,5
ORD-2025-11588,PROD_ELEC_004,2025-05-15 11:25:00,33.73,8.69,WA,debit_card,Mobile App,3
ORD-2025-11589,PROD_APP_004,2025-05-15 18:14:00,110.54,12.2,WA,debit_card,Affiliate Channel,5
ORD-2025-11590,PROD_SPRT_003,2025-05-15 12:12:00,23.3,7.5,NC,gift_card,Amazon Marketplace,5
ORD-2025-11591,PROD_HOME_002,2025-05-15 18:44:00,184.04,9.58,NC,debit_card,Amazon Marketplace,5
ORD-2025-11592,PROD_APP_002,2025-05-15 16:47:00,42.41,10.49,NC,debit_card,Direct Online Store,5
ORD-2025-11593,PROD_ELEC_004,2025-05-15 15:37:00,35.68,7.96,FL,credit_card,Affiliate Channel,5
ORD-2025-11594,PROD_APP_003,2025-05-15 22:50:00,49.49,6.02,FL,gift_card,Direct Online Store,5
ORD-2025-11595,PROD_ELEC_001,2025-05-15 08:30:00,191.66,6.31,TX,credit_card,Direct Online Store,5
ORD-2025-11596,PROD_SPRT_004,2025-05-15 19:01:00,81.32,10.54,TX,gift_card,Mobile App,5
ORD-2025-11597,PROD_ELEC_004,2025-05-15 20:12:00,39.01,7.85,IL,gift_card,Affiliate Channel,5
ORD-2025-11598,PROD_APP_004,2025-05-15 18:10:00,102.02,14.91,NC,digital_wallet,Mobile App,4
ORD-2025-11599,PROD_APP_002,2025-05-15 10:47:00,43.27,6.09,IL,credit_card,Amazon Marketplace,5
ORD-2025-11600,PROD_APP_004,2025-05-17 09:11:00,104.03,14.93,NC,gift_card,Mobile App,5
ORD-2025-11601,PROD_ELEC_003,2025-05-17 14:43:00,136.45,11.72,FL,debit_card,Mobile App,5
ORD-2025-11602,PROD_ELEC_004,2025-05-17 13:50:00,32.34,6.07,CA,credit_card,Affiliate Channel,4
ORD-2025-11603,PROD_APP_003,2025-05-17 20:48:00,52.0,10.85,NY,debit_card,Amazon Marketplace,5
ORD-2025-11604,PROD_APP_004,2025-05-17 15:42:00,97.97,9.19,FL,digital_wallet,Direct Online Store,5
ORD-2025-11605,PROD_SPRT_003,2025-05-17 08:04:00,21.53,5.89,NC,gift_card,Amazon Marketplace,5
ORD-2025-11606,PROD_APP_004,2025-05-17 12:37:00,117.8,9.0,NY,credit_card,Direct Online Store,3
ORD-2025-11607,PROD_APP_001,2025-05-17 21:56:00,69.45,10.3,NC,gift_card,Direct Online Store,5
ORD-2025-11608,PROD_SPRT_002,2025-05-17 17:38:00,238.1,5.72,CA,debit_card,Mobile App,5
ORD-2025-11609,PROD_APP_002,2025-05-17 12:35:00,36.93,14.35,IL,debit_card,Direct Online Store,5
ORD-2025-11610,PROD_APP_002,2025-05-17 18:06:00,44.44,9.78,GA,credit_card,Amazon Marketplace,2
ORD-2025-11611,PROD_HOME_004,2025-05-17 21:44:00,46.75,9.81,NY,gift_card,Direct Online Store,5
ORD-2025-11612,PROD_ELEC_005,2025-05-17 22:54:00,49.01,11.82,CA,debit_card,Mobile App,3
ORD-2025-11613,PROD_ELEC_001,2025-05-17 18:05:00,162.68,10.56,IL,credit_card,Direct Online Store,5
ORD-2025-11614,PROD_SPRT_002,2025-05-17 22:31:00,244.6,8.17,NY,debit_card,Affiliate Channel,5
ORD-2025-11615,PROD_SPRT_001,2025-05-17 11:38:00,36.95,13.6,NY,debit_card,Direct Online Store,5
ORD-2025-11616,PROD_BEAU_003,2025-05-17 14:07:00,28.2,11.58,IL,debit_card,Amazon Marketplace,4
ORD-2025-11617,PROD_ELEC_004,2025-05-17 11:05:00,32.98,5.76,WA,debit_card,Mobile App,5
ORD-2025-11618,PROD_SPRT_004,2025-05-17 09:26:00,72.61,6.86,IL,digital_wallet,Mobile App,5
ORD-2025-11619,PROD_HOME_002,2025-05-17 22:04:00,165.06,12.4,CA,debit_card,Mobile App,5
ORD-2025-11620,PROD_ELEC_003,2025-05-17 19:39:00,135.99,10.43,IL,digital_wallet,Affiliate Channel,5
ORD-2025-11621,PROD_HOME_001,2025-05-17 08:01:00,80.35,10.98,WA,credit_card,Mobile App,5
ORD-2025-11622,PROD_HOME_003,2025-05-17 13:49:00,106.15,7.08,IL,debit_card,Amazon Marketplace,5
ORD-2025-11623,PROD_ELEC_003,2025-05-17 18:23:00,138.3,6.33,NC,digital_wallet,Direct Online Store,5
ORD-2025-11624,PROD_ELEC_001,2025-05-17 21:41:00,173.46,5.83,IL,credit_card,Amazon Marketplace,5
ORD-2025-11625,PROD_HOME_004,2025-05-17 10:16:00,40.43,9.21,CA,gift_card,Direct Online Store,3
ORD-2025-11626,PROD_ELEC_001,2025-05-17 16:38:00,160.77,9.12,CA,digital_wallet,Direct Online Store,5
ORD-2025-11627,PROD_SPRT_002,2025-05-17 16:46:00,253.58,6.69,NY,credit_card,Mobile App,3
ORD-2025-11628,PROD_APP_001,2025-05-17 10:35:00,67.99,6.48,TX,digital_wallet,Direct Online Store,5
ORD-2025-11629,PROD_BEAU_003,2025-05-17 17:37:00,33.9,6.93,IL,credit_card,Direct Online Store,5
ORD-2025-11630,PROD_ELEC_002,2025-05-17 20:07:00,311.19,9.52,FL,digital_wallet,Direct Online Store,4
ORD-2025-11631,PROD_APP_003,2025-05-17 20:20:00,54.66,13.53,FL,digital_wallet,Affiliate Channel,2
ORD-2025-11632,PROD_APP_001,2025-05-17 21:00:00,62.56,6.31,NC,digital_wallet,Direct Online Store,4
ORD-2025-11633,PROD_BEAU_003,2025-05-19 16:15:00,34.7,12.59,CA,debit_card,Direct Online Store,3
ORD-2025-11634,PROD_ELEC_001,2025-05-19 21:45:00,195.9,7.88,WA,debit_card,Mobile App,5
ORD-2025-11635,PROD_HOME_002,2025-05-19 20:58:00,185.19,12.62,NY,digital_wallet,Mobile App,5
ORD-2025-11636,PROD_BEAU_001,2025-05-19 10:35:00,28.26,13.84,CA,debit_card,Direct Online Store,4
ORD-2025-11637,PROD_SPRT_002,2025-05-19 20:22:00,267.49,8.86,GA,credit_card,Amazon Marketplace,5
ORD-2025-11638,PROD_SPRT_003,2025-05-19 21:42:00,21.65,5.97,GA,digital_wallet,Amazon Marketplace,3
ORD-2025-11639,PROD_HOME_004,2025-05-19 16:20:00,49.85,13.14,WA,gift_card,Mobile App,5
ORD-2025-11640,PROD_HOME_001,2025-05-19 10:36:00,99.57,12.6,CA,gift_card,Affiliate Channel,5
ORD-2025-11641,PROD_ELEC_002,2025-05-19 17:51:00,324.84,6.53,NC,credit_card,Affiliate Channel,5
ORD-2025-11642,PROD_ELEC_002,2025-05-19 15:48:00,320.56,7.41,IL,digital_wallet,Affiliate Channel,3
ORD-2025-11643,PROD_ELEC_003,2025-05-19 22:14:00,145.67,9.14,NC,credit_card,Mobile App,5
ORD-2025-11644,PROD_SPRT_002,2025-05-19 16:17:00,259.96,11.35,FL,gift_card,Affiliate Channel,4
ORD-2025-11645,PROD_APP_001,2025-05-19 12:29:00,58.11,7.96,GA,debit_card,Mobile App,4
ORD-2025-11646,PROD_ELEC_001,2025-05-19 10:57:00,172.98,7.4,IL,debit_card,Amazon Marketplace,5
ORD-2025-11647,PROD_ELEC_001,2025-05-19 10:19:00,189.03,9.54,NY,digital_wallet,Mobile App,5
ORD-2025-11648,PROD_HOME_004,2025-05-19 15:18:00,46.71,8.38,CA,gift_card,Amazon Marketplace,3
ORD-2025-11649,PROD_SPRT_003,2025-05-19 13:28:00,24.92,7.78,CA,debit_card,Amazon Marketplace,5
ORD-2025-11650,PROD_ELEC_005,2025-05-19 13:11:00,46.61,11.0,FL,credit_card,Mobile App,4
ORD-2025-11651,PROD_ELEC_005,2025-05-19 22:53:00,47.73,7.8,TX,gift_card,Affiliate Channel,5
ORD-2025-11652,PROD_SPRT_004,2025-05-19 12:10:00,82.02,5.99,TX,debit_card,Direct Online Store,5
ORD-2025-11653,PROD_BEAU_001,2025-05-19 09:22:00,24.43,6.77,FL,debit_card,Affiliate Channel,5
ORD-2025-11654,PROD_APP_002,2025-05-19 11:08:00,36.08,5.05,WA,credit_card,Amazon Marketplace,5
ORD-2025-11655,PROD_APP_003,2025-05-19 20:52:00,49.49,8.02,WA,credit_card,Amazon Marketplace,5
ORD-2025-11656,PROD_BEAU_001,2025-05-19 11:41:00,26.48,6.06,FL,debit_card,Mobile App,4
ORD-2025-11657,PROD_BEAU_003,2025-05-19 08:41:00,34.4,5.62,CA,debit_card,Mobile App,5
ORD-2025-11658,PROD_HOME_004,2025-05-19 19:43:00,41.57,8.77,IL,gift_card,Direct Online Store,5
ORD-2025-11659,PROD_HOME_003,2025-05-21 17:39:00,121.95,12.27,TX,debit_card,Direct Online Store,5
ORD-2025-11660,PROD_HOME_003,2025-05-21 11:05:00,104.58,6.37,NC,gift_card,Affiliate Channel,3
ORD-2025-11661,PROD_SPRT_002,2025-05-21 15:46:00,264.04,8.77,IL,debit_card,Affiliate Channel,5
ORD-2025-11662,PROD_ELEC_004,2025-05-21 18:39:00,32.43,8.53,NY,credit_card,Affiliate Channel,1
ORD-2025-11663,PROD_BEAU_001,2025-05-21 13:11:00,25.72,8.4,GA,gift_card,Direct Online Store,5
ORD-2025-11664,PROD_SPRT_003,2025-05-21 13:30:00,24.56,12.0,CA,gift_card,Direct Online Store,4
ORD-2025-11665,PROD_SPRT_004,2025-05-21 09:25:00,87.61,5.69,GA,gift_card,Direct Online Store,5
ORD-2025-11666,PROD_BEAU_003,2025-05-21 10:12:00,33.56,7.46,GA,credit_card,Mobile App,5
ORD-2025-11667,PROD_ELEC_003,2025-05-21 19:18:00,138.63,11.36,WA,gift_card,Amazon Marketplace,3
ORD-2025-11668,PROD_ELEC_003,2025-05-21 11:01:00,124.62,11.06,CA,credit_card,Amazon Marketplace,5
ORD-2025-11669,PROD_HOME_002,2025-05-21 17:58:00,180.66,12.52,TX,debit_card,Direct Online Store,5
ORD-2025-11670,PROD_APP_004,2025-05-21 21:24:00,105.6,11.26,NC,debit_card,Amazon Marketplace,1
ORD-2025-11671,PROD_SPRT_002,2025-05-21 11:51:00,274.21,11.59,GA,gift_card,Mobile App,5
ORD-2025-11672,PROD_HOME_002,2025-05-21 09:06:00,155.06,6.39,IL,credit_card,Affiliate Channel,4
ORD-2025-11673,PROD_APP_001,2025-05-21 15:55:00,64.49,6.84,FL,digital_wallet,Direct Online Store,4
ORD-2025-11674,PROD_BEAU_003,2025-05-21 11:51:00,33.03,14.43,FL,gift_card,Mobile App,4
ORD-2025-11675,PROD_HOME_002,2025-05-21 14:16:00,175.33,9.69,GA,digital_wallet,Affiliate Channel,5
ORD-2025-11676,PROD_APP_004,2025-05-21 21:07:00,106.13,12.08,CA,digital_wallet,Affiliate Channel,4
ORD-2025-11677,PROD_HOME_002,2025-05-21 17:26:00,174.29,6.3,WA,gift_card,Mobile App,3
ORD-2025-11678,PROD_ELEC_005,2025-05-21 10:48:00,49.45,9.22,GA,gift_card,Affiliate Channel,5
ORD-2025-11679,PROD_APP_003,2025-05-21 17:49:00,47.27,11.14,FL,digital_wallet,Mobile App,3
ORD-2025-11680,PROD_ELEC_003,2025-05-21 20:42:00,146.68,9.37,WA,credit_card,Amazon Marketplace,5
ORD-2025-11681,PROD_APP_002,2025-05-21 21:44:00,40.55,10.5,CA,digital_wallet,Mobile App,1
ORD-2025-11682,PROD_SPRT_003,2025-05-21 21:33:00,20.61,8.74,IL,credit_card,Affiliate Channel,5
ORD-2025-11683,PROD_APP_003,2025-05-21 15:35:00,49.16,5.94,TX,debit_card,Amazon Marketplace,5
ORD-2025-11684,PROD_ELEC_005,2025-05-21 12:20:00,40.73,11.99,NY,gift_card,Affiliate Channel,5
ORD-2025-11685,PROD_ELEC_001,2025-05-23 10:54:00,183.71,7.2,NC,debit_card,Direct Online Store,5
ORD-2025-11686,PROD_ELEC_005,2025-05-23 21:03:00,41.74,5.27,IL,digital_wallet,Amazon Marketplace,5
ORD-2025-11687,PROD_APP_004,2025-05-23 20:13:00,99.12,7.04,NC,gift_card,Affiliate Channel,5
ORD-2025-11688,PROD_SPRT_001,2025-05-23 14:31:00,32.17,10.4,NY,debit_card,Affiliate Channel,5
ORD-2025-11689,PROD_HOME_002,2025-05-23 22:27:00,180.37,14.17,TX,credit_card,Mobile App,3
ORD-2025-11690,PROD_APP_004,2025-05-23 11:09:00,99.98,6.14,IL,digital_wallet,Direct Online Store,3
ORD-2025-11691,PROD_APP_002,2025-05-23 21:00:00,37.57,14.69,NY,credit_card,Mobile App,5
ORD-2025-11692,PROD_ELEC_004,2025-05-23 19:57:00,33.69,10.31,CA,credit_card,Amazon Marketplace,2
ORD-2025-11693,PROD_SPRT_001,2025-05-23 12:16:00,33.93,12.35,NY,credit_card,Mobile App,5
ORD-2025-11694,PROD_APP_003,2025-05-23 13:04:00,50.53,13.94,FL,digital_wallet,Amazon Marketplace,5
ORD-2025-11695,PROD_ELEC_004,2025-05-23 15:20:00,34.83,9.77,WA,credit_card,Amazon Marketplace,5
ORD-2025-11696,PROD_ELEC_001,2025-05-23 14:18:00,183.86,14.31,GA,credit_card,Affiliate Channel,3
ORD-2025-11697,PROD_BEAU_002,2025-05-23 17:02:00,59.56,14.62,TX,gift_card,Direct Online Store,5
ORD-2025-11698,PROD_SPRT_004,2025-05-23 15:44:00,79.93,12.03,NY,gift_card,Direct Online Store,5
ORD-2025-11699,PROD_SPRT_001,2025-05-23 14:07:00,36.6,12.99,NY,gift_card,Affiliate Channel,5
ORD-2025-11700,PROD_SPRT_003,2025-05-23 10:26:00,22.38,11.64,NY,gift_card,Direct Online Store,4
ORD-2025-11701,PROD_ELEC_001,2025-05-23 11:16:00,160.83,7.07,WA,credit_card,Mobile App,5
ORD-2025-11702,PROD_BEAU_002,2025-05-23 11:15:00,53.45,7.47,TX,digital_wallet,Amazon Marketplace,5
ORD-2025-11703,PROD_ELEC_005,2025-05-23 13:35:00,40.94,12.0,CA,credit_card,Mobile App,5
ORD-2025-11704,PROD_APP_004,2025-05-23 21:13:00,109.72,9.85,CA,debit_card,Direct Online Store,5
ORD-2025-11705,PROD_SPRT_001,2025-05-23 10:30:00,38.73,13.26,NC,gift_card,Amazon Marketplace,5
ORD-2025-11706,PROD_ELEC_003,2025-05-23 10:20:00,125.66,12.1,TX,digital_wallet,Mobile App,5
ORD-2025-11707,PROD_APP_003,2025-05-23 22:00:00,49.0,13.18,GA,debit_card,Direct Online Store,4
ORD-2025-11708,PROD_APP_003,2025-05-23 15:50:00,47.13,6.67,GA,gift_card,Affiliate Channel,3
ORD-2025-11709,PROD_ELEC_004,2025-05-23 13:08:00,33.91,7.92,GA,gift_card,Amazon Marketplace,5
ORD-2025-11710,PROD_SPRT_004,2025-05-23 09:03:00,82.02,5.83,TX,digital_wallet,Amazon Marketplace,5
ORD-2025-11711,PROD_HOME_001,2025-05-23 13:47:00,82.22,14.64,GA,gift_card,Affiliate Channel,5
ORD-2025-11712,PROD_SPRT_004,2025-05-23 22:07:00,75.88,14.03,GA,credit_card,Affiliate Channel,5
ORD-2025-11713,PROD_SPRT_004,2025-05-23 15:26:00,76.1,9.03,IL,credit_card,Affiliate Channel,5
ORD-2025-11714,PROD_APP_002,2025-05-25 19:23:00,42.6,5.17,TX,debit_card,Mobile App,2
ORD-2025-11715,PROD_HOME_004,2025-05-25 17:12:00,46.35,12.8,TX,debit_card,Direct Online Store,5
ORD-2025-11716,PROD_APP_004,2025-05-25 08:23:00,105.02,5.13,IL,gift_card,Amazon Marketplace,5
ORD-2025-11717,PROD_ELEC_004,2025-05-25 09:58:00,33.68,10.87,WA,credit_card,Direct Online Store,5
ORD-2025-11718,PROD_HOME_004,2025-05-25 08:32:00,40.9,9.19,CA,debit_card,Affiliate Channel,5
ORD-2025-11719,PROD_SPRT_003,2025-05-25 22:21:00,21.64,13.45,GA,debit_card,Amazon Marketplace,5
ORD-2025-11720,PROD_SPRT_001,2025-05-25 09:38:00,38.33,9.92,TX,credit_card,Mobile App,5
ORD-2025-11721,PROD_BEAU_003,2025-05-25 22:45:00,29.26,8.84,NC,gift_card,Mobile App,4
ORD-2025-11722,PROD_APP_003,2025-05-25 15:44:00,54.74,7.08,TX,gift_card,Affiliate Channel,5
ORD-2025-11723,PROD_SPRT_001,2025-05-25 21:56:00,36.85,8.33,TX,gift_card,Amazon Marketplace,5
ORD-2025-11724,PROD_ELEC_002,2025-05-25 18:09:00,301.75,12.35,CA,gift_card,Direct Online Store,5
ORD-2025-11725,PROD_HOME_004,2025-05-25 16:49:00,46.79,10.89,WA,digital_wallet,Amazon Marketplace,3
ORD-2025-11726,PROD_BEAU_003,2025-05-25 19:03:00,32.19,11.52,FL,debit_card,Mobile App,3
ORD-2025-11727,PROD_APP_002,2025-05-25 11:51:00,38.58,13.33,CA,credit_card,Direct Online Store,5
ORD-2025-11728,PROD_ELEC_002,2025-05-25 11:04:00,313.15,10.95,GA,credit_card,Direct Online Store,4
ORD-2025-11729,PROD_HOME_001,2025-05-25 16:41:00,89.36,5.45,FL,digital_wallet,Mobile App,5
ORD-2025-11730,PROD_SPRT_002,2025-05-25 18:03:00,246.38,6.8,FL,credit_card,Mobile App,4
ORD-2025-11731,PROD_BEAU_002,2025-05-25 14:10:00,58.93,12.7,CA,credit_card,Amazon Marketplace,1
ORD-2025-11732,PROD_BEAU_001,2025-05-25 20:36:00,27.9,14.84,IL,gift_card,Mobile App,4
ORD-2025-11733,PROD_ELEC_001,2025-05-25 21:55:00,163.54,7.2,NY,credit_card,Mobile App,4
ORD-2025-11734,PROD_APP_002,2025-05-25 17:27:00,38.32,5.08,GA,debit_card,Affiliate Channel,4
ORD-2025-11735,PROD_HOME_001,2025-05-25 09:47:00,98.1,10.85,IL,debit_card,Affiliate Channel,4
ORD-2025-11736,PROD_BEAU_001,2025-05-27 19:06:00,27.85,5.29,NC,gift_card,Affiliate Channel,5
ORD-2025-11737,PROD_ELEC_004,2025-05-27 10:42:00,36.16,13.7,FL,gift_card,Amazon Marketplace,5
ORD-2025-11738,PROD_SPRT_001,2025-05-27 19:41:00,34.66,5.25,NC,debit_card,Affiliate Channel,2
ORD-2025-11739,PROD_APP_001,2025-05-27 15:32:00,67.41,9.32,CA,debit_card,Affiliate Channel,4
ORD-2025-11740,PROD_ELEC_003,2025-05-27 10:35:00,120.31,8.25,CA,gift_card,Mobile App,5
ORD-2025-11741,PROD_APP_003,2025-05-27 13:21:00,48.77,6.06,GA,gift_card,Affiliate Channel,5
ORD-2025-11742,PROD_HOME_002,2025-05-27 08:35:00,158.23,8.8,FL,digital_wallet,Direct Online Store,5
ORD-2025-11743,PROD_ELEC_003,2025-05-27 20:28:00,121.76,7.91,NY,gift_card,Mobile App,5
ORD-2025-11744,PROD_SPRT_003,2025-05-27 17:55:00,24.64,13.23,WA,gift_card,Mobile App,4
ORD-2025-11745,PROD_SPRT_002,2025-05-27 12:33:00,275.49,6.14,NC,credit_card,Direct Online Store,3
ORD-2025-11746,PROD_HOME_003,2025-05-27 12:17:00,129.88,11.03,TX,gift_card,Affiliate Channel,5
ORD-2025-11747,PROD_BEAU_002,2025-05-27 20:09:00,52.47,11.43,FL,credit_card,Direct Online Store,5
ORD-2025-11748,PROD_ELEC_005,2025-05-27 14:53:00,49.86,11.44,CA,gift_card,Mobile App,5
ORD-2025-11749,PROD_ELEC_001,2025-05-27 10:10:00,174.27,8.45,FL,debit_card,Affiliate Channel,4
ORD-2025-11750,PROD_ELEC_004,2025-05-27 08:00:00,39.86,6.68,GA,debit_card,Direct Online Store,2
ORD-2025-11751,PROD_APP_004,2025-05-27 14:08:00,98.28,11.51,IL,gift_card,Mobile App,5
ORD-2025-11752,PROD_HOME_001,2025-05-27 22:50:00,86.05,8.27,NY,digital_wallet,Mobile App,5
ORD-2025-11753,PROD_SPRT_004,2025-05-27 15:16:00,82.65,12.77,CA,gift_card,Affiliate Channel,4
ORD-2025-11754,PROD_HOME_003,2025-05-27 12:21:00,123.41,8.73,NY,digital_wallet,Affiliate Channel,4
ORD-2025-11755,PROD_SPRT_002,2025-05-27 22:55:00,242.88,9.19,FL,digital_wallet,Amazon Marketplace,4
ORD-2025-11756,PROD_SPRT_002,2025-05-27 13:41:00,267.19,14.4,NC,debit_card,Affiliate Channel,3
ORD-2025-11757,PROD_APP_002,2025-05-27 13:15:00,41.47,8.0,TX,credit_card,Affiliate Channel,5
ORD-2025-11758,PROD_SPRT_001,2025-05-27 12:15:00,32.6,14.01,TX,gift_card,Amazon Marketplace,4
ORD-2025-11759,PROD_APP_004,2025-05-27 17:44:00,99.08,12.29,WA,credit_card,Mobile App,5
ORD-2025-11760,PROD_HOME_001,2025-05-27 08:38:00,98.8,14.95,TX,digital_wallet,Affiliate Channel,5
ORD-2025-11761,PROD_ELEC_001,2025-05-27 20:38:00,192.11,6.72,FL,credit_card,Affiliate Channel,5
ORD-2025-11762,PROD_BEAU_003,2025-05-27 12:40:00,29.08,10.9,WA,credit_card,Amazon Marketplace,5
ORD-2025-11763,PROD_ELEC_001,2025-05-27 13:07:00,194.48,10.59,WA,credit_card,Amazon Marketplace,4
ORD-2025-11764,PROD_ELEC_001,2025-05-27 16:06:00,186.25,11.58,IL,debit_card,Mobile App,5
ORD-2025-11765,PROD_ELEC_003,2025-05-27 18:43:00,136.07,7.65,FL,debit_card,Affiliate Channel,4
ORD-2025-11766,PROD_APP_002,2025-05-29 09:09:00,38.5,14.06,FL,digital_wallet,Direct Online Store,5
ORD-2025-11767,PROD_APP_001,2025-05-29 12:09:00,67.41,9.61,NC,gift_card,Amazon Marketplace,4
ORD-2025-11768,PROD_HOME_003,2025-05-29 11:33:00,128.66,8.63,FL,digital_wallet,Mobile App,5
ORD-2025-11769,PROD_ELEC_003,2025-05-29 20:38:00,127.29,14.77,NY,debit_card,Mobile App,5
ORD-2025-11770,PROD_BEAU_003,2025-05-29 13:20:00,28.53,8.44,FL,gift_card,Direct Online Store,2
ORD-2025-11771,PROD_BEAU_001,2025-05-29 14:29:00,28.87,13.45,FL,debit_card,Affiliate Channel,5
ORD-2025-11772,PROD_ELEC_004,2025-05-29 13:53:00,38.87,5.87,GA,digital_wallet,Affiliate Channel,4
ORD-2025-11773,PROD_APP_001,2025-05-29 20:27:00,66.39,6.02,CA,digital_wallet,Direct Online Store,5
ORD-2025-11774,PROD_BEAU_002,2025-05-29 08:27:00,59.82,11.21,FL,credit_card,Affiliate Channel,5
ORD-2025-11775,PROD_APP_003,2025-05-29 14:47:00,48.42,14.5,GA,credit_card,Mobile App,5
ORD-2025-11776,PROD_HOME_002,2025-05-29 22:52:00,158.77,10.4,TX,gift_card,Affiliate Channel,5
ORD-2025-11777,PROD_ELEC_004,2025-05-29 20:14:00,32.37,7.15,CA,digital_wallet,Mobile App,3
ORD-2025-11778,PROD_ELEC_003,2025-05-29 13:38:00,130.48,5.57,FL,gift_card,Mobile App,5
ORD-2025-11779,PROD_ELEC_005,2025-05-29 11:16:00,42.14,7.38,TX,gift_card,Mobile App,4
ORD-2025-11780,PROD_BEAU_002,2025-05-29 09:45:00,57.77,11.1,WA,digital_wallet,Direct Online Store,4
ORD-2025-11781,PROD_APP_004,2025-05-29 11:41:00,117.95,13.51,IL,debit_card,Affiliate Channel,3
ORD-2025-11782,PROD_HOME_003,2025-05-29 18:41:00,109.31,13.87,TX,gift_card,Affiliate Channel,5
ORD-2025-11783,PROD_ELEC_004,2025-05-29 09:43:00,36.73,11.83,GA,debit_card,Affiliate Channel,3
ORD-2025-11784,PROD_HOME_002,2025-05-29 10:32:00,155.42,7.14,NY,gift_card,Amazon Marketplace,4
ORD-2025-11785,PROD_ELEC_003,2025-05-29 21:39:00,128.06,9.89,TX,debit_card,Direct Online Store,5
ORD-2025-11786,PROD_APP_003,2025-05-29 15:13:00,45.09,12.87,GA,gift_card,Affiliate Channel,5
ORD-2025-11787,PROD_ELEC_001,2025-05-29 15:00:00,177.4,11.82,GA,digital_wallet,Mobile App,3
ORD-2025-11788,PROD_SPRT_004,2025-05-29 08:16:00,88.53,13.63,IL,digital_wallet,Direct Online Store,5
ORD-2025-11789,PROD_APP_001,2025-05-29 20:33:00,59.13,8.77,FL,gift_card,Direct Online Store,3
ORD-2025-11790,PROD_HOME_001,2025-05-29 13:32:00,82.38,6.7,NC,gift_card,Affiliate Channel,5
ORD-2025-11791,PROD_ELEC_002,2025-05-31 11:17:00,307.67,12.19,NC,gift_card,Mobile App,5
ORD-2025-11792,PROD_ELEC_003,2025-05-31 14:34:00,128.28,7.4,NY,credit_card,Direct Online Store,3
ORD-2025-11793,PROD_SPRT_002,2025-05-31 21:48:00,254.99,5.72,WA,credit_card,Amazon Marketplace,5
ORD-2025-11794,PROD_HOME_004,2025-05-31 08:06:00,44.54,6.6,FL,debit_card,Mobile App,4
ORD-2025-11795,PROD_APP_001,2025-05-31 19:04:00,62.29,6.97,NC,credit_card,Affiliate Channel,5
ORD-2025-11796,PROD_ELEC_001,2025-05-31 09:41:00,177.38,11.68,GA,debit_card,Affiliate Channel,4
ORD-2025-11797,PROD_BEAU_002,2025-05-31 15:27:00,52.88,8.06,GA,debit_card,Direct Online Store,5
ORD-2025-11798,PROD_HOME_003,2025-05-31 20:03:00,123.31,12.17,GA,credit_card,Affiliate Channel,5
ORD-2025-11799,PROD_APP_003,2025-05-31 20:41:00,50.97,12.94,WA,credit_card,Amazon Marketplace,5
ORD-2025-11800,PROD_ELEC_001,2025-05-31 20:37:00,196.75,6.1,NY,digital_wallet,Mobile App,5
ORD-2025-11801,PROD_HOME_003,2025-05-31 13:21:00,117.7,11.17,NC,credit_card,Amazon Marketplace,5
ORD-2025-11802,PROD_BEAU_003,2025-05-31 20:07:00,31.92,12.34,NC,debit_card,Affiliate Channel,5
ORD-2025-11803,PROD_HOME_003,2025-05-31 21:24:00,126.49,9.02,GA,debit_card,Direct Online Store,5
ORD-2025-11804,PROD_BEAU_003,2025-05-31 21:33:00,34.3,10.44,GA,digital_wallet,Direct Online Store,5
ORD-2025-11805,PROD_ELEC_005,2025-05-31 12:42:00,43.44,12.17,NC,credit_card,Mobile App,5
ORD-2025-11806,PROD_HOME_004,2025-05-31 19:13:00,48.23,9.24,CA,digital_wallet,Direct Online Store,5
ORD-2025-11807,PROD_BEAU_002,2025-05-31 18:42:00,58.83,7.98,NY,digital_wallet,Amazon Marketplace,5
ORD-2025-11808,PROD_APP_003,2025-05-31 14:13:00,50.63,10.32,NC,digital_wallet,Affiliate Channel,5
ORD-2025-11809,PROD_APP_004,2025-05-31 14:37:00,110.94,14.77,GA,credit_card,Amazon Marketplace,5
ORD-2025-11810,PROD_SPRT_002,2025-05-31 16:14:00,267.04,5.28,GA,debit_card,Affiliate Channel,4
ORD-2025-11811,PROD_ELEC_003,2025-05-31 10:49:00,132.69,6.81,NY,debit_card,Affiliate Channel,2
ORD-2025-11812,PROD_HOME_004,2025-05-31 22:16:00,47.76,5.64,CA,gift_card,Amazon Marketplace,5
ORD-2025-11813,PROD_ELEC_003,2025-05-31 12:30:00,144.88,10.14,NY,debit_card,Direct Online Store,5
ORD-2025-11814,PROD_ELEC_004,2025-05-31 14:41:00,35.32,14.89,CA,gift_card,Mobile App,4
ORD-2025-11815,PROD_SPRT_001,2025-05-31 18:16:00,33.67,12.27,GA,digital_wallet,Affiliate Channel,4
ORD-2025-11816,PROD_ELEC_002,2025-05-31 15:07:00,284.9,6.35,NY,digital_wallet,Affiliate Channel,4
ORD-2025-11817,PROD_BEAU_001,2025-05-31 16:42:00,25.56,10.53,NY,credit_card,Affiliate Channel,5
ORD-2025-11818,PROD_APP_002,2025-05-31 19:20:00,38.83,14.58,NC,debit_card,Direct Online Store,1
ORD-2025-11819,PROD_APP_002,2025-05-31 13:53:00,43.48,9.61,WA,gift_card,Amazon Marketplace,4
ORD-2025-11820,PROD_BEAU_001,2025-05-31 11:31:00,26.41,11.09,NY,credit_card,Amazon Marketplace,5
ORD-2025-11821,PROD_SPRT_003,2025-05-31 16:10:00,20.56,5.54,CA,credit_card,Amazon Marketplace,4
ORD-2025-11822,PROD_ELEC_001,2025-05-31 11:50:00,182.95,9.94,TX,credit_card,Affiliate Channel,5
ORD-2025-11823,PROD_APP_002,2025-05-31 09:30:00,43.91,13.38,WA,digital_wallet,Direct Online Store,4
ORD-2025-11824,PROD_ELEC_002,2025-05-31 15:43:00,307.85,5.56,TX,digital_wallet,Mobile App,5
ORD-2025-11825,PROD_HOME_002,2025-05-31 21:55:00,177.0,9.21,FL,credit_card,Amazon Marketplace,5
ORD-2025-11826,PROD_APP_002,2025-06-02 20:57:00,43.6,14.11,WA,credit_card,Affiliate Channel,4
ORD-2025-11827,PROD_ELEC_003,2025-06-02 16:56:00,128.97,6.84,NY,digital_wallet,Affiliate Channel,3
ORD-2025-11828,PROD_APP_001,2025-06-02 10:45:00,68.5,12.03,FL,gift_card,Direct Online Store,5
ORD-2025-11829,PROD_SPRT_002,2025-06-02 12:06:00,247.99,7.61,FL,digital_wallet,Mobile App,5
ORD-2025-11830,PROD_HOME_002,2025-06-02 08:57:00,160.5,11.03,GA,gift_card,Mobile App,4
ORD-2025-11831,PROD_SPRT_004,2025-06-02 12:23:00,79.42,11.96,GA,debit_card,Mobile App,3
ORD-2025-11832,PROD_ELEC_002,2025-06-02 10:44:00,297.54,11.05,NY,gift_card,Affiliate Channel,4
ORD-2025-11833,PROD_APP_002,2025-06-02 14:25:00,36.48,14.26,NY,credit_card,Amazon Marketplace,5
ORD-2025-11834,PROD_SPRT_004,2025-06-02 15:44:00,73.17,9.53,TX,credit_card,Affiliate Channel,4
ORD-2025-11835,PROD_HOME_001,2025-06-02 10:41:00,85.86,6.8,TX,debit_card,Mobile App,5
ORD-2025-11836,PROD_SPRT_004,2025-06-02 20:51:00,75.74,12.22,CA,gift_card,Amazon Marketplace,5
ORD-2025-11837,PROD_APP_003,2025-06-02 22:34:00,51.6,5.14,NY,digital_wallet,Mobile App,5
ORD-2025-11838,PROD_HOME_001,2025-06-02 10:42:00,88.94,13.53,CA,debit_card,Mobile App,5
ORD-2025-11839,PROD_HOME_003,2025-06-02 13:44:00,114.37,9.39,NY,credit_card,Affiliate Channel,4
ORD-2025-11840,PROD_HOME_002,2025-06-02 17:18:00,179.58,11.13,NY,digital_wallet,Affiliate Channel,5
ORD-2025-11841,PROD_SPRT_004,2025-06-02 15:02:00,77.27,13.97,WA,digital_wallet,Amazon Marketplace,5
ORD-2025-11842,PROD_HOME_002,2025-06-02 16:58:00,163.99,11.24,TX,gift_card,Direct Online Store,4
ORD-2025-11843,PROD_ELEC_003,2025-06-02 17:17:00,144.0,8.83,TX,debit_card,Direct Online Store,4
ORD-2025-11844,PROD_APP_001,2025-06-02 17:42:00,64.64,8.82,NC,debit_card,Amazon Marketplace,5
ORD-2025-11845,PROD_APP_003,2025-06-02 09:53:00,50.77,10.69,NY,debit_card,Direct Online Store,3
ORD-2025-11846,PROD_APP_003,2025-06-02 18:54:00,51.63,7.8,TX,digital_wallet,Direct Online Store,5
ORD-2025-11847,PROD_APP_001,2025-06-02 11:51:00,67.36,9.1,IL,debit_card,Amazon Marketplace,5
ORD-2025-11848,PROD_BEAU_003,2025-06-02 14:27:00,28.42,12.38,IL,credit_card,Affiliate Channel,4
ORD-2025-11849,PROD_HOME_001,2025-06-04 14:39:00,95.01,10.62,TX,digital_wallet,Mobile App,5
ORD-2025-11850,PROD_APP_004,2025-06-04 21:22:00,100.28,5.22,TX,digital_wallet,Mobile App,3
ORD-2025-11851,PROD_BEAU_003,2025-06-04 14:51:00,28.93,7.49,NC,digital_wallet,Mobile App,5
ORD-2025-11852,PROD_SPRT_004,2025-06-04 08:16:00,74.48,9.05,GA,credit_card,Amazon Marketplace,5
ORD-2025-11853,PROD_SPRT_003,2025-06-04 16:29:00,23.29,6.36,FL,digital_wallet,Mobile App,4
ORD-2025-11854,PROD_SPRT_004,2025-06-04 14:27:00,77.99,10.16,GA,digital_wallet,Affiliate Channel,5
ORD-2025-11855,PROD_ELEC_004,2025-06-04 21:55:00,33.16,11.42,NC,credit_card,Direct Online Store,3
ORD-2025-11856,PROD_SPRT_004,2025-06-04 20:13:00,88.51,5.26,IL,gift_card,Direct Online Store,5
ORD-2025-11857,PROD_BEAU_003,2025-06-04 08:41:00,32.06,12.28,WA,credit_card,Affiliate Channel,2
ORD-2025-11858,PROD_ELEC_004,2025-06-04 22:46:00,34.69,7.61,TX,debit_card,Mobile App,4
ORD-2025-11859,PROD_HOME_003,2025-06-04 16:20:00,113.36,9.35,CA,digital_wallet,Mobile App,4
ORD-2025-11860,PROD_ELEC_001,2025-06-04 19:36:00,168.73,9.09,FL,gift_card,Mobile App,5
ORD-2025-11861,PROD_ELEC_005,2025-06-04 10:50:00,42.5,7.64,NC,credit_card,Affiliate Channel,3
ORD-2025-11862,PROD_SPRT_002,2025-06-04 09:19:00,229.62,13.02,CA,debit_card,Mobile App,5
ORD-2025-11863,PROD_APP_003,2025-06-04 14:47:00,45.41,14.99,TX,gift_card,Mobile App,5
ORD-2025-11864,PROD_ELEC_003,2025-06-04 18:18:00,127.17,7.49,FL,gift_card,Direct Online Store,4
ORD-2025-11865,PROD_APP_002,2025-06-04 21:05:00,41.83,5.19,CA,credit_card,Amazon Marketplace,5
ORD-2025-11866,PROD_SPRT_003,2025-06-04 17:41:00,23.32,14.67,FL,credit_card,Mobile App,4
ORD-2025-11867,PROD_SPRT_001,2025-06-04 19:31:00,38.81,13.68,GA,digital_wallet,Affiliate Channel,4
ORD-2025-11868,PROD_ELEC_002,2025-06-04 08:12:00,322.88,9.15,NC,debit_card,Mobile App,5
ORD-2025-11869,PROD_HOME_001,2025-06-04 20:38:00,88.09,9.03,NC,debit_card,Amazon Marketplace,5
ORD-2025-11870,PROD_ELEC_003,2025-06-04 15:43:00,145.47,7.22,NC,credit_card,Affiliate Channel,4
ORD-2025-11871,PROD_ELEC_002,2025-06-04 15:19:00,334.6,6.24,IL,digital_wallet,Affiliate Channel,5
ORD-2025-11872,PROD_BEAU_001,2025-06-04 11:25:00,27.51,6.36,GA,digital_wallet,Direct Online Store,5
ORD-2025-11873,PROD_SPRT_002,2025-06-04 12:50:00,246.09,13.14,GA,digital_wallet,Mobile App,4
ORD-2025-11874,PROD_APP_003,2025-06-04 10:37:00,45.76,12.13,WA,debit_card,Affiliate Channel,4
ORD-2025-11875,PROD_ELEC_001,2025-06-06 15:26:00,168.63,9.76,GA,digital_wallet,Direct Online Store,5
ORD-2025-11876,PROD_ELEC_005,2025-06-06 13:05:00,41.33,9.21,IL,gift_card,Mobile App,5
ORD-2025-11877,PROD_ELEC_003,2025-06-06 18:49:00,127.36,12.67,FL,credit_card,Direct Online Store,4
ORD-2025-11878,PROD_ELEC_002,2025-06-06 14:23:00,330.55,5.33,NC,digital_wallet,Amazon Marketplace,5
ORD-2025-11879,PROD_HOME_001,2025-06-06 20:21:00,93.12,10.25,NC,digital_wallet,Amazon Marketplace,5
ORD-2025-11880,PROD_APP_001,2025-06-06 14:27:00,57.88,6.3,CA,credit_card,Direct Online Store,5
ORD-2025-11881,PROD_ELEC_001,2025-06-06 08:47:00,177.17,5.79,FL,digital_wallet,Mobile App,3
ORD-2025-11882,PROD_ELEC_003,2025-06-06 17:37:00,129.31,10.98,NC,digital_wallet,Direct Online Store,5
ORD-2025-11883,PROD_ELEC_004,2025-06-06 15:50:00,37.44,7.15,IL,gift_card,Affiliate Channel,5
ORD-2025-11884,PROD_HOME_001,2025-06-06 18:48:00,91.49,5.93,NC,gift_card,Direct Online Store,5
ORD-2025-11885,PROD_BEAU_002,2025-06-06 21:50:00,55.05,11.71,NC,debit_card,Direct Online Store,4
ORD-2025-11886,PROD_ELEC_005,2025-06-06 13:01:00,46.56,11.0,NY,digital_wallet,Amazon Marketplace,4
ORD-2025-11887,PROD_APP_003,2025-06-06 15:27:00,53.01,12.04,IL,credit_card,Mobile App,5
ORD-2025-11888,PROD_BEAU_003,2025-06-06 22:09:00,30.63,9.22,NY,digital_wallet,Direct Online Store,5
ORD-2025-11889,PROD_APP_002,2025-06-06 12:31:00,40.2,8.76,IL,gift_card,Amazon Marketplace,5
ORD-2025-11890,PROD_SPRT_003,2025-06-06 16:21:00,23.72,12.33,TX,digital_wallet,Affiliate Channel,5
ORD-2025-11891,PROD_HOME_001,2025-06-06 12:18:00,99.94,8.27,NY,credit_card,Amazon Marketplace,3
ORD-2025-11892,PROD_APP_003,2025-06-06 13:05:00,49.7,7.26,NC,gift_card,Mobile App,2
ORD-2025-11893,PROD_BEAU_003,2025-06-06 11:58:00,34.32,5.9,WA,credit_card,Amazon Marketplace,5
ORD-2025-11894,PROD_HOME_003,2025-06-06 14:49:00,124.9,14.01,WA,credit_card,Mobile App,5
ORD-2025-11895,PROD_SPRT_004,2025-06-06 10:44:00,76.03,8.65,NY,gift_card,Mobile App,5
ORD-2025-11896,PROD_SPRT_004,2025-06-06 12:45:00,88.95,10.77,NY,debit_card,Affiliate Channel,5
ORD-2025-11897,PROD_SPRT_001,2025-06-06 15:22:00,32.21,6.11,TX,debit_card,Amazon Marketplace,2
ORD-2025-11898,PROD_SPRT_003,2025-06-08 09:35:00,22.33,14.55,CA,credit_card,Amazon Marketplace,2
ORD-2025-11899,PROD_ELEC_003,2025-06-08 10:45:00,124.01,6.89,TX,digital_wallet,Amazon Marketplace,5
ORD-2025-11900,PROD_SPRT_004,2025-06-08 11:48:00,79.65,12.45,CA,credit_card,Amazon Marketplace,5
ORD-2025-11901,PROD_HOME_002,2025-06-08 09:18:00,155.62,7.95,NC,credit_card,Amazon Marketplace,5
ORD-2025-11902,PROD_HOME_002,2025-06-08 08:04:00,176.45,6.96,WA,debit_card,Direct Online Store,5
ORD-2025-11903,PROD_HOME_001,2025-06-08 18:45:00,91.0,10.33,NY,credit_card,Affiliate Channel,5
ORD-2025-11904,PROD_SPRT_002,2025-06-08 14:47:00,236.98,8.2,NC,debit_card,Mobile App,5
ORD-2025-11905,PROD_HOME_001,2025-06-08 17:37:00,88.82,14.74,NY,debit_card,Affiliate Channel,2
ORD-2025-11906,PROD_SPRT_004,2025-06-08 18:05:00,87.24,9.17,NY,credit_card,Affiliate Channel,1
ORD-2025-11907,PROD_HOME_004,2025-06-08 08:03:00,46.19,11.16,TX,debit_card,Mobile App,5
ORD-2025-11908,PROD_ELEC_004,2025-06-08 22:08:00,38.86,13.24,TX,credit_card,Affiliate Channel,5
ORD-2025-11909,PROD_HOME_004,2025-06-08 17:49:00,42.17,13.36,NC,debit_card,Direct Online Store,5
ORD-2025-11910,PROD_APP_004,2025-06-08 19:00:00,100.8,12.08,CA,digital_wallet,Amazon Marketplace,5
ORD-2025-11911,PROD_HOME_003,2025-06-08 15:03:00,110.23,10.51,FL,debit_card,Amazon Marketplace,5
ORD-2025-11912,PROD_BEAU_002,2025-06-08 15:47:00,56.78,8.4,TX,digital_wallet,Amazon Marketplace,5
ORD-2025-11913,PROD_ELEC_004,2025-06-08 10:57:00,37.19,7.95,CA,digital_wallet,Direct Online Store,4
ORD-2025-11914,PROD_ELEC_005,2025-06-08 20:24:00,40.51,8.99,CA,digital_wallet,Direct Online Store,5
ORD-2025-11915,PROD_APP_001,2025-06-08 12:56:00,64.13,8.59,GA,digital_wallet,Affiliate Channel,2
ORD-2025-11916,PROD_SPRT_004,2025-06-10 12:55:00,89.24,10.8,NY,digital_wallet,Affiliate Channel,5
ORD-2025-11917,PROD_APP_004,2025-06-10 18:53:00,117.74,8.89,WA,gift_card,Amazon Marketplace,5
ORD-2025-11918,PROD_SPRT_002,2025-06-10 19:56:00,251.51,10.1,NC,digital_wallet,Affiliate Channel,4
ORD-2025-11919,PROD_SPRT_004,2025-06-10 18:03:00,85.71,7.06,NC,debit_card,Amazon Marketplace,3
ORD-2025-11920,PROD_ELEC_001,2025-06-10 21:12:00,160.3,12.99,NC,credit_card,Mobile App,5
ORD-2025-11921,PROD_SPRT_003,2025-06-10 09:48:00,21.23,14.03,CA,debit_card,Direct Online Store,5
ORD-2025-11922,PROD_ELEC_004,2025-06-10 16:37:00,34.15,13.57,WA,debit_card,Amazon Marketplace,2
ORD-2025-11923,PROD_SPRT_003,2025-06-10 09:16:00,24.62,12.11,GA,credit_card,Mobile App,5
ORD-2025-11924,PROD_BEAU_002,2025-06-10 09:47:00,57.12,8.58,NC,gift_card,Amazon Marketplace,4
ORD-2025-11925,PROD_SPRT_003,2025-06-10 14:31:00,23.89,11.58,CA,digital_wallet,Affiliate Channel,4
ORD-2025-11926,PROD_SPRT_001,2025-06-10 14:44:00,36.68,13.0,TX,debit_card,Mobile App,4
ORD-2025-11927,PROD_SPRT_002,2025-06-10 22:10:00,231.12,6.59,CA,credit_card,Amazon Marketplace,5
ORD-2025-11928,PROD_HOME_003,2025-06-10 13:27:00,118.63,10.1,IL,gift_card,Affiliate Channel,3
ORD-2025-11929,PROD_BEAU_003,2025-06-10 13:51:00,30.72,8.99,FL,gift_card,Mobile App,4
ORD-2025-11930,PROD_SPRT_003,2025-06-10 09:14:00,22.12,8.35,WA,debit_card,Direct Online Store,2
ORD-2025-11931,PROD_HOME_002,2025-06-10 17:40:00,164.01,12.09,TX,gift_card,Mobile App,5
ORD-2025-11932,PROD_BEAU_002,2025-06-10 19:40:00,58.95,11.86,IL,gift_card,Amazon Marketplace,5
ORD-2025-11933,PROD_HOME_002,2025-06-10 20:39:00,158.11,11.52,GA,gift_card,Mobile App,5
ORD-2025-11934,PROD_APP_004,2025-06-10 20:22:00,111.46,8.18,NC,digital_wallet,Direct Online Store,4
ORD-2025-11935,PROD_BEAU_002,2025-06-10 08:58:00,54.87,14.35,CA,debit_card,Mobile App,4
ORD-2025-11936,PROD_APP_001,2025-06-10 21:02:00,68.45,12.84,NY,digital_wallet,Affiliate Channel,4
ORD-2025-11937,PROD_ELEC_005,2025-06-10 12:48:00,47.18,6.26,FL,digital_wallet,Amazon Marketplace,5
ORD-2025-11938,PROD_BEAU_001,2025-06-10 12:27:00,26.58,10.2,CA,credit_card,Direct Online Store,5
ORD-2025-11939,PROD_APP_002,2025-06-10 21:54:00,42.29,5.05,WA,debit_card,Affiliate Channel,4
ORD-2025-11940,PROD_HOME_003,2025-06-10 19:31:00,116.29,9.0,NY,digital_wallet,Mobile App,5
ORD-2025-11941,PROD_BEAU_001,2025-06-10 22:25:00,27.92,10.86,CA,gift_card,Affiliate Channel,3
ORD-2025-11942,PROD_HOME_004,2025-06-10 18:21:00,48.61,6.36,FL,gift_card,Mobile App,4
ORD-2025-11943,PROD_ELEC_004,2025-06-12 13:26:00,38.77,10.31,GA,debit_card,Mobile App,4
ORD-2025-11944,PROD_APP_001,2025-06-12 13:46:00,57.68,14.49,FL,debit_card,Direct Online Store,4
ORD-2025-11945,PROD_BEAU_002,2025-06-12 22:10:00,56.15,6.39,NC,debit_card,Affiliate Channel,5
ORD-2025-11946,PROD_SPRT_004,2025-06-12 12:47:00,81.39,10.12,NC,credit_card,Affiliate Channel,5
ORD-2025-11947,PROD_ELEC_001,2025-06-12 20:57:00,166.79,5.82,NY,credit_card,Affiliate Channel,5
ORD-2025-11948,PROD_HOME_003,2025-06-12 12:06:00,115.1,11.88,IL,debit_card,Mobile App,5
ORD-2025-11949,PROD_ELEC_004,2025-06-12 16:48:00,37.79,10.41,FL,digital_wallet,Affiliate Channel,5
ORD-2025-11950,PROD_BEAU_002,2025-06-12 22:02:00,55.44,8.19,GA,credit_card,Mobile App,5
ORD-2025-11951,PROD_SPRT_004,2025-06-12 21:19:00,75.7,7.1,FL,gift_card,Affiliate Channel,4
ORD-2025-11952,PROD_ELEC_004,2025-06-12 10:46:00,36.71,10.64,CA,digital_wallet,Direct Online Store,5
ORD-2025-11953,PROD_APP_003,2025-06-12 17:29:00,53.75,7.11,GA,credit_card,Direct Online Store,4
ORD-2025-11954,PROD_ELEC_004,2025-06-12 15:54:00,37.33,7.52,FL,digital_wallet,Mobile App,5
ORD-2025-11955,PROD_ELEC_003,2025-06-12 15:08:00,130.21,11.94,TX,digital_wallet,Mobile App,5
ORD-2025-11956,PROD_SPRT_001,2025-06-12 12:41:00,37.95,7.23,GA,digital_wallet,Direct Online Store,5
ORD-2025-11957,PROD_HOME_002,2025-06-12 18:20:00,175.78,7.14,TX,debit_card,Amazon Marketplace,5
ORD-2025-11958,PROD_HOME_003,2025-06-12 19:37:00,129.53,12.75,WA,gift_card,Mobile App,3
ORD-2025-11959,PROD_HOME_003,2025-06-12 08:09:00,127.45,9.09,IL,credit_card,Amazon Marketplace,5
ORD-2025-11960,PROD_APP_002,2025-06-14 12:28:00,39.09,14.62,CA,digital_wallet,Direct Online Store,5
ORD-2025-11961,PROD_APP_004,2025-06-14 18:45:00,105.76,14.76,NY,digital_wallet,Affiliate Channel,4
ORD-2025-11962,PROD_BEAU_003,2025-06-14 12:07:00,29.35,11.94,WA,digital_wallet,Mobile App,1
ORD-2025-11963,PROD_SPRT_001,2025-06-14 19:49:00,36.0,7.83,NC,credit_card,Direct Online Store,5
ORD-2025-11964,PROD_APP_002,2025-06-14 15:22:00,41.5,5.19,CA,credit_card,Direct Online Store,5
ORD-2025-11965,PROD_ELEC_002,2025-06-14 12:36:00,317.79,12.91,CA,gift_card,Affiliate Channel,4
ORD-2025-11966,PROD_APP_001,2025-06-14 14:57:00,65.61,11.8,TX,credit_card,Mobile App,5
ORD-2025-11967,PROD_APP_003,2025-06-14 14:28:00,46.51,14.23,NC,debit_card,Mobile App,1
ORD-2025-11968,PROD_BEAU_001,2025-06-14 20:22:00,28.55,13.79,NC,credit_card,Affiliate Channel,5
ORD-2025-11969,PROD_ELEC_005,2025-06-14 09:13:00,44.61,7.7,FL,digital_wallet,Direct Online Store,4
ORD-2025-11970,PROD_SPRT_004,2025-06-14 15:58:00,85.09,5.47,IL,debit_card,Affiliate Channel,4
ORD-2025-11971,PROD_SPRT_004,2025-06-14 11:20:00,82.7,11.72,GA,gift_card,Affiliate Channel,4
ORD-2025-11972,PROD_ELEC_003,2025-06-14 11:45:00,141.95,14.63,CA,credit_card,Affiliate Channel,4
ORD-2025-11973,PROD_APP_003,2025-06-14 13:35:00,46.48,9.37,TX,gift_card,Direct Online Store,5
ORD-2025-11974,PROD_HOME_002,2025-06-14 22:46:00,152.31,9.15,GA,digital_wallet,Direct Online Store,5
ORD-2025-11975,PROD_SPRT_001,2025-06-14 17:06:00,35.81,9.29,NY,debit_card,Amazon Marketplace,2
ORD-2025-11976,PROD_APP_001,2025-06-14 21:10:00,61.22,6.66,NC,credit_card,Direct Online Store,5
ORD-2025-11977,PROD_SPRT_002,2025-06-14 20:39:00,225.2,13.43,IL,gift_card,Mobile App,5
ORD-2025-11978,PROD_APP_004,2025-06-14 19:13:00,113.44,14.15,TX,digital_wallet,Mobile App,5
ORD-2025-11979,PROD_ELEC_003,2025-06-14 16:42:00,147.06,12.72,WA,credit_card,Amazon Marketplace,5
ORD-2025-11980,PROD_BEAU_002,2025-06-14 10:03:00,48.4,11.87,FL,credit_card,Amazon Marketplace,5
ORD-2025-11981,PROD_BEAU_001,2025-06-14 22:17:00,25.31,10.37,GA,credit_card,Mobile App,5
ORD-2025-11982,PROD_APP_001,2025-06-16 11:12:00,68.95,11.62,FL,digital_wallet,Mobile App,1
ORD-2025-11983,PROD_ELEC_004,2025-06-16 22:24:00,36.45,10.42,CA,debit_card,Direct Online Store,5
ORD-2025-11984,PROD_HOME_004,2025-06-16 19:36:00,45.3,9.83,CA,gift_card,Affiliate Channel,5
ORD-2025-11985,PROD_SPRT_002,2025-06-16 17:23:00,253.95,6.44,CA,gift_card,Affiliate Channel,4
ORD-2025-11986,PROD_ELEC_003,2025-06-16 10:02:00,144.42,5.94,IL,gift_card,Direct Online Store,4
ORD-2025-11987,PROD_ELEC_004,2025-06-16 11:56:00,33.48,7.22,TX,gift_card,Mobile App,4
ORD-2025-11988,PROD_HOME_004,2025-06-16 17:39:00,45.7,7.99,NY,gift_card,Direct Online Store,5
ORD-2025-11989,PROD_APP_003,2025-06-16 12:50:00,54.77,12.85,CA,gift_card,Direct Online Store,5
ORD-2025-11990,PROD_ELEC_005,2025-06-16 17:28:00,43.37,6.14,CA,credit_card,Direct Online Store,4
ORD-2025-11991,PROD_HOME_003,2025-06-16 16:09:00,127.39,8.97,NC,gift_card,Direct Online Store,5
ORD-2025-11992,PROD_APP_001,2025-06-16 17:15:00,65.34,7.47,NC,debit_card,Mobile App,2
ORD-2025-11993,PROD_HOME_004,2025-06-16 17:47:00,48.58,6.13,CA,gift_card,Mobile App,4
ORD-2025-11994,PROD_SPRT_001,2025-06-16 11:12:00,33.07,14.28,WA,debit_card,Mobile App,5
ORD-2025-11995,PROD_SPRT_004,2025-06-16 11:56:00,89.91,8.62,WA,credit_card,Affiliate Channel,5
ORD-2025-11996,PROD_APP_004,2025-06-16 13:07:00,114.77,11.9,CA,debit_card,Direct Online Store,5
ORD-2025-11997,PROD_ELEC_003,2025-06-16 17:21:00,133.7,6.89,WA,gift_card,Direct Online Store,2
ORD-2025-11998,PROD_HOME_002,2025-06-16 15:59:00,157.22,9.54,GA,credit_card,Affiliate Channel,4
ORD-2025-11999,PROD_APP_002,2025-06-16 08:57:00,41.29,9.52,IL,credit_card,Amazon Marketplace,5
ORD-2025-12000,PROD_HOME_004,2025-06-16 16:51:00,49.06,8.92,FL,digital_wallet,Amazon Marketplace,5
ORD-2025-12001,PROD_SPRT_002,2025-06-18 21:25:00,237.65,9.54,GA,gift_card,Affiliate Channel,3
ORD-2025-12002,PROD_ELEC_001,2025-06-18 18:53:00,191.01,8.25,GA,debit_card,Direct Online Store,4
ORD-2025-12003,PROD_BEAU_003,2025-06-18 12:37:00,34.68,7.26,NC,gift_card,Mobile App,3
ORD-2025-12004,PROD_BEAU_003,2025-06-18 09:49:00,33.14,13.68,CA,digital_wallet,Mobile App,3
ORD-2025-12005,PROD_ELEC_002,2025-06-18 19:51:00,300.93,14.83,FL,credit_card,Direct Online Store,1
ORD-2025-12006,PROD_HOME_004,2025-06-18 15:03:00,46.58,7.9,GA,digital_wallet,Mobile App,4
ORD-2025-12007,PROD_BEAU_001,2025-06-18 17:30:00,29.36,5.51,NC,digital_wallet,Affiliate Channel,5
ORD-2025-12008,PROD_HOME_003,2025-06-18 20:29:00,118.0,10.12,TX,debit_card,Affiliate Channel,4
ORD-2025-12009,PROD_APP_002,2025-06-18 18:01:00,41.95,14.43,FL,credit_card,Mobile App,2
ORD-2025-12010,PROD_HOME_004,2025-06-18 21:27:00,46.5,9.17,NC,debit_card,Affiliate Channel,5
ORD-2025-12011,PROD_SPRT_001,2025-06-18 08:39:00,36.71,10.48,GA,gift_card,Affiliate Channel,5
ORD-2025-12012,PROD_HOME_003,2025-06-18 17:57:00,110.31,7.05,NC,debit_card,Affiliate Channel,5
ORD-2025-12013,PROD_BEAU_002,2025-06-18 22:28:00,49.44,13.08,NY,credit_card,Direct Online Store,2
ORD-2025-12014,PROD_APP_003,2025-06-18 14:11:00,53.64,10.54,TX,credit_card,Affiliate Channel,5
ORD-2025-12015,PROD_APP_001,2025-06-18 20:15:00,67.69,6.93,CA,debit_card,Amazon Marketplace,4
ORD-2025-12016,PROD_APP_003,2025-06-18 21:45:00,50.82,12.87,CA,gift_card,Mobile App,4
ORD-2025-12017,PROD_ELEC_001,2025-06-18 13:28:00,186.24,6.31,NC,digital_wallet,Amazon Marketplace,5
ORD-2025-12018,PROD_ELEC_003,2025-06-18 21:03:00,139.68,9.82,CA,gift_card,Mobile App,5
ORD-2025-12019,PROD_SPRT_002,2025-06-18 13:15:00,250.22,12.8,NY,credit_card,Direct Online Store,5
ORD-2025-12020,PROD_HOME_003,2025-06-18 20:00:00,121.9,6.43,WA,debit_card,Affiliate Channel,5
ORD-2025-12021,PROD_HOME_001,2025-06-18 15:35:00,92.69,13.01,NC,gift_card,Affiliate Channel,5
ORD-2025-12022,PROD_APP_001,2025-06-18 10:07:00,59.88,14.51,FL,credit_card,Affiliate Channel,5
ORD-2025-12023,PROD_ELEC_003,2025-06-18 14:26:00,128.48,8.26,FL,debit_card,Affiliate Channel,5
ORD-2025-12024,PROD_BEAU_003,2025-06-18 21:51:00,28.79,9.97,NY,digital_wallet,Amazon Marketplace,4
ORD-2025-12025,PROD_SPRT_003,2025-06-18 09:30:00,22.95,10.76,NC,digital_wallet,Mobile App,5
ORD-2025-12026,PROD_ELEC_001,2025-06-18 16:00:00,169.58,10.42,GA,credit_card,Direct Online Store,5
ORD-2025-12027,PROD_ELEC_002,2025-06-18 09:09:00,315.85,8.38,CA,debit_card,Amazon Marketplace,4
ORD-2025-12028,PROD_ELEC_001,2025-06-20 13:17:00,164.49,8.61,NY,gift_card,Mobile App,5
ORD-2025-12029,PROD_SPRT_004,2025-06-20 21:56:00,74.42,5.68,IL,gift_card,Affiliate Channel,5
ORD-2025-12030,PROD_BEAU_002,2025-06-20 13:10:00,51.11,12.8,NC,gift_card,Mobile App,5
ORD-2025-12031,PROD_ELEC_002,2025-06-20 16:58:00,299.5,5.55,WA,digital_wallet,Amazon Marketplace,5
ORD-2025-12032,PROD_SPRT_003,2025-06-20 22:15:00,22.45,9.93,FL,gift_card,Direct Online Store,5
ORD-2025-12033,PROD_ELEC_003,2025-06-20 10:14:00,139.92,14.78,TX,gift_card,Affiliate Channel,5
ORD-2025-12034,PROD_SPRT_002,2025-06-20 15:00:00,240.58,11.21,NY,digital_wallet,Direct Online Store,4
ORD-2025-12035,PROD_SPRT_003,2025-06-20 15:42:00,21.94,13.47,TX,credit_card,Amazon Marketplace,5
ORD-2025-12036,PROD_SPRT_003,2025-06-20 16:46:00,24.39,10.62,WA,debit_card,Amazon Marketplace,5
ORD-2025-12037,PROD_ELEC_005,2025-06-20 12:36:00,45.49,5.04,FL,gift_card,Mobile App,5
ORD-2025-12038,PROD_SPRT_003,2025-06-20 18:58:00,23.27,14.65,WA,digital_wallet,Direct Online Store,5
ORD-2025-12039,PROD_APP_002,2025-06-20 17:10:00,39.18,5.83,CA,gift_card,Mobile App,3
ORD-2025-12040,PROD_BEAU_002,2025-06-20 12:58:00,49.68,14.95,TX,digital_wallet,Affiliate Channel,3
ORD-2025-12041,PROD_SPRT_003,2025-06-20 09:33:00,23.06,8.46,FL,credit_card,Amazon Marketplace,5
ORD-2025-12042,PROD_SPRT_003,2025-06-20 19:28:00,20.15,14.15,FL,gift_card,Affiliate Channel,5
ORD-2025-12043,PROD_APP_004,2025-06-20 22:21:00,104.74,6.98,IL,gift_card,Affiliate Channel,5
ORD-2025-12044,PROD_HOME_004,2025-06-20 20:45:00,48.89,14.04,IL,debit_card,Direct Online Store,3
ORD-2025-12045,PROD_SPRT_004,2025-06-20 12:59:00,89.15,13.06,CA,digital_wallet,Amazon Marketplace,5
ORD-2025-12046,PROD_SPRT_003,2025-06-20 19:03:00,20.19,11.26,IL,credit_card,Direct Online Store,5
ORD-2025-12047,PROD_HOME_003,2025-06-20 22:10:00,117.57,6.27,NC,gift_card,Amazon Marketplace,5
ORD-2025-12048,PROD_APP_004,2025-06-20 20:38:00,97.84,7.21,FL,credit_card,Direct Online Store,4
ORD-2025-12049,PROD_APP_004,2025-06-20 09:43:00,104.88,5.59,WA,debit_card,Affiliate Channel,5
ORD-2025-12050,PROD_ELEC_004,2025-06-20 12:58:00,38.52,6.82,NY,digital_wallet,Affiliate Channel,2
ORD-2025-12051,PROD_HOME_002,2025-06-20 08:40:00,153.14,5.13,NY,digital_wallet,Amazon Marketplace,3
ORD-2025-12052,PROD_APP_003,2025-06-20 19:17:00,51.36,10.27,GA,digital_wallet,Amazon Marketplace,5
ORD-2025-12053,PROD_SPRT_002,2025-06-20 18:48:00,233.28,14.63,WA,gift_card,Affiliate Channel,3
ORD-2025-12054,PROD_BEAU_003,2025-06-20 13:15:00,29.41,5.82,CA,debit_card,Amazon Marketplace,5
ORD-2025-12055,PROD_APP_001,2025-06-20 14:20:00,63.48,12.79,CA,credit_card,Amazon Marketplace,5
ORD-2025-12056,PROD_SPRT_003,2025-06-20 08:27:00,24.8,14.71,IL,gift_card,Affiliate Channel,5
ORD-2025-12057,PROD_HOME_001,2025-06-20 21:47:00,90.96,9.89,WA,digital_wallet,Mobile App,4
ORD-2025-12058,PROD_ELEC_002,2025-06-20 09:25:00,330.1,11.41,GA,debit_card,Direct Online Store,4
ORD-2025-12059,PROD_BEAU_002,2025-06-20 17:14:00,50.25,7.68,FL,digital_wallet,Amazon Marketplace,4
ORD-2025-12060,PROD_HOME_004,2025-06-20 19:49:00,47.22,13.54,TX,digital_wallet,Amazon Marketplace,5
ORD-2025-12061,PROD_SPRT_002,2025-06-20 21:51:00,261.27,6.98,NY,debit_card,Amazon Marketplace,5
ORD-2025-12062,PROD_BEAU_003,2025-06-20 21:43:00,32.61,11.29,FL,credit_card,Amazon Marketplace,1
ORD-2025-12063,PROD_HOME_001,2025-06-22 15:59:00,96.42,7.93,IL,credit_card,Mobile App,5
ORD-2025-12064,PROD_BEAU_002,2025-06-22 13:58:00,57.09,8.47,NY,gift_card,Direct Online Store,5
ORD-2025-12065,PROD_ELEC_005,2025-06-22 09:23:00,41.8,9.87,WA,digital_wallet,Affiliate Channel,5
ORD-2025-12066,PROD_SPRT_003,2025-06-22 08:17:00,23.66,14.98,TX,debit_card,Mobile App,2
ORD-2025-12067,PROD_HOME_004,2025-06-22 13:52:00,49.2,11.21,WA,credit_card,Amazon Marketplace,5
ORD-2025-12068,PROD_SPRT_001,2025-06-22 16:04:00,39.71,9.86,NY,debit_card,Mobile App,3
ORD-2025-12069,PROD_HOME_003,2025-06-22 17:16:00,124.19,11.89,NY,gift_card,Direct Online Store,5
ORD-2025-12070,PROD_BEAU_003,2025-06-22 09:57:00,32.79,9.96,NC,gift_card,Amazon Marketplace,5
ORD-2025-12071,PROD_SPRT_001,2025-06-22 11:01:00,38.94,7.78,NC,credit_card,Affiliate Channel,5
ORD-2025-12072,PROD_ELEC_003,2025-06-22 22:45:00,123.81,11.57,NC,debit_card,Mobile App,5
ORD-2025-12073,PROD_ELEC_001,2025-06-22 12:09:00,162.41,8.13,CA,digital_wallet,Affiliate Channel,5
ORD-2025-12074,PROD_HOME_003,2025-06-22 22:04:00,119.07,9.45,IL,debit_card,Amazon Marketplace,4
ORD-2025-12075,PROD_BEAU_001,2025-06-22 20:37:00,24.39,5.42,CA,credit_card,Direct Online Store,5
ORD-2025-12076,PROD_HOME_001,2025-06-22 08:46:00,91.64,5.96,FL,debit_card,Affiliate Channel,3
ORD-2025-12077,PROD_SPRT_001,2025-06-22 08:17:00,39.2,10.94,NC,credit_card,Affiliate Channel,2
ORD-2025-12078,PROD_SPRT_002,2025-06-22 19:34:00,257.16,10.08,WA,credit_card,Mobile App,2
ORD-2025-12079,PROD_SPRT_004,2025-06-22 17:24:00,83.68,5.35,WA,gift_card,Amazon Marketplace,5
ORD-2025-12080,PROD_APP_001,2025-06-22 19:31:00,69.82,14.49,TX,credit_card,Direct Online Store,4
ORD-2025-12081,PROD_HOME_001,2025-06-22 13:26:00,87.35,9.58,IL,credit_card,Affiliate Channel,5
ORD-2025-12082,PROD_ELEC_001,2025-06-22 17:28:00,191.11,12.69,WA,credit_card,Mobile App,5
ORD-2025-12083,PROD_HOME_001,2025-06-22 09:16:00,95.9,9.61,NC,gift_card,Mobile App,5
ORD-2025-12084,PROD_BEAU_001,2025-06-22 13:04:00,26.9,9.18,WA,gift_card,Direct Online Store,5
ORD-2025-12085,PROD_HOME_001,2025-06-22 20:23:00,99.08,11.69,NC,debit_card,Mobile App,5
ORD-2025-12086,PROD_ELEC_003,2025-06-22 11:37:00,122.51,11.56,TX,credit_card,Direct Online Store,5
ORD-2025-12087,PROD_SPRT_001,2025-06-22 20:13:00,37.22,8.31,FL,gift_card,Affiliate Channel,5
ORD-2025-12088,PROD_APP_003,2025-06-22 19:35:00,52.79,8.79,GA,credit_card,Amazon Marketplace,3
ORD-2025-12089,PROD_ELEC_004,2025-06-22 08:54:00,35.61,11.73,NY,debit_card,Mobile App,4
ORD-2025-12090,PROD_ELEC_005,2025-06-22 13:01:00,40.44,7.9,CA,digital_wallet,Mobile App,5
ORD-2025-12091,PROD_SPRT_001,2025-06-24 17:58:00,34.23,11.66,FL,gift_card,Affiliate Channel,4
ORD-2025-12092,PROD_APP_003,2025-06-24 09:25:00,49.73,8.1,FL,credit_card,Amazon Marketplace,4
ORD-2025-12093,PROD_HOME_001,2025-06-24 08:01:00,95.6,11.71,NY,digital_wallet,Amazon Marketplace,5
ORD-2025-12094,PROD_SPRT_004,2025-06-24 15:44:00,73.13,14.86,IL,credit_card,Affiliate Channel,1
ORD-2025-12095,PROD_SPRT_003,2025-06-24 14:48:00,22.93,14.9,NC,debit_card,Affiliate Channel,4
ORD-2025-12096,PROD_HOME_003,2025-06-24 10:21:00,114.24,8.78,TX,gift_card,Mobile App,4
ORD-2025-12097,PROD_ELEC_002,2025-06-24 11:57:00,341.07,5.37,IL,credit_card,Mobile App,5
ORD-2025-12098,PROD_BEAU_002,2025-06-24 10:23:00,49.82,14.53,NY,digital_wallet,Direct Online Store,3
ORD-2025-12099,PROD_ELEC_004,2025-06-24 21:32:00,33.18,6.66,CA,digital_wallet,Direct Online Store,5
ORD-2025-12100,PROD_BEAU_001,2025-06-24 10:13:00,26.74,6.15,TX,gift_card,Mobile App,4
ORD-2025-12101,PROD_BEAU_003,2025-06-24 20:12:00,34.75,10.57,NC,credit_card,Mobile App,5
ORD-2025-12102,PROD_HOME_004,2025-06-24 21:54:00,41.7,13.1,IL,digital_wallet,Mobile App,5
ORD-2025-12103,PROD_ELEC_005,2025-06-24 10:16:00,40.22,11.94,NC,debit_card,Direct Online Store,5
ORD-2025-12104,PROD_BEAU_002,2025-06-24 11:04:00,59.07,8.67,NY,credit_card,Amazon Marketplace,5
ORD-2025-12105,PROD_HOME_004,2025-06-24 20:07:00,41.87,14.2,FL,gift_card,Direct Online Store,5
ORD-2025-12106,PROD_ELEC_001,2025-06-24 21:32:00,162.76,12.88,NY,credit_card,Amazon Marketplace,4
ORD-2025-12107,PROD_SPRT_004,2025-06-26 16:35:00,84.52,9.86,FL,digital_wallet,Direct Online Store,2
ORD-2025-12108,PROD_APP_003,2025-06-26 09:33:00,51.9,6.98,NY,credit_card,Direct Online Store,5
ORD-2025-12109,PROD_HOME_002,2025-06-26 13:40:00,163.49,7.31,NY,gift_card,Direct Online Store,5
ORD-2025-12110,PROD_BEAU_002,2025-06-26 19:17:00,55.66,5.01,CA,gift_card,Affiliate Channel,5
ORD-2025-12111,PROD_SPRT_001,2025-06-26 09:16:00,38.29,5.22,WA,gift_card,Mobile App,5
ORD-2025-12112,PROD_ELEC_005,2025-06-26 15:38:00,48.47,8.28,IL,credit_card,Affiliate Channel,4
ORD-2025-12113,PROD_ELEC_001,2025-06-26 12:16:00,165.68,14.37,GA,credit_card,Amazon Marketplace,5
ORD-2025-12114,PROD_ELEC_004,2025-06-26 17:18:00,36.85,14.7,NY,debit_card,Affiliate Channel,2
ORD-2025-12115,PROD_ELEC_003,2025-06-26 14:48:00,138.43,7.24,GA,digital_wallet,Amazon Marketplace,2
ORD-2025-12116,PROD_SPRT_002,2025-06-26 11:05:00,252.61,14.48,CA,credit_card,Direct Online Store,1
ORD-2025-12117,PROD_SPRT_004,2025-06-26 09:10:00,84.01,9.07,WA,debit_card,Affiliate Channel,5
ORD-2025-12118,PROD_HOME_001,2025-06-26 16:25:00,94.37,7.91,GA,digital_wallet,Affiliate Channel,4
ORD-2025-12119,PROD_SPRT_003,2025-06-26 16:04:00,22.04,10.09,GA,credit_card,Amazon Marketplace,5
ORD-2025-12120,PROD_ELEC_004,2025-06-26 20:29:00,39.56,13.92,CA,credit_card,Affiliate Channel,5
ORD-2025-12121,PROD_APP_003,2025-06-26 17:12:00,51.55,14.07,FL,credit_card,Affiliate Channel,5
ORD-2025-12122,PROD_ELEC_004,2025-06-26 19:48:00,39.4,6.07,NC,credit_card,Direct Online Store,5
ORD-2025-12123,PROD_ELEC_001,2025-06-26 09:51:00,196.28,7.87,WA,digital_wallet,Affiliate Channel,5
ORD-2025-12124,PROD_APP_003,2025-06-26 18:36:00,47.67,10.19,NC,digital_wallet,Mobile App,2
ORD-2025-12125,PROD_APP_003,2025-06-26 08:52:00,53.79,12.76,FL,debit_card,Mobile App,5
ORD-2025-12126,PROD_ELEC_001,2025-06-26 19:51:00,169.71,8.11,TX,gift_card,Affiliate Channel,1
ORD-2025-12127,PROD_APP_002,2025-06-26 17:30:00,38.53,14.57,GA,debit_card,Direct Online Store,1
ORD-2025-12128,PROD_APP_002,2025-06-26 19:58:00,37.17,12.63,TX,digital_wallet,Affiliate Channel,4
ORD-2025-12129,PROD_ELEC_005,2025-06-26 16:52:00,48.03,12.46,WA,gift_card,Mobile App,2
ORD-2025-12130,PROD_APP_003,2025-06-26 20:24:00,53.3,9.79,GA,credit_card,Mobile App,4
ORD-2025-12131,PROD_APP_003,2025-06-26 20:30:00,52.78,6.24,NC,gift_card,Direct Online Store,5
ORD-2025-12132,PROD_HOME_003,2025-06-26 11:52:00,113.32,9.78,WA,gift_card,Amazon Marketplace,5
ORD-2025-12133,PROD_ELEC_004,2025-06-26 20:37:00,37.28,8.93,FL,digital_wallet,Mobile App,5
ORD-2025-12134,PROD_APP_002,2025-06-28 08:06:00,40.18,10.96,IL,digital_wallet,Mobile App,5
ORD-2025-12135,PROD_APP_003,2025-06-28 15:44:00,52.38,11.61,NY,gift_card,Affiliate Channel,2
ORD-2025-12136,PROD_SPRT_003,2025-06-28 21:54:00,23.18,6.26,CA,digital_wallet,Direct Online Store,4
ORD-2025-12137,PROD_APP_001,2025-06-28 09:50:00,69.24,5.48,NY,credit_card,Direct Online Store,4
ORD-2025-12138,PROD_BEAU_001,2025-06-28 11:35:00,29.57,10.85,IL,digital_wallet,Direct Online Store,5
ORD-2025-12139,PROD_ELEC_003,2025-06-28 16:32:00,149.95,11.73,TX,debit_card,Mobile App,4
ORD-2025-12140,PROD_HOME_004,2025-06-28 18:56:00,43.75,12.64,NC,gift_card,Amazon Marketplace,5
ORD-2025-12141,PROD_APP_002,2025-06-28 09:31:00,42.62,7.62,GA,debit_card,Affiliate Channel,3
ORD-2025-12142,PROD_HOME_003,2025-06-28 10:08:00,111.15,5.7,NY,debit_card,Amazon Marketplace,5
ORD-2025-12143,PROD_APP_002,2025-06-28 21:18:00,40.25,14.84,NY,gift_card,Affiliate Channel,5
ORD-2025-12144,PROD_APP_003,2025-06-28 20:07:00,53.28,9.13,NC,debit_card,Affiliate Channel,5
ORD-2025-12145,PROD_HOME_002,2025-06-28 21:29:00,166.83,5.66,NC,digital_wallet,Direct Online Store,3
ORD-2025-12146,PROD_ELEC_005,2025-06-28 17:46:00,44.22,5.68,FL,debit_card,Mobile App,5
ORD-2025-12147,PROD_SPRT_002,2025-06-28 20:29:00,230.33,13.05,NY,debit_card,Affiliate Channel,3
ORD-2025-12148,PROD_APP_003,2025-06-28 17:20:00,52.13,13.46,TX,debit_card,Mobile App,5
ORD-2025-12149,PROD_SPRT_004,2025-06-28 16:17:00,85.36,8.01,FL,gift_card,Affiliate Channel,5
ORD-2025-12150,PROD_ELEC_004,2025-06-28 08:27:00,33.73,7.23,IL,credit_card,Direct Online Store,5
ORD-2025-12151,PROD_BEAU_003,2025-06-28 13:38:00,29.11,8.17,CA,gift_card,Amazon Marketplace,4
ORD-2025-12152,PROD_SPRT_001,2025-06-28 13:36:00,35.11,6.72,NY,debit_card,Direct Online Store,4
ORD-2025-12153,PROD_APP_004,2025-06-28 09:26:00,97.1,9.68,TX,gift_card,Affiliate Channel,4
ORD-2025-12154,PROD_APP_002,2025-06-28 16:50:00,42.07,7.97,CA,debit_card,Mobile App,5
ORD-2025-12155,PROD_SPRT_004,2025-06-28 11:46:00,72.87,9.68,GA,debit_card,Mobile App,1
ORD-2025-12156,PROD_SPRT_003,2025-06-28 18:52:00,23.26,10.64,TX,digital_wallet,Affiliate Channel,5
ORD-2025-12157,PROD_ELEC_003,2025-06-28 14:59:00,135.61,7.17,GA,credit_card,Amazon Marketplace,4
ORD-2025-12158,PROD_BEAU_001,2025-06-28 15:55:00,27.86,14.58,NC,credit_card,Direct Online Store,5
ORD-2025-12159,PROD_SPRT_002,2025-06-28 08:50:00,232.38,7.05,CA,credit_card,Mobile App,5
ORD-2025-12160,PROD_APP_003,2025-06-28 17:10:00,44.57,11.99,IL,debit_card,Affiliate Channel,5
ORD-2025-12161,PROD_ELEC_004,2025-06-30 16:12:00,36.22,12.16,NY,debit_card,Affiliate Channel,5
ORD-2025-12162,PROD_BEAU_001,2025-06-30 13:09:00,25.42,7.91,TX,credit_card,Affiliate Channel,5
ORD-2025-12163,PROD_ELEC_003,2025-06-30 10:34:00,124.64,10.5,GA,digital_wallet,Direct Online Store,5
ORD-2025-12164,PROD_APP_001,2025-06-30 11:40:00,60.22,12.62,NC,digital_wallet,Direct Online Store,5
ORD-2025-12165,PROD_HOME_002,2025-06-30 08:23:00,186.52,12.09,NY,credit_card,Direct Online Store,4
ORD-2025-12166,PROD_SPRT_002,2025-06-30 22:11:00,240.23,6.29,FL,credit_card,Direct Online Store,5
ORD-2025-12167,PROD_ELEC_001,2025-06-30 08:09:00,194.6,7.41,FL,credit_card,Amazon Marketplace,4
ORD-2025-12168,PROD_ELEC_005,2025-06-30 15:21:00,43.59,6.97,FL,credit_card,Affiliate Channel,4
ORD-2025-12169,PROD_ELEC_005,2025-06-30 09:55:00,44.39,13.64,NC,gift_card,Amazon Marketplace,5
ORD-2025-12170,PROD_BEAU_001,2025-06-30 18:19:00,24.97,9.71,CA,debit_card,Amazon Marketplace,3
ORD-2025-12171,PROD_APP_004,2025-06-30 08:24:00,98.15,5.64,NY,gift_card,Affiliate Channel,5
ORD-2025-12172,PROD_BEAU_002,2025-06-30 20:47:00,51.76,7.87,WA,credit_card,Direct Online Store,5
ORD-2025-12173,PROD_ELEC_004,2025-06-30 14:53:00,37.6,10.8,TX,credit_card,Amazon Marketplace,5
ORD-2025-12174,PROD_ELEC_004,2025-06-30 17:51:00,37.45,5.18,NC,gift_card,Direct Online Store,4
ORD-2025-12175,PROD_APP_002,2025-06-30 13:10:00,37.46,12.08,FL,debit_card,Amazon Marketplace,4
ORD-2025-12176,PROD_SPRT_002,2025-06-30 11:29:00,261.83,13.37,GA,digital_wallet,Amazon Marketplace,5
ORD-2025-12177,PROD_APP_004,2025-06-30 12:31:00,97.08,13.51,NC,debit_card,Mobile App,4
ORD-2025-12178,PROD_APP_002,2025-06-30 09:58:00,44.57,6.07,WA,debit_card,Mobile App,5
ORD-2025-12179,PROD_BEAU_001,2025-06-30 16:34:00,27.21,12.04,TX,gift_card,Direct Online Store,5
ORD-2025-12180,PROD_BEAU_002,2025-06-30 08:16:00,52.94,14.69,WA,credit_card,Affiliate Channel,5
ORD-2025-12181,PROD_BEAU_001,2025-07-02 21:57:00,24.66,13.43,TX,debit_card,Amazon Marketplace,5
ORD-2025-12182,PROD_HOME_002,2025-07-02 13:38:00,160.8,11.61,TX,credit_card,Mobile App,4
ORD-2025-12183,PROD_HOME_003,2025-07-02 17:38:00,118.47,9.45,NY,credit_card,Amazon Marketplace,4
ORD-2025-12184,PROD_SPRT_003,2025-07-02 20:21:00,23.87,12.09,GA,gift_card,Amazon Marketplace,5
ORD-2025-12185,PROD_APP_004,2025-07-02 14:00:00,99.16,6.04,WA,gift_card,Direct Online Store,4
ORD-2025-12186,PROD_ELEC_004,2025-07-02 10:07:00,34.72,14.64,FL,debit_card,Affiliate Channel,4
ORD-2025-12187,PROD_SPRT_004,2025-07-02 11:17:00,88.9,14.15,GA,gift_card,Direct Online Store,5
ORD-2025-12188,PROD_SPRT_001,2025-07-02 19:14:00,32.89,10.87,CA,gift_card,Mobile App,5
ORD-2025-12189,PROD_ELEC_004,2025-07-02 17:38:00,34.01,12.31,GA,debit_card,Affiliate Channel,5
ORD-2025-12190,PROD_HOME_002,2025-07-02 21:54:00,154.46,14.12,FL,debit_card,Affiliate Channel,4
ORD-2025-12191,PROD_SPRT_001,2025-07-02 13:46:00,32.93,6.46,NC,credit_card,Mobile App,4
ORD-2025-12192,PROD_SPRT_003,2025-07-02 22:57:00,21.51,5.51,CA,credit_card,Affiliate Channel,5
ORD-2025-12193,PROD_SPRT_003,2025-07-02 20:46:00,22.08,11.12,IL,digital_wallet,Mobile App,5
ORD-2025-12194,PROD_APP_004,2025-07-02 08:28:00,112.56,6.1,NC,debit_card,Affiliate Channel,5
ORD-2025-12195,PROD_HOME_002,2025-07-02 21:22:00,181.16,12.69,NY,gift_card,Direct Online Store,2
ORD-2025-12196,PROD_APP_004,2025-07-02 11:58:00,106.08,14.2,WA,credit_card,Affiliate Channel,4
ORD-2025-12197,PROD_SPRT_003,2025-07-02 15:32:00,23.17,13.55,FL,gift_card,Mobile App,5
ORD-2025-12198,PROD_SPRT_002,2025-07-02 21:13:00,253.28,8.09,IL,credit_card,Affiliate Channel,3
ORD-2025-12199,PROD_APP_002,2025-07-02 20:43:00,41.01,11.7,GA,gift_card,Affiliate Channel,5
ORD-2025-12200,PROD_APP_002,2025-07-02 15:32:00,44.76,11.26,FL,gift_card,Amazon Marketplace,5
ORD-2025-12201,PROD_APP_002,2025-07-02 11:57:00,40.48,7.83,FL,gift_card,Mobile App,5
ORD-2025-12202,PROD_SPRT_002,2025-07-02 11:05:00,237.11,12.28,TX,gift_card,Mobile App,5
ORD-2025-12203,PROD_BEAU_002,2025-07-02 20:07:00,51.66,12.11,IL,gift_card,Amazon Marketplace,5
ORD-2025-12204,PROD_ELEC_002,2025-07-02 15:31:00,282.19,7.46,NY,digital_wallet,Affiliate Channel,4
ORD-2025-12205,PROD_HOME_002,2025-07-02 13:23:00,167.76,12.1,WA,gift_card,Direct Online Store,3
ORD-2025-12206,PROD_ELEC_005,2025-07-02 09:12:00,45.88,9.7,NC,digital_wallet,Mobile App,2
ORD-2025-12207,PROD_HOME_003,2025-07-02 09:49:00,109.21,12.99,TX,credit_card,Amazon Marketplace,2
ORD-2025-12208,PROD_SPRT_004,2025-07-02 19:48:00,78.56,9.78,CA,gift_card,Mobile App,5
ORD-2025-12209,PROD_HOME_004,2025-07-02 22:34:00,48.45,13.69,FL,credit_card,Mobile App,5
ORD-2025-12210,PROD_HOME_001,2025-07-02 08:59:00,86.09,7.48,IL,digital_wallet,Mobile App,5
ORD-2025-12211,PROD_HOME_002,2025-07-02 11:45:00,188.05,14.7,WA,gift_card,Direct Online Store,5
ORD-2025-12212,PROD_BEAU_003,2025-07-02 22:50:00,30.75,11.72,FL,debit_card,Amazon Marketplace,5
ORD-2025-12213,PROD_SPRT_003,2025-07-04 14:02:00,24.68,11.78,CA,debit_card,Amazon Marketplace,5
ORD-2025-12214,PROD_HOME_004,2025-07-04 14:56:00,40.16,13.35,CA,debit_card,Amazon Marketplace,5
ORD-2025-12215,PROD_SPRT_003,2025-07-04 14:06:00,20.25,11.77,GA,credit_card,Affiliate Channel,4
ORD-2025-12216,PROD_BEAU_002,2025-07-04 18:06:00,51.34,14.56,TX,credit_card,Direct Online Store,5
ORD-2025-12217,PROD_APP_002,2025-07-04 17:30:00,39.49,9.57,TX,credit_card,Affiliate Channel,5
ORD-2025-12218,PROD_ELEC_003,2025-07-04 18:52:00,144.18,7.38,FL,credit_card,Amazon Marketplace,5
ORD-2025-12219,PROD_HOME_004,2025-07-04 21:21:00,43.9,6.12,FL,credit_card,Affiliate Channel,5
ORD-2025-12220,PROD_APP_001,2025-07-04 16:08:00,69.4,5.56,TX,debit_card,Affiliate Channel,5
ORD-2025-12221,PROD_APP_004,2025-07-04 17:35:00,101.29,8.16,WA,gift_card,Affiliate Channel,4
ORD-2025-12222,PROD_SPRT_002,2025-07-04 10:44:00,276.51,6.94,CA,credit_card,Amazon Marketplace,5
ORD-2025-12223,PROD_SPRT_003,2025-07-04 19:26:00,20.48,7.59,WA,digital_wallet,Amazon Marketplace,4
ORD-2025-12224,PROD_APP_004,2025-07-04 21:44:00,119.67,10.68,CA,gift_card,Mobile App,5
ORD-2025-12225,PROD_APP_004,2025-07-04 15:13:00,96.01,6.77,GA,gift_card,Mobile App,5
ORD-2025-12226,PROD_SPRT_002,2025-07-04 20:44:00,265.38,9.42,IL,gift_card,Mobile App,5
ORD-2025-12227,PROD_BEAU_002,2025-07-04 10:57:00,59.36,9.34,GA,debit_card,Mobile App,5
ORD-2025-12228,PROD_SPRT_001,2025-07-04 10:57:00,35.2,10.13,NC,credit_card,Affiliate Channel,5
ORD-2025-12229,PROD_BEAU_002,2025-07-04 09:41:00,55.89,13.66,NC,credit_card,Mobile App,5
ORD-2025-12230,PROD_HOME_004,2025-07-04 19:53:00,49.88,7.01,NC,gift_card,Mobile App,1
ORD-2025-12231,PROD_SPRT_003,2025-07-04 17:33:00,21.81,6.44,FL,credit_card,Amazon Marketplace,4
ORD-2025-12232,PROD_APP_004,2025-07-04 13:43:00,103.56,7.38,IL,credit_card,Affiliate Channel,4
ORD-2025-12233,PROD_ELEC_003,2025-07-04 18:16:00,147.42,11.17,CA,gift_card,Direct Online Store,2
ORD-2025-12234,PROD_BEAU_003,2025-07-06 14:31:00,31.39,12.24,NY,digital_wallet,Amazon Marketplace,5
ORD-2025-12235,PROD_BEAU_002,2025-07-06 21:18:00,51.3,5.55,CA,digital_wallet,Amazon Marketplace,5
ORD-2025-12236,PROD_SPRT_002,2025-07-06 15:44:00,239.0,10.97,TX,digital_wallet,Affiliate Channel,5
ORD-2025-12237,PROD_ELEC_002,2025-07-06 21:36:00,345.27,5.35,CA,credit_card,Affiliate Channel,5
ORD-2025-12238,PROD_ELEC_004,2025-07-06 10:00:00,34.1,5.28,WA,credit_card,Amazon Marketplace,5
ORD-2025-12239,PROD_HOME_001,2025-07-06 18:14:00,96.72,12.63,TX,credit_card,Direct Online Store,5
ORD-2025-12240,PROD_APP_001,2025-07-06 17:50:00,57.59,8.64,GA,digital_wallet,Affiliate Channel,4
ORD-2025-12241,PROD_HOME_002,2025-07-06 17:55:00,157.0,9.22,GA,digital_wallet,Mobile App,3
ORD-2025-12242,PROD_APP_001,2025-07-06 17:48:00,64.62,11.78,IL,debit_card,Direct Online Store,5
ORD-2025-12243,PROD_HOME_004,2025-07-06 15:18:00,46.5,12.19,CA,digital_wallet,Direct Online Store,3
ORD-2025-12244,PROD_APP_002,2025-07-06 20:14:00,36.55,14.83,GA,gift_card,Affiliate Channel,4
ORD-2025-12245,PROD_SPRT_004,2025-07-06 22:24:00,80.39,12.44,CA,digital_wallet,Mobile App,5
ORD-2025-12246,PROD_ELEC_003,2025-07-06 08:51:00,136.26,10.99,WA,digital_wallet,Affiliate Channel,5
ORD-2025-12247,PROD_ELEC_003,2025-07-06 08:13:00,132.34,5.35,WA,gift_card,Amazon Marketplace,5
ORD-2025-12248,PROD_ELEC_002,2025-07-06 08:36:00,318.9,7.66,NC,debit_card,Amazon Marketplace,5
ORD-2025-12249,PROD_APP_003,2025-07-06 09:06:00,44.28,12.37,NY,credit_card,Direct Online Store,3
ORD-2025-12250,PROD_SPRT_001,2025-07-06 16:16:00,34.45,5.71,NC,gift_card,Mobile App,5
ORD-2025-12251,PROD_APP_001,2025-07-06 09:32:00,64.99,10.77,FL,credit_card,Affiliate Channel,4
ORD-2025-12252,PROD_APP_004,2025-07-08 20:02:00,99.56,5.08,TX,debit_card,Affiliate Channel,5
ORD-2025-12253,PROD_HOME_003,2025-07-08 10:00:00,105.34,11.63,WA,digital_wallet,Mobile App,5
ORD-2025-12254,PROD_APP_001,2025-07-08 15:58:00,62.75,13.84,NY,debit_card,Direct Online Store,3
ORD-2025-12255,PROD_HOME_001,2025-07-08 16:17:00,86.33,11.09,GA,digital_wallet,Affiliate Channel,5
ORD-2025-12256,PROD_APP_001,2025-07-08 15:46:00,56.9,14.58,IL,gift_card,Amazon Marketplace,5
ORD-2025-12257,PROD_BEAU_001,2025-07-08 08:51:00,28.89,8.36,IL,digital_wallet,Amazon Marketplace,4
ORD-2025-12258,PROD_APP_001,2025-07-08 17:58:00,57.89,13.39,GA,gift_card,Affiliate Channel,5
ORD-2025-12259,PROD_APP_004,2025-07-08 12:04:00,113.8,9.52,FL,digital_wallet,Direct Online Store,5
ORD-2025-12260,PROD_SPRT_004,2025-07-08 19:13:00,87.54,14.36,NC,credit_card,Mobile App,2
ORD-2025-12261,PROD_BEAU_001,2025-07-08 09:44:00,27.27,11.63,FL,digital_wallet,Affiliate Channel,3
ORD-2025-12262,PROD_SPRT_001,2025-07-08 21:33:00,39.1,13.4,IL,digital_wallet,Affiliate Channel,4
ORD-2025-12263,PROD_BEAU_001,2025-07-08 22:56:00,25.98,9.07,NY,digital_wallet,Affiliate Channel,5
ORD-2025-12264,PROD_HOME_004,2025-07-08 21:57:00,48.67,14.22,CA,gift_card,Direct Online Store,4
ORD-2025-12265,PROD_HOME_002,2025-07-08 11:06:00,170.29,13.66,NC,credit_card,Amazon Marketplace,4
ORD-2025-12266,PROD_BEAU_002,2025-07-08 11:53:00,56.4,7.48,GA,debit_card,Affiliate Channel,5
ORD-2025-12267,PROD_BEAU_001,2025-07-08 21:55:00,29.02,7.98,WA,gift_card,Amazon Marketplace,3
ORD-2025-12268,PROD_ELEC_004,2025-07-08 08:31:00,39.38,10.44,TX,gift_card,Direct Online Store,3
ORD-2025-12269,PROD_BEAU_001,2025-07-08 17:55:00,25.81,7.99,WA,gift_card,Affiliate Channel,5
ORD-2025-12270,PROD_BEAU_001,2025-07-08 22:01:00,24.99,5.8,TX,debit_card,Mobile App,5
ORD-2025-12271,PROD_APP_001,2025-07-08 14:37:00,62.66,10.4,CA,digital_wallet,Mobile App,5
ORD-2025-12272,PROD_SPRT_004,2025-07-08 22:10:00,84.41,10.37,IL,gift_card,Direct Online Store,5
ORD-2025-12273,PROD_APP_003,2025-07-10 21:39:00,52.57,11.75,GA,credit_card,Amazon Marketplace,5
ORD-2025-12274,PROD_APP_001,2025-07-10 14:33:00,67.08,9.33,NC,digital_wallet,Amazon Marketplace,4
ORD-2025-12275,PROD_BEAU_003,2025-07-10 19:42:00,34.04,14.45,WA,debit_card,Affiliate Channel,5
ORD-2025-12276,PROD_BEAU_002,2025-07-10 10:00:00,48.21,12.22,GA,gift_card,Amazon Marketplace,3
ORD-2025-12277,PROD_BEAU_002,2025-07-10 10:42:00,48.51,5.07,FL,debit_card,Mobile App,4
ORD-2025-12278,PROD_HOME_003,2025-07-10 18:45:00,110.38,14.79,WA,gift_card,Amazon Marketplace,5
ORD-2025-12279,PROD_BEAU_001,2025-07-10 20:54:00,24.27,6.29,GA,gift_card,Direct Online Store,5
ORD-2025-12280,PROD_HOME_002,2025-07-10 15:13:00,169.82,12.06,CA,debit_card,Affiliate Channel,5
ORD-2025-12281,PROD_ELEC_005,2025-07-10 15:59:00,46.55,14.24,CA,digital_wallet,Amazon Marketplace,4
ORD-2025-12282,PROD_ELEC_002,2025-07-10 13:18:00,282.02,8.31,NC,debit_card,Affiliate Channel,3
ORD-2025-12283,PROD_BEAU_002,2025-07-10 15:35:00,56.47,6.04,NY,digital_wallet,Affiliate Channel,4
ORD-2025-12284,PROD_HOME_001,2025-07-10 14:53:00,87.09,7.33,WA,gift_card,Direct Online Store,5
ORD-2025-12285,PROD_APP_004,2025-07-10 18:27:00,97.73,7.65,GA,debit_card,Amazon Marketplace,5
ORD-2025-12286,PROD_APP_001,2025-07-10 12:34:00,69.0,11.9,WA,digital_wallet,Affiliate Channel,3
ORD-2025-12287,PROD_BEAU_002,2025-07-10 10:15:00,52.08,9.23,IL,digital_wallet,Mobile App,2
ORD-2025-12288,PROD_BEAU_001,2025-07-10 16:38:00,27.06,5.24,WA,debit_card,Direct Online Store,5
ORD-2025-12289,PROD_APP_003,2025-07-12 19:07:00,52.3,10.12,FL,gift_card,Direct Online Store,3
ORD-2025-12290,PROD_HOME_004,2025-07-12 16:39:00,47.75,8.56,CA,digital_wallet,Direct Online Store,5
ORD-2025-12291,PROD_ELEC_001,2025-07-12 15:17:00,185.35,7.18,FL,digital_wallet,Affiliate Channel,5
ORD-2025-12292,PROD_ELEC_005,2025-07-12 20:29:00,45.49,6.66,NY,digital_wallet,Affiliate Channel,5
ORD-2025-12293,PROD_BEAU_001,2025-07-12 17:42:00,27.78,11.97,IL,digital_wallet,Affiliate Channel,5
ORD-2025-12294,PROD_HOME_002,2025-07-12 22:21:00,175.9,8.68,WA,debit_card,Affiliate Channel,5
ORD-2025-12295,PROD_ELEC_003,2025-07-12 22:53:00,140.98,8.65,IL,credit_card,Amazon Marketplace,4
ORD-2025-12296,PROD_APP_001,2025-07-12 22:23:00,68.16,13.53,TX,credit_card,Affiliate Channel,3
ORD-2025-12297,PROD_SPRT_001,2025-07-12 09:25:00,35.99,12.75,WA,credit_card,Direct Online Store,4
ORD-2025-12298,PROD_APP_001,2025-07-12 12:45:00,58.34,8.74,IL,digital_wallet,Amazon Marketplace,5
ORD-2025-12299,PROD_APP_002,2025-07-12 18:24:00,37.73,6.36,IL,gift_card,Amazon Marketplace,5
ORD-2025-12300,PROD_SPRT_002,2025-07-12 19:23:00,226.73,6.89,FL,debit_card,Direct Online Store,4
ORD-2025-12301,PROD_HOME_001,2025-07-12 10:37:00,94.28,12.37,FL,gift_card,Amazon Marketplace,5
ORD-2025-12302,PROD_ELEC_001,2025-07-12 09:52:00,196.38,12.97,CA,digital_wallet,Amazon Marketplace,5
ORD-2025-12303,PROD_SPRT_003,2025-07-12 12:59:00,22.15,12.07,GA,digital_wallet,Direct Online Store,5
ORD-2025-12304,PROD_APP_003,2025-07-12 09:35:00,51.42,9.07,NY,credit_card,Amazon Marketplace,4
ORD-2025-12305,PROD_APP_004,2025-07-14 11:13:00,102.95,9.73,NC,debit_card,Affiliate Channel,5
ORD-2025-12306,PROD_BEAU_001,2025-07-14 10:07:00,27.03,7.9,NY,debit_card,Direct Online Store,4
ORD-2025-12307,PROD_SPRT_004,2025-07-14 09:14:00,77.47,7.04,CA,credit_card,Mobile App,5
ORD-2025-12308,PROD_HOME_001,2025-07-14 17:03:00,96.74,10.26,NY,gift_card,Affiliate Channel,5
ORD-2025-12309,PROD_HOME_003,2025-07-14 18:36:00,126.95,10.72,CA,debit_card,Direct Online Store,4
ORD-2025-12310,PROD_APP_002,2025-07-14 19:13:00,36.31,12.27,NY,gift_card,Amazon Marketplace,5
ORD-2025-12311,PROD_BEAU_001,2025-07-14 12:59:00,26.24,9.89,NY,gift_card,Direct Online Store,5
ORD-2025-12312,PROD_APP_002,2025-07-14 09:56:00,36.87,5.92,GA,digital_wallet,Direct Online Store,5
ORD-2025-12313,PROD_ELEC_001,2025-07-14 08:48:00,171.1,12.82,FL,digital_wallet,Mobile App,5
ORD-2025-12314,PROD_BEAU_001,2025-07-14 16:30:00,27.03,7.56,NC,digital_wallet,Direct Online Store,3
ORD-2025-12315,PROD_BEAU_003,2025-07-14 19:55:00,29.73,6.53,GA,debit_card,Amazon Marketplace,5
ORD-2025-12316,PROD_HOME_004,2025-07-14 21:12:00,47.9,8.94,GA,credit_card,Direct Online Store,4
ORD-2025-12317,PROD_ELEC_002,2025-07-14 21:01:00,287.77,12.55,FL,gift_card,Amazon Marketplace,5
ORD-2025-12318,PROD_HOME_004,2025-07-14 17:17:00,49.76,8.45,NC,gift_card,Affiliate Channel,4
ORD-2025-12319,PROD_APP_003,2025-07-14 11:44:00,53.48,12.66,GA,credit_card,Direct Online Store,5
ORD-2025-12320,PROD_HOME_002,2025-07-14 15:55:00,189.65,5.26,NY,digital_wallet,Direct Online Store,5
ORD-2025-12321,PROD_APP_002,2025-07-14 08:51:00,43.04,7.15,NC,digital_wallet,Affiliate Channel,5
ORD-2025-12322,PROD_SPRT_002,2025-07-14 18:10:00,249.08,11.23,FL,gift_card,Mobile App,5
ORD-2025-12323,PROD_ELEC_001,2025-07-14 21:56:00,180.28,6.42,WA,debit_card,Mobile App,5
ORD-2025-12324,PROD_HOME_002,2025-07-14 09:13:00,176.46,14.99,NY,gift_card,Direct Online Store,2
ORD-2025-12325,PROD_HOME_001,2025-07-14 14:31:00,96.69,12.51,FL,gift_card,Amazon Marketplace,5
ORD-2025-12326,PROD_SPRT_003,2025-07-14 16:01:00,24.03,14.53,CA,digital_wallet,Amazon Marketplace,5
ORD-2025-12327,PROD_HOME_003,2025-07-16 12:33:00,119.25,13.99,NC,gift_card,Mobile App,5
ORD-2025-12328,PROD_APP_003,2025-07-16 11:06:00,54.02,5.39,GA,digital_wallet,Mobile App,3
ORD-2025-12329,PROD_SPRT_003,2025-07-16 13:32:00,22.99,6.22,IL,credit_card,Direct Online Store,5
ORD-2025-12330,PROD_APP_004,2025-07-16 16:07:00,118.08,9.39,IL,debit_card,Affiliate Channel,3
ORD-2025-12331,PROD_ELEC_003,2025-07-16 14:58:00,138.55,6.02,CA,debit_card,Affiliate Channel,5
ORD-2025-12332,PROD_SPRT_001,2025-07-16 20:21:00,36.79,12.48,WA,digital_wallet,Mobile App,5
ORD-2025-12333,PROD_HOME_003,2025-07-16 11:24:00,125.43,8.98,IL,debit_card,Affiliate Channel,5
ORD-2025-12334,PROD_APP_004,2025-07-16 18:17:00,115.23,13.77,WA,digital_wallet,Mobile App,3
ORD-2025-12335,PROD_HOME_003,2025-07-16 11:00:00,109.51,5.29,NY,credit_card,Affiliate Channel,4
ORD-2025-12336,PROD_ELEC_005,2025-07-16 16:24:00,42.24,14.56,GA,digital_wallet,Amazon Marketplace,4
ORD-2025-12337,PROD_BEAU_002,2025-07-16 16:14:00,50.36,8.91,WA,credit_card,Mobile App,3
ORD-2025-12338,PROD_BEAU_002,2025-07-16 08:49:00,50.51,6.94,NY,gift_card,Mobile App,5
ORD-2025-12339,PROD_ELEC_004,2025-07-16 12:54:00,36.7,11.93,CA,debit_card,Mobile App,4
ORD-2025-12340,PROD_APP_004,2025-07-16 15:52:00,115.46,12.46,GA,credit_card,Direct Online Store,4
ORD-2025-12341,PROD_APP_001,2025-07-16 18:36:00,57.0,8.31,WA,credit_card,Mobile App,4
ORD-2025-12342,PROD_SPRT_004,2025-07-16 14:27:00,85.4,11.13,WA,digital_wallet,Amazon Marketplace,3
ORD-2025-12343,PROD_BEAU_003,2025-07-16 14:08:00,30.1,8.54,GA,digital_wallet,Amazon Marketplace,5
ORD-2025-12344,PROD_ELEC_001,2025-07-16 22:59:00,161.32,12.42,NY,gift_card,Amazon Marketplace,5
ORD-2025-12345,PROD_BEAU_002,2025-07-16 13:37:00,50.59,11.97,TX,debit_card,Mobile App,4
ORD-2025-12346,PROD_BEAU_001,2025-07-16 14:17:00,26.69,13.23,GA,credit_card,Direct Online Store,5
ORD-2025-12347,PROD_BEAU_002,2025-07-16 10:43:00,53.32,14.46,IL,digital_wallet,Affiliate Channel,5
ORD-2025-12348,PROD_ELEC_003,2025-07-16 21:49:00,142.81,13.56,IL,digital_wallet,Direct Online Store,4
ORD-2025-12349,PROD_HOME_001,2025-07-16 22:51:00,85.88,11.37,FL,digital_wallet,Mobile App,4
ORD-2025-12350,PROD_SPRT_002,2025-07-16 16:51:00,268.05,6.69,GA,digital_wallet,Affiliate Channel,4
ORD-2025-12351,PROD_SPRT_003,2025-07-16 22:08:00,24.37,7.08,NC,digital_wallet,Affiliate Channel,5
ORD-2025-12352,PROD_BEAU_002,2025-07-16 13:33:00,54.32,13.28,TX,credit_card,Affiliate Channel,2
ORD-2025-12353,PROD_SPRT_001,2025-07-16 22:00:00,37.77,14.32,GA,credit_card,Direct Online Store,1
ORD-2025-12354,PROD_ELEC_004,2025-07-16 14:45:00,32.53,7.58,NY,credit_card,Amazon Marketplace,5
ORD-2025-12355,PROD_SPRT_003,2025-07-16 20:19:00,20.99,6.72,GA,debit_card,Mobile App,1
ORD-2025-12356,PROD_APP_003,2025-07-18 12:35:00,47.05,9.83,GA,gift_card,Direct Online Store,5
ORD-2025-12357,PROD_SPRT_002,2025-07-18 11:11:00,273.21,6.47,WA,credit_card,Amazon Marketplace,5
ORD-2025-12358,PROD_SPRT_002,2025-07-18 10:25:00,249.16,6.63,GA,credit_card,Affiliate Channel,4
ORD-2025-12359,PROD_BEAU_001,2025-07-18 22:46:00,29.1,9.3,FL,debit_card,Mobile App,5
ORD-2025-12360,PROD_BEAU_001,2025-07-18 10:06:00,25.44,11.69,CA,credit_card,Amazon Marketplace,4
ORD-2025-12361,PROD_BEAU_003,2025-07-18 08:28:00,29.69,10.94,CA,debit_card,Affiliate Channel,5
ORD-2025-12362,PROD_ELEC_002,2025-07-18 22:45:00,314.14,12.33,NC,debit_card,Amazon Marketplace,5
ORD-2025-12363,PROD_ELEC_002,2025-07-18 12:32:00,287.74,10.15,IL,debit_card,Affiliate Channel,5
ORD-2025-12364,PROD_HOME_001,2025-07-18 10:39:00,82.69,14.34,NC,digital_wallet,Direct Online Store,3
ORD-2025-12365,PROD_HOME_001,2025-07-18 13:28:00,94.61,8.4,TX,gift_card,Affiliate Channel,5
ORD-2025-12366,PROD_APP_004,2025-07-18 09:28:00,105.64,6.6,IL,gift_card,Affiliate Channel,5
ORD-2025-12367,PROD_ELEC_001,2025-07-18 13:48:00,167.73,6.94,TX,debit_card,Direct Online Store,5
ORD-2025-12368,PROD_APP_001,2025-07-18 11:08:00,56.11,7.26,NC,digital_wallet,Mobile App,5
ORD-2025-12369,PROD_HOME_003,2025-07-18 22:45:00,124.2,5.1,CA,gift_card,Mobile App,4
ORD-2025-12370,PROD_ELEC_002,2025-07-18 16:21:00,334.09,5.87,TX,debit_card,Mobile App,5
ORD-2025-12371,PROD_BEAU_003,2025-07-18 11:30:00,34.11,12.08,CA,credit_card,Mobile App,3
ORD-2025-12372,PROD_APP_002,2025-07-18 22:13:00,36.67,9.08,FL,debit_card,Affiliate Channel,5
ORD-2025-12373,PROD_APP_002,2025-07-18 13:44:00,43.82,10.33,NC,debit_card,Amazon Marketplace,5
ORD-2025-12374,PROD_APP_003,2025-07-18 17:13:00,53.05,8.37,NY,credit_card,Amazon Marketplace,4
ORD-2025-12375,PROD_BEAU_003,2025-07-18 08:00:00,29.86,12.14,IL,debit_card,Amazon Marketplace,5
ORD-2025-12376,PROD_APP_002,2025-07-20 11:56:00,44.89,6.98,FL,credit_card,Amazon Marketplace,5
ORD-2025-12377,PROD_HOME_003,2025-07-20 13:41:00,110.07,5.82,GA,credit_card,Mobile App,5
ORD-2025-12378,PROD_BEAU_002,2025-07-20 18:23:00,53.71,12.11,NY,gift_card,Affiliate Channel,5
ORD-2025-12379,PROD_HOME_004,2025-07-20 14:18:00,41.06,11.53,WA,digital_wallet,Mobile App,5
ORD-2025-12380,PROD_ELEC_005,2025-07-20 20:14:00,45.1,11.97,GA,debit_card,Affiliate Channel,5
ORD-2025-12381,PROD_HOME_002,2025-07-20 11:41:00,184.46,13.24,NC,digital_wallet,Amazon Marketplace,5
ORD-2025-12382,PROD_ELEC_005,2025-07-20 17:02:00,44.43,11.36,FL,gift_card,Affiliate Channel,3
ORD-2025-12383,PROD_SPRT_001,2025-07-20 13:01:00,34.57,5.8,FL,debit_card,Direct Online Store,5
ORD-2025-12384,PROD_HOME_003,2025-07-20 13:51:00,108.56,9.21,WA,credit_card,Direct Online Store,5
ORD-2025-12385,PROD_ELEC_001,2025-07-20 18:33:00,182.61,14.12,NC,credit_card,Affiliate Channel,4
ORD-2025-12386,PROD_APP_003,2025-07-20 21:19:00,49.55,9.71,NC,debit_card,Amazon Marketplace,5
ORD-2025-12387,PROD_HOME_003,2025-07-20 11:33:00,127.68,12.31,WA,debit_card,Mobile App,5
ORD-2025-12388,PROD_BEAU_003,2025-07-20 17:48:00,33.92,8.25,NC,debit_card,Affiliate Channel,5
ORD-2025-12389,PROD_SPRT_003,2025-07-20 12:39:00,22.92,10.97,WA,digital_wallet,Direct Online Store,5
ORD-2025-12390,PROD_SPRT_003,2025-07-20 13:27:00,21.05,7.86,WA,debit_card,Direct Online Store,5
ORD-2025-12391,PROD_SPRT_001,2025-07-20 21:05:00,39.74,6.5,CA,debit_card,Affiliate Channel,2
ORD-2025-12392,PROD_HOME_004,2025-07-22 19:24:00,42.56,6.68,GA,debit_card,Amazon Marketplace,5
ORD-2025-12393,PROD_APP_002,2025-07-22 11:38:00,40.45,7.68,NY,gift_card,Affiliate Channel,5
ORD-2025-12394,PROD_ELEC_004,2025-07-22 16:33:00,39.72,5.1,NC,gift_card,Direct Online Store,4
ORD-2025-12395,PROD_APP_002,2025-07-22 12:59:00,38.28,9.13,GA,debit_card,Affiliate Channel,5
ORD-2025-12396,PROD_SPRT_004,2025-07-22 14:50:00,73.08,5.91,CA,credit_card,Amazon Marketplace,5
ORD-2025-12397,PROD_BEAU_001,2025-07-22 18:23:00,24.37,12.07,NY,credit_card,Mobile App,5
ORD-2025-12398,PROD_BEAU_003,2025-07-22 17:53:00,29.98,9.18,IL,digital_wallet,Affiliate Channel,4
ORD-2025-12399,PROD_APP_003,2025-07-22 19:49:00,46.54,13.82,WA,debit_card,Direct Online Store,4
ORD-2025-12400,PROD_HOME_004,2025-07-22 11:28:00,40.81,5.88,IL,gift_card,Affiliate Channel,5
ORD-2025-12401,PROD_SPRT_001,2025-07-22 15:17:00,35.67,7.36,FL,digital_wallet,Mobile App,5
ORD-2025-12402,PROD_HOME_004,2025-07-22 14:10:00,43.8,10.03,WA,credit_card,Amazon Marketplace,5
ORD-2025-12403,PROD_SPRT_001,2025-07-22 14:17:00,34.83,13.29,NC,debit_card,Mobile App,2
ORD-2025-12404,PROD_HOME_001,2025-07-22 14:38:00,95.35,7.51,WA,debit_card,Direct Online Store,5
ORD-2025-12405,PROD_ELEC_004,2025-07-22 16:28:00,36.88,13.23,NY,credit_card,Direct Online Store,5
ORD-2025-12406,PROD_HOME_001,2025-07-22 22:19:00,94.18,9.27,CA,debit_card,Affiliate Channel,5
ORD-2025-12407,PROD_BEAU_002,2025-07-22 09:42:00,54.83,14.14,NY,gift_card,Direct Online Store,5
ORD-2025-12408,PROD_ELEC_004,2025-07-22 19:36:00,39.64,12.55,NC,digital_wallet,Mobile App,5
ORD-2025-12409,PROD_BEAU_001,2025-07-22 18:36:00,25.73,12.02,CA,credit_card,Mobile App,5
ORD-2025-12410,PROD_SPRT_001,2025-07-22 21:34:00,38.27,8.73,NC,gift_card,Direct Online Store,5
ORD-2025-12411,PROD_APP_003,2025-07-22 21:01:00,51.52,5.0,TX,digital_wallet,Affiliate Channel,5
ORD-2025-12412,PROD_SPRT_001,2025-07-22 09:11:00,32.06,13.84,IL,digital_wallet,Affiliate Channel,5
ORD-2025-12413,PROD_SPRT_002,2025-07-22 19:58:00,259.0,5.55,NY,digital_wallet,Direct Online Store,5
ORD-2025-12414,PROD_HOME_004,2025-07-22 13:21:00,42.75,5.36,NY,credit_card,Amazon Marketplace,3
ORD-2025-12415,PROD_SPRT_003,2025-07-22 20:42:00,22.8,10.02,GA,credit_card,Affiliate Channel,5
ORD-2025-12416,PROD_ELEC_001,2025-07-22 21:13:00,175.58,6.48,TX,digital_wallet,Direct Online Store,5
ORD-2025-12417,PROD_ELEC_004,2025-07-22 11:13:00,39.32,14.63,TX,credit_card,Amazon Marketplace,5
ORD-2025-12418,PROD_HOME_003,2025-07-22 21:49:00,126.49,10.63,IL,credit_card,Direct Online Store,2
ORD-2025-12419,PROD_BEAU_003,2025-07-24 15:23:00,34.48,14.29,WA,gift_card,Amazon Marketplace,4
ORD-2025-12420,PROD_APP_004,2025-07-24 19:58:00,110.66,6.06,TX,gift_card,Amazon Marketplace,4
ORD-2025-12421,PROD_APP_003,2025-07-24 21:23:00,44.05,10.92,NY,gift_card,Mobile App,5
ORD-2025-12422,PROD_ELEC_003,2025-07-24 21:41:00,146.45,9.32,NY,credit_card,Direct Online Store,4
ORD-2025-12423,PROD_ELEC_005,2025-07-24 21:43:00,42.89,12.8,FL,debit_card,Direct Online Store,5
ORD-2025-12424,PROD_HOME_003,2025-07-24 17:46:00,110.61,12.69,TX,credit_card,Affiliate Channel,4
ORD-2025-12425,PROD_APP_003,2025-07-24 17:27:00,51.86,11.63,NY,credit_card,Affiliate Channel,4
ORD-2025-12426,PROD_SPRT_003,2025-07-24 12:22:00,20.69,5.48,CA,digital_wallet,Amazon Marketplace,5
ORD-2025-12427,PROD_ELEC_005,2025-07-24 08:33:00,41.57,12.93,NY,gift_card,Mobile App,4
ORD-2025-12428,PROD_SPRT_002,2025-07-24 20:26:00,265.81,12.47,CA,credit_card,Affiliate Channel,3
ORD-2025-12429,PROD_APP_004,2025-07-24 12:27:00,101.41,13.41,WA,digital_wallet,Mobile App,5
ORD-2025-12430,PROD_HOME_003,2025-07-24 20:54:00,119.49,10.91,WA,credit_card,Affiliate Channel,3
ORD-2025-12431,PROD_BEAU_002,2025-07-24 11:43:00,55.21,10.94,WA,credit_card,Affiliate Channel,5
ORD-2025-12432,PROD_SPRT_004,2025-07-24 17:42:00,88.58,6.43,CA,digital_wallet,Mobile App,5
ORD-2025-12433,PROD_BEAU_002,2025-07-24 18:48:00,57.84,13.48,IL,gift_card,Affiliate Channel,4
ORD-2025-12434,PROD_SPRT_004,2025-07-24 08:06:00,79.18,8.45,NC,digital_wallet,Affiliate Channel,5
ORD-2025-12435,PROD_HOME_004,2025-07-24 14:56:00,40.1,11.72,WA,credit_card,Amazon Marketplace,2
ORD-2025-12436,PROD_HOME_004,2025-07-24 09:07:00,41.93,14.57,NC,gift_card,Amazon Marketplace,4
ORD-2025-12437,PROD_SPRT_002,2025-07-24 17:33:00,279.55,6.9,TX,digital_wallet,Affiliate Channel,3
ORD-2025-12438,PROD_SPRT_004,2025-07-24 15:41:00,72.03,11.75,CA,credit_card,Affiliate Channel,5
ORD-2025-12439,PROD_APP_001,2025-07-24 12:02:00,59.55,13.22,TX,credit_card,Mobile App,3
ORD-2025-12440,PROD_ELEC_005,2025-07-26 10:17:00,42.82,6.48,TX,debit_card,Mobile App,5
ORD-2025-12441,PROD_HOME_004,2025-07-26 21:33:00,49.98,8.21,IL,gift_card,Direct Online Store,5
ORD-2025-12442,PROD_ELEC_004,2025-07-26 10:00:00,33.2,8.39,WA,debit_card,Mobile App,5
ORD-2025-12443,PROD_ELEC_003,2025-07-26 22:26:00,146.42,7.72,CA,digital_wallet,Amazon Marketplace,5
ORD-2025-12444,PROD_ELEC_005,2025-07-26 09:00:00,48.72,12.18,NY,debit_card,Mobile App,3
ORD-2025-12445,PROD_APP_003,2025-07-26 19:41:00,46.27,7.77,NY,digital_wallet,Direct Online Store,4
ORD-2025-12446,PROD_SPRT_002,2025-07-26 19:58:00,252.8,7.22,FL,gift_card,Affiliate Channel,5
ORD-2025-12447,PROD_SPRT_002,2025-07-26 10:06:00,231.05,5.45,NY,gift_card,Amazon Marketplace,5
ORD-2025-12448,PROD_APP_002,2025-07-26 22:47:00,36.53,13.65,NY,credit_card,Direct Online Store,2
ORD-2025-12449,PROD_SPRT_003,2025-07-26 14:22:00,20.68,6.63,GA,gift_card,Amazon Marketplace,4
ORD-2025-12450,PROD_HOME_003,2025-07-26 21:22:00,118.25,7.82,TX,gift_card,Amazon Marketplace,4
ORD-2025-12451,PROD_HOME_001,2025-07-26 19:48:00,80.98,6.44,GA,debit_card,Mobile App,5
ORD-2025-12452,PROD_APP_001,2025-07-26 09:57:00,65.48,8.27,GA,debit_card,Direct Online Store,5
ORD-2025-12453,PROD_APP_003,2025-07-26 16:11:00,50.97,10.54,GA,debit_card,Direct Online Store,1
ORD-2025-12454,PROD_BEAU_002,2025-07-26 19:02:00,54.77,14.15,TX,gift_card,Mobile App,5
ORD-2025-12455,PROD_SPRT_001,2025-07-26 18:30:00,34.21,6.29,WA,debit_card,Direct Online Store,4
ORD-2025-12456,PROD_APP_002,2025-07-26 11:06:00,41.48,8.6,WA,debit_card,Affiliate Channel,5
ORD-2025-12457,PROD_ELEC_002,2025-07-26 09:16:00,329.3,13.98,IL,debit_card,Direct Online Store,4
ORD-2025-12458,PROD_ELEC_004,2025-07-26 12:22:00,36.89,7.77,TX,gift_card,Mobile App,5
ORD-2025-12459,PROD_BEAU_002,2025-07-26 17:50:00,48.81,7.14,GA,credit_card,Direct Online Store,4
ORD-2025-12460,PROD_HOME_003,2025-07-26 20:37:00,108.71,13.87,GA,debit_card,Affiliate Channel,3
ORD-2025-12461,PROD_BEAU_002,2025-07-26 11:50:00,59.69,5.46,IL,debit_card,Mobile App,5
ORD-2025-12462,PROD_SPRT_004,2025-07-26 13:52:00,76.69,10.43,NC,credit_card,Direct Online Store,3
ORD-2025-12463,PROD_BEAU_003,2025-07-26 22:51:00,34.61,12.11,TX,credit_card,Mobile App,5
ORD-2025-12464,PROD_ELEC_005,2025-07-26 22:14:00,47.44,9.56,TX,gift_card,Mobile App,5
ORD-2025-12465,PROD_ELEC_002,2025-07-26 10:11:00,335.24,6.18,FL,digital_wallet,Mobile App,5
ORD-2025-12466,PROD_BEAU_002,2025-07-26 12:46:00,54.59,11.86,FL,gift_card,Affiliate Channel,5
ORD-2025-12467,PROD_BEAU_003,2025-07-26 08:14:00,31.52,5.06,NC,gift_card,Affiliate Channel,3
ORD-2025-12468,PROD_HOME_003,2025-07-26 14:45:00,129.89,14.67,TX,debit_card,Amazon Marketplace,5
ORD-2025-12469,PROD_APP_001,2025-07-26 17:53:00,60.96,6.27,FL,gift_card,Amazon Marketplace,5
ORD-2025-12470,PROD_BEAU_002,2025-07-28 17:13:00,56.85,12.9,FL,credit_card,Mobile App,4
ORD-2025-12471,PROD_HOME_003,2025-07-28 10:42:00,104.04,9.31,CA,gift_card,Affiliate Channel,4
ORD-2025-12472,PROD_HOME_004,2025-07-28 11:06:00,47.26,8.52,TX,debit_card,Mobile App,4
ORD-2025-12473,PROD_APP_004,2025-07-28 12:37:00,111.83,13.11,NY,credit_card,Mobile App,1
ORD-2025-12474,PROD_BEAU_001,2025-07-28 09:01:00,29.07,7.61,NC,debit_card,Affiliate Channel,5
ORD-2025-12475,PROD_ELEC_003,2025-07-28 19:46:00,128.77,8.07,FL,gift_card,Mobile App,4
ORD-2025-12476,PROD_SPRT_001,2025-07-28 17:22:00,34.48,12.27,WA,digital_wallet,Mobile App,5
ORD-2025-12477,PROD_SPRT_004,2025-07-28 09:13:00,79.66,6.97,NC,debit_card,Affiliate Channel,5
ORD-2025-12478,PROD_BEAU_003,2025-07-28 15:30:00,32.19,9.28,GA,digital_wallet,Amazon Marketplace,5
ORD-2025-12479,PROD_SPRT_002,2025-07-28 09:31:00,268.31,12.76,IL,credit_card,Mobile App,5
ORD-2025-12480,PROD_SPRT_002,2025-07-28 12:11:00,249.32,10.44,NC,gift_card,Amazon Marketplace,5
ORD-2025-12481,PROD_SPRT_004,2025-07-28 14:07:00,77.76,9.9,WA,credit_card,Direct Online Store,5
ORD-2025-12482,PROD_ELEC_003,2025-07-28 08:19:00,146.8,8.08,IL,debit_card,Amazon Marketplace,5
ORD-2025-12483,PROD_APP_004,2025-07-28 17:38:00,116.24,5.75,CA,credit_card,Direct Online Store,3
ORD-2025-12484,PROD_SPRT_001,2025-07-28 20:52:00,39.21,14.34,IL,gift_card,Direct Online Store,5
ORD-2025-12485,PROD_SPRT_004,2025-07-28 15:14:00,88.38,14.81,CA,gift_card,Affiliate Channel,4
ORD-2025-12486,PROD_SPRT_003,2025-07-28 10:02:00,21.66,8.87,NC,credit_card,Direct Online Store,4
ORD-2025-12487,PROD_APP_002,2025-07-28 10:03:00,41.1,7.24,WA,gift_card,Affiliate Channel,1
ORD-2025-12488,PROD_APP_004,2025-07-28 18:54:00,105.1,9.69,WA,digital_wallet,Affiliate Channel,4
ORD-2025-12489,PROD_APP_001,2025-07-28 09:43:00,63.15,5.07,WA,digital_wallet,Direct Online Store,3
ORD-2025-12490,PROD_BEAU_002,2025-07-28 19:53:00,57.52,13.08,NC,credit_card,Affiliate Channel,5
ORD-2025-12491,PROD_BEAU_001,2025-07-28 18:35:00,25.86,13.67,NC,credit_card,Direct Online Store,2
ORD-2025-12492,PROD_SPRT_001,2025-07-28 13:32:00,35.15,7.0,NC,gift_card,Mobile App,3
ORD-2025-12493,PROD_BEAU_001,2025-07-30 14:12:00,24.69,5.51,TX,gift_card,Affiliate Channel,3
ORD-2025-12494,PROD_BEAU_001,2025-07-30 14:51:00,25.4,8.51,IL,digital_wallet,Affiliate Channel,4
ORD-2025-12495,PROD_HOME_004,2025-07-30 12:28:00,47.4,10.83,NY,digital_wallet,Mobile App,3
ORD-2025-12496,PROD_APP_003,2025-07-30 13:41:00,50.11,7.53,CA,debit_card,Mobile App,5
ORD-2025-12497,PROD_HOME_003,2025-07-30 08:35:00,117.12,11.01,IL,gift_card,Mobile App,3
ORD-2025-12498,PROD_SPRT_004,2025-07-30 20:52:00,74.2,7.37,WA,digital_wallet,Direct Online Store,4
ORD-2025-12499,PROD_BEAU_003,2025-07-30 11:46:00,32.37,10.32,WA,gift_card,Amazon Marketplace,5
ORD-2025-12500,PROD_SPRT_004,2025-07-30 19:33:00,82.66,8.8,CA,digital_wallet,Direct Online Store,5
ORD-2025-12501,PROD_BEAU_002,2025-07-30 09:22:00,48.38,13.75,CA,gift_card,Amazon Marketplace,5
ORD-2025-12502,PROD_APP_004,2025-07-30 19:56:00,112.45,5.46,TX,gift_card,Mobile App,5
ORD-2025-12503,PROD_SPRT_002,2025-07-30 22:18:00,247.43,7.06,NC,gift_card,Mobile App,4
ORD-2025-12504,PROD_APP_004,2025-07-30 14:55:00,96.04,14.54,NC,credit_card,Amazon Marketplace,5
ORD-2025-12505,PROD_ELEC_005,2025-07-30 17:30:00,48.02,12.84,IL,credit_card,Mobile App,5
ORD-2025-12506,PROD_ELEC_002,2025-07-30 21:04:00,296.94,7.84,CA,credit_card,Direct Online Store,5
ORD-2025-12507,PROD_BEAU_003,2025-07-30 18:55:00,31.61,10.33,WA,credit_card,Affiliate Channel,5
ORD-2025-12508,PROD_SPRT_001,2025-07-30 18:30:00,32.94,9.76,FL,debit_card,Amazon Marketplace,3
ORD-2025-12509,PROD_ELEC_001,2025-07-30 13:28:00,189.45,7.15,WA,digital_wallet,Affiliate Channel,5
ORD-2025-12510,PROD_APP_002,2025-07-30 13:42:00,44.78,13.09,TX,gift_card,Direct Online Store,5
ORD-2025-12511,PROD_BEAU_002,2025-07-30 13:27:00,55.15,10.28,GA,credit_card,Affiliate Channel,5
ORD-2025-12512,PROD_SPRT_002,2025-07-30 10:15:00,273.28,6.6,NC,credit_card,Amazon Marketplace,5
ORD-2025-12513,PROD_ELEC_005,2025-07-30 18:37:00,45.37,8.64,IL,credit_card,Amazon Marketplace,3
ORD-2025-12514,PROD_BEAU_003,2025-08-01 22:44:00,31.49,5.09,CA,gift_card,Direct Online Store,4
ORD-2025-12515,PROD_HOME_004,2025-08-01 21:27:00,46.36,13.86,IL,credit_card,Affiliate Channel,5
ORD-2025-12516,PROD_BEAU_002,2025-08-01 12:28:00,50.86,11.81,IL,debit_card,Direct Online Store,5
ORD-2025-12517,PROD_SPRT_001,2025-08-01 22:55:00,37.18,7.13,WA,digital_wallet,Direct Online Store,3
ORD-2025-12518,PROD_APP_004,2025-08-01 17:00:00,108.49,10.14,FL,credit_card,Affiliate Channel,5
ORD-2025-12519,PROD_SPRT_001,2025-08-01 12:15:00,34.69,8.9,NY,gift_card,Affiliate Channel,4
ORD-2025-12520,PROD_HOME_002,2025-08-01 12:17:00,170.89,7.67,CA,digital_wallet,Amazon Marketplace,5
ORD-2025-12521,PROD_APP_001,2025-08-01 13:27:00,69.52,11.26,CA,digital_wallet,Amazon Marketplace,5
ORD-2025-12522,PROD_SPRT_004,2025-08-01 11:53:00,87.75,8.62,CA,debit_card,Affiliate Channel,5
ORD-2025-12523,PROD_APP_003,2025-08-01 22:15:00,48.39,13.92,WA,gift_card,Mobile App,5
ORD-2025-12524,PROD_ELEC_001,2025-08-01 17:07:00,198.82,10.97,WA,digital_wallet,Direct Online Store,4
ORD-2025-12525,PROD_BEAU_002,2025-08-01 21:40:00,58.03,6.17,WA,debit_card,Direct Online Store,5
ORD-2025-12526,PROD_HOME_002,2025-08-01 18:34:00,178.89,7.0,TX,credit_card,Affiliate Channel,2
ORD-2025-12527,PROD_ELEC_005,2025-08-01 09:50:00,49.44,10.28,CA,debit_card,Direct Online Store,3
ORD-2025-12528,PROD_HOME_003,2025-08-01 22:33:00,122.51,9.48,WA,gift_card,Affiliate Channel,4
ORD-2025-12529,PROD_APP_002,2025-08-01 12:53:00,40.26,12.48,WA,digital_wallet,Amazon Marketplace,5
ORD-2025-12530,PROD_ELEC_004,2025-08-01 10:55:00,39.31,6.57,FL,debit_card,Affiliate Channel,2
ORD-2025-12531,PROD_ELEC_005,2025-08-01 13:11:00,41.31,5.98,WA,digital_wallet,Affiliate Channel,4
ORD-2025-12532,PROD_SPRT_001,2025-08-01 22:21:00,34.7,5.79,CA,debit_card,Direct Online Store,2
ORD-2025-12533,PROD_ELEC_004,2025-08-01 17:21:00,34.17,13.52,IL,digital_wallet,Affiliate Channel,5
ORD-2025-12534,PROD_HOME_002,2025-08-01 16:18:00,163.06,7.94,NY,digital_wallet,Direct Online Store,5
ORD-2025-12535,PROD_ELEC_005,2025-08-01 08:15:00,47.11,12.12,WA,credit_card,Affiliate Channel,2
ORD-2025-12536,PROD_SPRT_004,2025-08-03 19:51:00,83.75,8.52,FL,digital_wallet,Mobile App,5
ORD-2025-12537,PROD_ELEC_003,2025-08-03 18:09:00,134.76,12.12,GA,gift_card,Mobile App,5
ORD-2025-12538,PROD_BEAU_002,2025-08-03 17:55:00,48.79,7.72,TX,digital_wallet,Mobile App,3
ORD-2025-12539,PROD_ELEC_004,2025-08-03 12:47:00,35.88,6.48,FL,gift_card,Affiliate Channel,4
ORD-2025-12540,PROD_ELEC_001,2025-08-03 22:23:00,171.56,13.74,IL,digital_wallet,Affiliate Channel,5
ORD-2025-12541,PROD_APP_004,2025-08-03 14:08:00,99.7,6.06,FL,digital_wallet,Affiliate Channel,4
ORD-2025-12542,PROD_BEAU_003,2025-08-03 13:57:00,32.68,10.86,CA,debit_card,Affiliate Channel,5
ORD-2025-12543,PROD_APP_004,2025-08-03 09:50:00,101.0,8.76,TX,debit_card,Affiliate Channel,5
ORD-2025-12544,PROD_BEAU_003,2025-08-03 12:52:00,33.61,5.63,WA,credit_card,Amazon Marketplace,5
ORD-2025-12545,PROD_BEAU_003,2025-08-03 13:18:00,30.53,5.49,WA,digital_wallet,Amazon Marketplace,4
ORD-2025-12546,PROD_HOME_003,2025-08-03 13:59:00,104.94,13.88,NC,debit_card,Direct Online Store,5
ORD-2025-12547,PROD_SPRT_002,2025-08-03 20:59:00,242.83,7.04,GA,gift_card,Affiliate Channel,5
ORD-2025-12548,PROD_SPRT_002,2025-08-03 12:51:00,245.68,12.59,NY,credit_card,Affiliate Channel,4
ORD-2025-12549,PROD_ELEC_002,2025-08-03 22:21:00,344.43,5.89,GA,digital_wallet,Amazon Marketplace,5
ORD-2025-12550,PROD_SPRT_003,2025-08-03 14:56:00,23.83,8.91,CA,debit_card,Direct Online Store,4
ORD-2025-12551,PROD_BEAU_001,2025-08-03 16:32:00,26.54,14.64,WA,credit_card,Direct Online Store,5
ORD-2025-12552,PROD_HOME_003,2025-08-03 09:06:00,115.64,10.97,WA,debit_card,Amazon Marketplace,5
ORD-2025-12553,PROD_HOME_004,2025-08-03 18:43:00,49.66,12.08,FL,debit_card,Affiliate Channel,5
ORD-2025-12554,PROD_SPRT_003,2025-08-03 22:15:00,20.44,11.66,GA,debit_card,Direct Online Store,5
ORD-2025-12555,PROD_SPRT_004,2025-08-03 15:33:00,84.64,14.53,NY,gift_card,Affiliate Channel,5
ORD-2025-12556,PROD_APP_003,2025-08-03 10:47:00,51.99,13.43,CA,debit_card,Mobile App,5
ORD-2025-12557,PROD_ELEC_003,2025-08-03 14:18:00,144.4,12.66,GA,digital_wallet,Amazon Marketplace,4
ORD-2025-12558,PROD_BEAU_001,2025-08-03 18:35:00,24.9,7.58,FL,debit_card,Affiliate Channel,5
ORD-2025-12559,PROD_BEAU_001,2025-08-03 13:33:00,27.34,12.85,NY,gift_card,Affiliate Channel,3
ORD-2025-12560,PROD_HOME_001,2025-08-03 16:28:00,88.66,8.11,NY,digital_wallet,Mobile App,5
ORD-2025-12561,PROD_SPRT_004,2025-08-03 13:15:00,75.71,11.17,NY,digital_wallet,Mobile App,4
ORD-2025-12562,PROD_HOME_004,2025-08-03 08:09:00,48.55,11.15,NC,credit_card,Affiliate Channel,5
ORD-2025-12563,PROD_SPRT_003,2025-08-03 16:04:00,22.9,14.96,NY,debit_card,Amazon Marketplace,5
ORD-2025-12564,PROD_APP_003,2025-08-05 18:08:00,47.84,14.75,IL,gift_card,Affiliate Channel,5
ORD-2025-12565,PROD_ELEC_002,2025-08-05 16:49:00,335.45,9.86,IL,credit_card,Affiliate Channel,4
ORD-2025-12566,PROD_ELEC_003,2025-08-05 19:56:00,137.58,14.2,WA,gift_card,Amazon Marketplace,5
ORD-2025-12567,PROD_APP_004,2025-08-05 20:58:00,112.12,8.85,WA,gift_card,Affiliate Channel,4
ORD-2025-12568,PROD_HOME_003,2025-08-05 18:00:00,118.02,8.85,CA,digital_wallet,Mobile App,5
ORD-2025-12569,PROD_ELEC_005,2025-08-05 14:16:00,43.62,9.79,IL,digital_wallet,Amazon Marketplace,2
ORD-2025-12570,PROD_APP_003,2025-08-05 12:27:00,54.59,9.11,WA,debit_card,Mobile App,4
ORD-2025-12571,PROD_APP_001,2025-08-05 18:32:00,65.9,5.88,NC,gift_card,Mobile App,5
ORD-2025-12572,PROD_ELEC_004,2025-08-05 09:40:00,38.89,7.5,NY,digital_wallet,Direct Online Store,4
ORD-2025-12573,PROD_BEAU_001,2025-08-05 22:54:00,29.38,7.24,WA,credit_card,Direct Online Store,4
ORD-2025-12574,PROD_APP_002,2025-08-05 16:55:00,37.5,12.1,GA,gift_card,Affiliate Channel,4
ORD-2025-12575,PROD_APP_002,2025-08-05 19:03:00,40.58,10.91,IL,debit_card,Amazon Marketplace,5
ORD-2025-12576,PROD_ELEC_004,2025-08-05 20:32:00,39.67,14.82,NY,gift_card,Direct Online Store,5
ORD-2025-12577,PROD_ELEC_005,2025-08-05 15:57:00,49.17,7.67,IL,gift_card,Mobile App,4
ORD-2025-12578,PROD_ELEC_001,2025-08-05 10:22:00,194.68,5.19,NC,credit_card,Direct Online Store,4
ORD-2025-12579,PROD_APP_002,2025-08-05 08:19:00,36.17,13.22,CA,gift_card,Affiliate Channel,4
ORD-2025-12580,PROD_HOME_003,2025-08-05 17:48:00,128.95,5.77,TX,debit_card,Direct Online Store,5
ORD-2025-12581,PROD_SPRT_003,2025-08-05 21:29:00,23.29,14.36,NY,digital_wallet,Affiliate Channel,5
ORD-2025-12582,PROD_ELEC_005,2025-08-05 15:18:00,47.53,11.1,FL,credit_card,Amazon Marketplace,5
ORD-2025-12583,PROD_HOME_003,2025-08-07 14:05:00,128.87,7.22,NC,digital_wallet,Mobile App,5
ORD-2025-12584,PROD_BEAU_001,2025-08-07 13:09:00,28.49,8.26,NC,gift_card,Amazon Marketplace,3
ORD-2025-12585,PROD_APP_003,2025-08-07 10:29:00,45.18,12.47,WA,credit_card,Direct Online Store,5
ORD-2025-12586,PROD_HOME_003,2025-08-07 22:27:00,108.01,14.18,GA,credit_card,Affiliate Channel,5
ORD-2025-12587,PROD_HOME_002,2025-08-07 10:05:00,187.1,5.71,NY,gift_card,Affiliate Channel,3
ORD-2025-12588,PROD_SPRT_004,2025-08-07 20:50:00,86.75,7.41,FL,debit_card,Amazon Marketplace,5
ORD-2025-12589,PROD_HOME_003,2025-08-07 13:05:00,122.66,10.83,NC,digital_wallet,Affiliate Channel,4
ORD-2025-12590,PROD_BEAU_002,2025-08-07 19:33:00,57.73,13.61,FL,credit_card,Amazon Marketplace,5
ORD-2025-12591,PROD_HOME_004,2025-08-07 13:40:00,45.87,10.28,WA,credit_card,Direct Online Store,5
ORD-2025-12592,PROD_ELEC_002,2025-08-07 09:20:00,290.06,11.52,IL,credit_card,Mobile App,5
ORD-2025-12593,PROD_SPRT_004,2025-08-07 19:15:00,84.87,12.75,FL,gift_card,Amazon Marketplace,4
ORD-2025-12594,PROD_ELEC_001,2025-08-07 12:12:00,171.64,8.68,GA,credit_card,Direct Online Store,5
ORD-2025-12595,PROD_SPRT_002,2025-08-07 12:14:00,273.3,12.71,GA,gift_card,Direct Online Store,4
ORD-2025-12596,PROD_ELEC_005,2025-08-07 19:17:00,45.37,13.28,GA,credit_card,Direct Online Store,4
ORD-2025-12597,PROD_HOME_002,2025-08-07 22:43:00,156.79,6.7,FL,debit_card,Affiliate Channel,5
ORD-2025-12598,PROD_SPRT_002,2025-08-07 17:28:00,250.36,9.54,WA,credit_card,Mobile App,4
ORD-2025-12599,PROD_BEAU_003,2025-08-07 17:15:00,33.33,11.89,CA,credit_card,Direct Online Store,4
ORD-2025-12600,PROD_HOME_003,2025-08-07 17:49:00,114.66,12.74,FL,debit_card,Direct Online Store,5
ORD-2025-12601,PROD_APP_002,2025-08-07 08:33:00,41.61,11.44,IL,digital_wallet,Direct Online Store,5
ORD-2025-12602,PROD_HOME_001,2025-08-07 19:21:00,82.59,13.28,FL,digital_wallet,Affiliate Channel,5
ORD-2025-12603,PROD_BEAU_003,2025-08-07 08:36:00,28.06,13.65,IL,gift_card,Amazon Marketplace,3
ORD-2025-12604,PROD_BEAU_003,2025-08-07 18:46:00,30.46,9.25,TX,gift_card,Direct Online Store,5
ORD-2025-12605,PROD_APP_001,2025-08-07 21:40:00,59.35,14.78,NC,credit_card,Direct Online Store,5
ORD-2025-12606,PROD_SPRT_001,2025-08-07 17:56:00,39.83,6.18,FL,gift_card,Direct Online Store,5
ORD-2025-12607,PROD_ELEC_003,2025-08-07 16:04:00,124.66,5.03,GA,credit_card,Direct Online Store,3
ORD-2025-12608,PROD_ELEC_005,2025-08-07 08:22:00,45.93,6.68,GA,gift_card,Affiliate Channel,3
ORD-2025-12609,PROD_ELEC_002,2025-08-07 19:24:00,303.02,9.64,TX,credit_card,Direct Online Store,5
ORD-2025-12610,PROD_BEAU_001,2025-08-07 14:19:00,25.35,11.0,NC,credit_card,Affiliate Channel,5
ORD-2025-12611,PROD_HOME_002,2025-08-09 17:43:00,176.23,11.95,NY,debit_card,Amazon Marketplace,5
ORD-2025-12612,PROD_ELEC_004,2025-08-09 22:46:00,37.04,7.4,GA,digital_wallet,Amazon Marketplace,5
ORD-2025-12613,PROD_ELEC_002,2025-08-09 12:56:00,342.58,9.67,NC,gift_card,Amazon Marketplace,5
ORD-2025-12614,PROD_ELEC_004,2025-08-09 15:16:00,34.14,9.9,GA,digital_wallet,Affiliate Channel,5
ORD-2025-12615,PROD_APP_003,2025-08-09 18:43:00,44.16,14.29,WA,digital_wallet,Amazon Marketplace,5
ORD-2025-12616,PROD_HOME_003,2025-08-09 09:11:00,114.95,9.7,WA,debit_card,Direct Online Store,3
ORD-2025-12617,PROD_SPRT_004,2025-08-09 14:40:00,77.44,13.92,NY,debit_card,Affiliate Channel,4
ORD-2025-12618,PROD_ELEC_004,2025-08-09 17:12:00,35.44,14.62,FL,digital_wallet,Amazon Marketplace,4
ORD-2025-12619,PROD_APP_002,2025-08-09 16:13:00,42.78,10.55,CA,digital_wallet,Affiliate Channel,5
ORD-2025-12620,PROD_SPRT_001,2025-08-09 11:15:00,34.2,9.77,WA,digital_wallet,Amazon Marketplace,5
ORD-2025-12621,PROD_APP_001,2025-08-09 16:31:00,61.62,7.77,IL,gift_card,Direct Online Store,5
ORD-2025-12622,PROD_SPRT_002,2025-08-09 11:18:00,246.9,11.64,WA,credit_card,Affiliate Channel,5
ORD-2025-12623,PROD_APP_001,2025-08-09 15:41:00,68.07,7.21,GA,gift_card,Mobile App,3
ORD-2025-12624,PROD_ELEC_001,2025-08-09 19:51:00,177.28,7.77,GA,digital_wallet,Direct Online Store,5
ORD-2025-12625,PROD_BEAU_003,2025-08-09 21:36:00,31.53,9.83,NY,gift_card,Mobile App,5
ORD-2025-12626,PROD_ELEC_005,2025-08-09 11:22:00,47.87,11.41,FL,credit_card,Direct Online Store,4
ORD-2025-12627,PROD_BEAU_003,2025-08-09 15:10:00,28.99,6.41,CA,digital_wallet,Direct Online Store,4
ORD-2025-12628,PROD_APP_002,2025-08-09 18:22:00,38.67,8.73,NC,debit_card,Mobile App,5
ORD-2025-12629,PROD_SPRT_003,2025-08-09 20:29:00,22.31,13.9,CA,digital_wallet,Mobile App,5
ORD-2025-12630,PROD_SPRT_003,2025-08-09 18:58:00,23.85,14.23,IL,digital_wallet,Direct Online Store,5
ORD-2025-12631,PROD_ELEC_003,2025-08-09 19:37:00,145.61,9.87,GA,digital_wallet,Amazon Marketplace,5
ORD-2025-12632,PROD_SPRT_003,2025-08-09 21:33:00,20.39,5.01,NY,gift_card,Direct Online Store,5
ORD-2025-12633,PROD_ELEC_005,2025-08-09 13:28:00,41.37,10.86,WA,debit_card,Mobile App,4
ORD-2025-12634,PROD_ELEC_003,2025-08-09 21:12:00,140.24,9.99,IL,gift_card,Mobile App,5
ORD-2025-12635,PROD_ELEC_003,2025-08-09 22:56:00,124.88,7.86,TX,gift_card,Amazon Marketplace,5
ORD-2025-12636,PROD_HOME_002,2025-08-09 08:58:00,179.2,14.89,TX,credit_card,Amazon Marketplace,5
ORD-2025-12637,PROD_APP_004,2025-08-09 10:42:00,105.04,11.96,FL,digital_wallet,Direct Online Store,5
ORD-2025-12638,PROD_ELEC_003,2025-08-09 12:24:00,142.61,7.95,NC,credit_card,Mobile App,3
ORD-2025-12639,PROD_APP_004,2025-08-09 14:03:00,118.8,11.62,FL,credit_card,Direct Online Store,5
ORD-2025-12640,PROD_HOME_003,2025-08-09 12:40:00,125.05,6.33,NY,debit_card,Direct Online Store,3
ORD-2025-12641,PROD_APP_001,2025-08-09 09:24:00,68.5,8.38,CA,digital_wallet,Affiliate Channel,5
ORD-2025-12642,PROD_ELEC_003,2025-08-09 09:12:00,121.36,8.36,FL,debit_card,Affiliate Channel,5
ORD-2025-12643,PROD_ELEC_001,2025-08-09 20:58:00,186.37,14.4,NY,digital_wallet,Affiliate Channel,4
ORD-2025-12644,PROD_HOME_002,2025-08-09 18:23:00,173.3,11.13,GA,debit_card,Direct Online Store,4
ORD-2025-12645,PROD_APP_001,2025-08-09 09:52:00,65.73,6.78,NY,credit_card,Mobile App,5
ORD-2025-12646,PROD_SPRT_004,2025-08-11 08:48:00,87.96,6.1,NY,debit_card,Mobile App,4
ORD-2025-12647,PROD_HOME_004,2025-08-11 12:54:00,44.18,10.8,TX,gift_card,Mobile App,5
ORD-2025-12648,PROD_ELEC_004,2025-08-11 15:19:00,33.43,5.31,CA,debit_card,Direct Online Store,4
ORD-2025-12649,PROD_SPRT_001,2025-08-11 16:32:00,34.38,9.36,NC,gift_card,Mobile App,4
ORD-2025-12650,PROD_SPRT_002,2025-08-11 20:38:00,249.61,9.63,NY,debit_card,Affiliate Channel,5
ORD-2025-12651,PROD_HOME_002,2025-08-11 12:17:00,153.83,14.13,NY,digital_wallet,Amazon Marketplace,4
ORD-2025-12652,PROD_ELEC_004,2025-08-11 11:03:00,39.79,5.95,WA,debit_card,Amazon Marketplace,5
ORD-2025-12653,PROD_HOME_004,2025-08-11 11:18:00,44.65,6.71,TX,digital_wallet,Direct Online Store,4
ORD-2025-12654,PROD_ELEC_005,2025-08-11 14:11:00,41.22,14.21,NC,gift_card,Direct Online Store,4
ORD-2025-12655,PROD_APP_001,2025-08-11 21:48:00,68.04,7.47,IL,debit_card,Amazon Marketplace,5
ORD-2025-12656,PROD_BEAU_002,2025-08-11 08:19:00,50.23,9.74,TX,debit_card,Affiliate Channel,4
ORD-2025-12657,PROD_BEAU_001,2025-08-11 16:44:00,24.53,8.02,GA,gift_card,Amazon Marketplace,5
ORD-2025-12658,PROD_BEAU_002,2025-08-11 19:03:00,57.85,7.92,CA,debit_card,Amazon Marketplace,4
ORD-2025-12659,PROD_HOME_003,2025-08-11 20:48:00,129.5,11.73,GA,debit_card,Mobile App,4
ORD-2025-12660,PROD_ELEC_005,2025-08-11 22:04:00,48.16,8.46,NC,debit_card,Amazon Marketplace,5
ORD-2025-12661,PROD_BEAU_001,2025-08-11 11:37:00,24.27,12.1,WA,debit_card,Amazon Marketplace,5
ORD-2025-12662,PROD_ELEC_004,2025-08-11 17:12:00,38.64,14.28,NC,debit_card,Amazon Marketplace,4
ORD-2025-12663,PROD_BEAU_002,2025-08-11 22:47:00,54.87,5.21,CA,digital_wallet,Amazon Marketplace,4
ORD-2025-12664,PROD_APP_003,2025-08-11 11:05:00,44.94,12.73,WA,debit_card,Direct Online Store,3
ORD-2025-12665,PROD_BEAU_001,2025-08-11 18:12:00,26.43,11.74,WA,debit_card,Mobile App,4
ORD-2025-12666,PROD_ELEC_002,2025-08-11 18:00:00,292.93,14.83,GA,gift_card,Mobile App,5
ORD-2025-12667,PROD_SPRT_002,2025-08-11 12:42:00,236.63,7.98,NC,debit_card,Mobile App,5
ORD-2025-12668,PROD_SPRT_001,2025-08-11 09:15:00,32.33,6.25,CA,digital_wallet,Mobile App,5
ORD-2025-12669,PROD_APP_004,2025-08-11 10:10:00,102.24,7.78,WA,digital_wallet,Mobile App,5
ORD-2025-12670,PROD_APP_002,2025-08-11 13:18:00,38.31,11.12,NY,gift_card,Amazon Marketplace,4
ORD-2025-12671,PROD_HOME_003,2025-08-11 09:01:00,110.55,14.24,NC,gift_card,Mobile App,5
ORD-2025-12672,PROD_APP_003,2025-08-11 14:48:00,46.12,9.29,WA,credit_card,Mobile App,4
ORD-2025-12673,PROD_APP_004,2025-08-11 22:09:00,114.29,13.83,TX,debit_card,Mobile App,5
ORD-2025-12674,PROD_BEAU_003,2025-08-11 08:45:00,29.48,9.66,FL,debit_card,Amazon Marketplace,4
ORD-2025-12675,PROD_SPRT_002,2025-08-11 22:50:00,251.1,9.41,FL,digital_wallet,Mobile App,4
ORD-2025-12676,PROD_HOME_002,2025-08-11 22:10:00,153.73,6.2,GA,digital_wallet,Affiliate Channel,5
ORD-2025-12677,PROD_BEAU_003,2025-08-11 17:53:00,33.47,5.88,FL,debit_card,Direct Online Store,3
ORD-2025-12678,PROD_SPRT_002,2025-08-11 21:27:00,270.92,7.41,WA,digital_wallet,Direct Online Store,5
ORD-2025-12679,PROD_ELEC_004,2025-08-13 12:35:00,39.84,12.05,WA,credit_card,Direct Online Store,3
ORD-2025-12680,PROD_ELEC_005,2025-08-13 12:01:00,48.46,5.76,NY,gift_card,Direct Online Store,5
ORD-2025-12681,PROD_APP_004,2025-08-13 15:34:00,118.49,11.34,GA,debit_card,Amazon Marketplace,4
ORD-2025-12682,PROD_HOME_001,2025-08-13 21:00:00,88.51,13.62,FL,debit_card,Direct Online Store,5
ORD-2025-12683,PROD_HOME_001,2025-08-13 12:19:00,94.87,12.24,TX,credit_card,Direct Online Store,5
ORD-2025-12684,PROD_ELEC_003,2025-08-13 14:00:00,125.85,7.94,NY,credit_card,Mobile App,5
ORD-2025-12685,PROD_ELEC_004,2025-08-13 15:36:00,37.06,14.6,IL,debit_card,Direct Online Store,4
ORD-2025-12686,PROD_ELEC_005,2025-08-13 13:27:00,48.71,7.32,GA,debit_card,Direct Online Store,5
ORD-2025-12687,PROD_ELEC_003,2025-08-13 20:35:00,125.97,11.0,GA,gift_card,Affiliate Channel,5
ORD-2025-12688,PROD_BEAU_002,2025-08-13 15:29:00,49.61,7.18,NY,debit_card,Amazon Marketplace,4
ORD-2025-12689,PROD_ELEC_003,2025-08-13 18:40:00,132.78,11.15,TX,credit_card,Mobile App,5
ORD-2025-12690,PROD_APP_003,2025-08-13 13:21:00,51.02,10.87,NC,credit_card,Affiliate Channel,3
ORD-2025-12691,PROD_APP_003,2025-08-13 08:31:00,49.07,13.99,NC,digital_wallet,Direct Online Store,5
ORD-2025-12692,PROD_ELEC_004,2025-08-13 13:39:00,36.12,8.19,FL,credit_card,Mobile App,5
ORD-2025-12693,PROD_HOME_004,2025-08-13 21:19:00,49.66,14.01,FL,debit_card,Amazon Marketplace,5
ORD-2025-12694,PROD_SPRT_003,2025-08-13 16:20:00,24.83,9.11,NC,gift_card,Direct Online Store,5
ORD-2025-12695,PROD_ELEC_002,2025-08-13 13:12:00,282.54,5.75,GA,digital_wallet,Amazon Marketplace,5
ORD-2025-12696,PROD_HOME_003,2025-08-13 20:14:00,113.12,12.19,WA,digital_wallet,Mobile App,2
ORD-2025-12697,PROD_ELEC_002,2025-08-13 17:43:00,284.26,10.16,NC,gift_card,Affiliate Channel,4
ORD-2025-12698,PROD_SPRT_001,2025-08-13 22:56:00,35.69,13.02,TX,debit_card,Direct Online Store,4
ORD-2025-12699,PROD_ELEC_002,2025-08-13 18:00:00,318.1,6.4,IL,credit_card,Mobile App,5
ORD-2025-12700,PROD_ELEC_003,2025-08-13 09:44:00,126.52,7.95,GA,digital_wallet,Affiliate Channel,5
ORD-2025-12701,PROD_ELEC_001,2025-08-13 08:44:00,188.81,14.43,IL,gift_card,Affiliate Channel,5
ORD-2025-12702,PROD_SPRT_001,2025-08-13 14:08:00,32.38,6.49,IL,digital_wallet,Affiliate Channel,5
ORD-2025-12703,PROD_APP_004,2025-08-13 20:01:00,110.04,5.82,NY,gift_card,Affiliate Channel,4
ORD-2025-12704,PROD_APP_003,2025-08-13 19:18:00,51.4,12.77,IL,debit_card,Direct Online Store,5
ORD-2025-12705,PROD_ELEC_005,2025-08-13 16:36:00,46.23,9.23,GA,digital_wallet,Direct Online Store,4
ORD-2025-12706,PROD_ELEC_002,2025-08-13 09:51:00,282.76,10.13,GA,gift_card,Amazon Marketplace,5
ORD-2025-12707,PROD_SPRT_003,2025-08-13 16:07:00,22.66,7.83,NY,debit_card,Direct Online Store,5
ORD-2025-12708,PROD_BEAU_001,2025-08-13 09:52:00,28.26,6.36,IL,digital_wallet,Affiliate Channel,4
ORD-2025-12709,PROD_ELEC_004,2025-08-13 17:05:00,38.99,9.64,GA,credit_card,Direct Online Store,5
ORD-2025-12710,PROD_APP_003,2025-08-13 21:09:00,49.93,6.98,WA,gift_card,Affiliate Channel,5
ORD-2025-12711,PROD_APP_002,2025-08-15 18:09:00,42.15,13.75,FL,credit_card,Direct Online Store,3
ORD-2025-12712,PROD_APP_004,2025-08-15 22:57:00,118.4,10.92,CA,debit_card,Direct Online Store,5
ORD-2025-12713,PROD_BEAU_003,2025-08-15 11:03:00,29.83,11.5,CA,digital_wallet,Amazon Marketplace,5
ORD-2025-12714,PROD_HOME_001,2025-08-15 22:28:00,87.06,9.24,FL,digital_wallet,Amazon Marketplace,5
ORD-2025-12715,PROD_ELEC_005,2025-08-15 14:06:00,45.75,6.24,WA,digital_wallet,Mobile App,4
ORD-2025-12716,PROD_BEAU_001,2025-08-15 21:21:00,29.48,7.75,WA,debit_card,Affiliate Channel,4
ORD-2025-12717,PROD_HOME_002,2025-08-15 19:41:00,184.13,10.3,WA,credit_card,Direct Online Store,5
ORD-2025-12718,PROD_SPRT_004,2025-08-15 08:11:00,74.65,8.11,FL,debit_card,Amazon Marketplace,5
ORD-2025-12719,PROD_HOME_003,2025-08-15 19:13:00,108.53,10.11,WA,debit_card,Direct Online Store,5
ORD-2025-12720,PROD_BEAU_003,2025-08-15 16:05:00,28.88,12.16,GA,debit_card,Mobile App,5
ORD-2025-12721,PROD_HOME_001,2025-08-15 19:30:00,92.83,7.8,GA,gift_card,Affiliate Channel,5
ORD-2025-12722,PROD_APP_004,2025-08-15 08:19:00,113.64,10.87,NC,digital_wallet,Direct Online Store,5
ORD-2025-12723,PROD_ELEC_001,2025-08-15 10:24:00,178.71,10.11,IL,gift_card,Amazon Marketplace,2
ORD-2025-12724,PROD_BEAU_002,2025-08-15 15:37:00,55.61,7.08,FL,digital_wallet,Mobile App,4
ORD-2025-12725,PROD_HOME_004,2025-08-15 22:54:00,48.98,6.21,IL,credit_card,Affiliate Channel,5
ORD-2025-12726,PROD_HOME_003,2025-08-15 17:27:00,104.57,12.31,CA,credit_card,Affiliate Channel,5
ORD-2025-12727,PROD_SPRT_004,2025-08-15 18:47:00,75.33,6.41,IL,gift_card,Direct Online Store,5
ORD-2025-12728,PROD_ELEC_005,2025-08-15 22:50:00,48.63,11.68,NY,gift_card,Mobile App,5
ORD-2025-12729,PROD_HOME_004,2025-08-15 18:52:00,47.81,8.72,FL,digital_wallet,Amazon Marketplace,4
ORD-2025-12730,PROD_SPRT_004,2025-08-15 10:29:00,80.43,14.48,WA,debit_card,Amazon Marketplace,5
ORD-2025-12731,PROD_BEAU_003,2025-08-15 12:21:00,33.14,9.14,IL,digital_wallet,Mobile App,3
ORD-2025-12732,PROD_SPRT_001,2025-08-15 19:06:00,38.6,12.25,GA,digital_wallet,Amazon Marketplace,5
ORD-2025-12733,PROD_ELEC_004,2025-08-15 18:17:00,38.93,6.45,CA,debit_card,Amazon Marketplace,5
ORD-2025-12734,PROD_APP_002,2025-08-15 14:06:00,39.0,6.29,GA,gift_card,Mobile App,4
ORD-2025-12735,PROD_APP_004,2025-08-15 13:42:00,113.31,14.23,WA,credit_card,Direct Online Store,5
ORD-2025-12736,PROD_APP_003,2025-08-17 13:00:00,44.46,14.65,TX,debit_card,Amazon Marketplace,5
ORD-2025-12737,PROD_HOME_001,2025-08-17 20:59:00,93.22,8.57,TX,gift_card,Affiliate Channel,5
ORD-2025-12738,PROD_APP_004,2025-08-17 12:13:00,104.99,8.18,FL,gift_card,Amazon Marketplace,4
ORD-2025-12739,PROD_ELEC_005,2025-08-17 14:49:00,44.79,7.16,TX,credit_card,Mobile App,5
ORD-2025-12740,PROD_ELEC_001,2025-08-17 10:04:00,199.93,9.41,IL,debit_card,Mobile App,2
ORD-2025-12741,PROD_SPRT_001,2025-08-17 14:50:00,32.97,11.66,WA,debit_card,Affiliate Channel,5
ORD-2025-12742,PROD_HOME_003,2025-08-17 10:00:00,127.09,5.26,FL,credit_card,Affiliate Channel,5
ORD-2025-12743,PROD_SPRT_003,2025-08-17 21:14:00,24.73,11.23,GA,gift_card,Amazon Marketplace,5
ORD-2025-12744,PROD_ELEC_005,2025-08-17 12:05:00,40.1,13.89,IL,digital_wallet,Direct Online Store,3
ORD-2025-12745,PROD_APP_001,2025-08-17 13:38:00,63.64,14.12,CA,debit_card,Affiliate Channel,5
ORD-2025-12746,PROD_ELEC_001,2025-08-17 08:35:00,197.64,6.51,GA,credit_card,Amazon Marketplace,2
ORD-2025-12747,PROD_ELEC_004,2025-08-17 13:11:00,33.23,14.75,FL,digital_wallet,Affiliate Channel,4
ORD-2025-12748,PROD_ELEC_005,2025-08-17 17:58:00,49.24,8.28,GA,digital_wallet,Direct Online Store,5
ORD-2025-12749,PROD_BEAU_002,2025-08-17 08:52:00,59.64,6.67,CA,gift_card,Direct Online Store,3
ORD-2025-12750,PROD_HOME_001,2025-08-17 20:46:00,90.69,5.12,IL,credit_card,Amazon Marketplace,2
ORD-2025-12751,PROD_ELEC_002,2025-08-17 18:22:00,306.22,9.23,GA,digital_wallet,Mobile App,4
ORD-2025-12752,PROD_HOME_002,2025-08-17 20:06:00,189.8,8.39,IL,digital_wallet,Direct Online Store,5
ORD-2025-12753,PROD_BEAU_002,2025-08-17 12:43:00,57.01,9.12,NC,debit_card,Affiliate Channel,5
ORD-2025-12754,PROD_BEAU_001,2025-08-17 12:49:00,29.36,14.11,TX,credit_card,Mobile App,4
ORD-2025-12755,PROD_APP_003,2025-08-17 22:02:00,52.02,11.62,IL,gift_card,Amazon Marketplace,5
ORD-2025-12756,PROD_HOME_004,2025-08-17 21:12:00,48.06,7.96,IL,credit_card,Affiliate Channel,4
ORD-2025-12757,PROD_HOME_004,2025-08-17 22:43:00,40.31,9.42,NC,digital_wallet,Mobile App,5
ORD-2025-12758,PROD_SPRT_004,2025-08-17 18:51:00,76.47,5.55,NC,gift_card,Amazon Marketplace,1
ORD-2025-12759,PROD_HOME_001,2025-08-17 18:37:00,89.91,11.25,GA,digital_wallet,Amazon Marketplace,5
ORD-2025-12760,PROD_ELEC_002,2025-08-17 22:53:00,338.78,10.75,NY,gift_card,Mobile App,5
ORD-2025-12761,PROD_SPRT_004,2025-08-17 11:59:00,87.34,13.94,GA,credit_card,Mobile App,5
ORD-2025-12762,PROD_HOME_001,2025-08-17 13:04:00,87.43,7.01,GA,digital_wallet,Affiliate Channel,4
ORD-2025-12763,PROD_BEAU_001,2025-08-19 08:53:00,24.58,6.4,FL,debit_card,Affiliate Channel,2
ORD-2025-12764,PROD_HOME_002,2025-08-19 22:30:00,185.51,8.64,TX,credit_card,Amazon Marketplace,3
ORD-2025-12765,PROD_ELEC_001,2025-08-19 16:55:00,168.77,9.58,WA,credit_card,Mobile App,5
ORD-2025-12766,PROD_HOME_001,2025-08-19 08:37:00,84.48,8.81,CA,digital_wallet,Affiliate Channel,4
ORD-2025-12767,PROD_APP_002,2025-08-19 11:01:00,39.54,11.98,FL,digital_wallet,Direct Online Store,3
ORD-2025-12768,PROD_APP_003,2025-08-19 10:37:00,50.53,11.54,WA,gift_card,Mobile App,4
ORD-2025-12769,PROD_SPRT_004,2025-08-19 15:52:00,82.0,12.2,CA,gift_card,Direct Online Store,5
ORD-2025-12770,PROD_ELEC_001,2025-08-19 12:50:00,162.45,5.99,FL,debit_card,Affiliate Channel,5
ORD-2025-12771,PROD_ELEC_002,2025-08-19 21:42:00,298.66,5.79,GA,digital_wallet,Mobile App,5
ORD-2025-12772,PROD_SPRT_002,2025-08-19 21:57:00,243.01,11.37,NC,debit_card,Affiliate Channel,5
ORD-2025-12773,PROD_ELEC_003,2025-08-19 20:19:00,123.23,12.08,CA,digital_wallet,Mobile App,1
ORD-2025-12774,PROD_SPRT_001,2025-08-19 20:34:00,39.01,6.49,GA,digital_wallet,Direct Online Store,5
ORD-2025-12775,PROD_BEAU_003,2025-08-19 12:06:00,28.82,11.28,GA,debit_card,Affiliate Channel,5
ORD-2025-12776,PROD_APP_004,2025-08-19 10:13:00,115.86,11.33,FL,debit_card,Direct Online Store,5
ORD-2025-12777,PROD_ELEC_001,2025-08-19 21:08:00,172.04,6.23,CA,digital_wallet,Mobile App,2
ORD-2025-12778,PROD_APP_004,2025-08-19 20:30:00,111.56,9.53,NY,digital_wallet,Mobile App,5
ORD-2025-12779,PROD_BEAU_002,2025-08-19 13:26:00,55.43,5.07,FL,credit_card,Direct Online Store,5
ORD-2025-12780,PROD_HOME_001,2025-08-19 20:52:00,86.93,9.92,GA,gift_card,Mobile App,4
ORD-2025-12781,PROD_BEAU_001,2025-08-19 14:02:00,24.82,9.81,WA,debit_card,Direct Online Store,5
ORD-2025-12782,PROD_HOME_002,2025-08-19 13:56:00,184.68,9.36,WA,debit_card,Direct Online Store,5
ORD-2025-12783,PROD_HOME_001,2025-08-21 10:37:00,89.25,9.95,GA,debit_card,Affiliate Channel,5
ORD-2025-12784,PROD_APP_004,2025-08-21 19:35:00,119.87,5.77,WA,credit_card,Affiliate Channel,3
ORD-2025-12785,PROD_APP_001,2025-08-21 11:41:00,62.48,12.84,NC,digital_wallet,Direct Online Store,5
ORD-2025-12786,PROD_BEAU_003,2025-08-21 11:37:00,32.09,14.6,CA,debit_card,Amazon Marketplace,4
ORD-2025-12787,PROD_ELEC_003,2025-08-21 19:12:00,148.32,5.89,FL,debit_card,Direct Online Store,3
ORD-2025-12788,PROD_ELEC_004,2025-08-21 18:01:00,33.58,10.08,NC,digital_wallet,Mobile App,5
ORD-2025-12789,PROD_HOME_002,2025-08-21 19:18:00,171.06,8.72,WA,debit_card,Affiliate Channel,5
ORD-2025-12790,PROD_ELEC_003,2025-08-21 12:22:00,137.63,9.57,GA,debit_card,Mobile App,5
ORD-2025-12791,PROD_BEAU_002,2025-08-21 16:29:00,49.44,7.0,NY,debit_card,Mobile App,5
ORD-2025-12792,PROD_HOME_004,2025-08-21 22:15:00,40.85,9.32,FL,digital_wallet,Affiliate Channel,4
ORD-2025-12793,PROD_ELEC_003,2025-08-21 18:24:00,133.97,6.41,CA,credit_card,Direct Online Store,4
ORD-2025-12794,PROD_BEAU_001,2025-08-21 12:40:00,24.83,14.34,GA,gift_card,Amazon Marketplace,5
ORD-2025-12795,PROD_HOME_004,2025-08-21 10:27:00,43.15,10.37,WA,credit_card,Affiliate Channel,2
ORD-2025-12796,PROD_BEAU_002,2025-08-21 17:56:00,54.21,12.27,CA,credit_card,Direct Online Store,5
ORD-2025-12797,PROD_BEAU_003,2025-08-21 20:39:00,30.74,5.58,WA,debit_card,Direct Online Store,5
ORD-2025-12798,PROD_BEAU_002,2025-08-21 21:51:00,49.01,6.24,WA,credit_card,Direct Online Store,4
ORD-2025-12799,PROD_HOME_004,2025-08-23 12:26:00,46.94,14.86,TX,debit_card,Direct Online Store,5
ORD-2025-12800,PROD_HOME_002,2025-08-23 17:13:00,181.74,12.92,WA,credit_card,Amazon Marketplace,5
ORD-2025-12801,PROD_ELEC_005,2025-08-23 09:17:00,46.76,11.74,CA,debit_card,Direct Online Store,4
ORD-2025-12802,PROD_HOME_002,2025-08-23 21:18:00,157.5,12.57,NY,digital_wallet,Amazon Marketplace,5
ORD-2025-12803,PROD_HOME_001,2025-08-23 08:31:00,96.2,14.48,IL,digital_wallet,Direct Online Store,4
ORD-2025-12804,PROD_SPRT_004,2025-08-23 16:03:00,74.38,14.42,GA,credit_card,Amazon Marketplace,5
ORD-2025-12805,PROD_ELEC_001,2025-08-23 22:39:00,168.48,5.86,CA,gift_card,Affiliate Channel,5
ORD-2025-12806,PROD_SPRT_002,2025-08-23 11:59:00,242.04,12.03,TX,gift_card,Affiliate Channel,4
ORD-2025-12807,PROD_APP_003,2025-08-23 14:04:00,51.09,7.57,GA,debit_card,Affiliate Channel,5
ORD-2025-12808,PROD_APP_003,2025-08-23 12:29:00,51.58,14.27,NY,debit_card,Affiliate Channel,5
ORD-2025-12809,PROD_ELEC_004,2025-08-23 20:49:00,34.52,10.8,TX,digital_wallet,Amazon Marketplace,5
ORD-2025-12810,PROD_ELEC_002,2025-08-23 22:41:00,282.67,8.46,NY,debit_card,Mobile App,3
ORD-2025-12811,PROD_APP_003,2025-08-23 15:39:00,48.73,9.37,WA,debit_card,Mobile App,4
ORD-2025-12812,PROD_BEAU_003,2025-08-23 09:53:00,30.06,13.32,TX,credit_card,Amazon Marketplace,5
ORD-2025-12813,PROD_ELEC_004,2025-08-23 13:38:00,39.11,14.86,FL,digital_wallet,Mobile App,5
ORD-2025-12814,PROD_ELEC_003,2025-08-23 19:05:00,125.93,5.84,NC,debit_card,Amazon Marketplace,5
ORD-2025-12815,PROD_HOME_004,2025-08-23 09:02:00,42.77,8.25,CA,digital_wallet,Mobile App,5
ORD-2025-12816,PROD_APP_004,2025-08-23 11:52:00,110.58,7.9,TX,gift_card,Direct Online Store,5
ORD-2025-12817,PROD_APP_001,2025-08-23 18:03:00,56.26,12.08,GA,debit_card,Amazon Marketplace,3
ORD-2025-12818,PROD_BEAU_002,2025-08-23 15:32:00,53.99,8.19,CA,gift_card,Mobile App,4
ORD-2025-12819,PROD_ELEC_004,2025-08-23 20:23:00,32.66,6.88,FL,credit_card,Direct Online Store,5
ORD-2025-12820,PROD_ELEC_002,2025-08-23 10:21:00,303.4,7.12,NC,gift_card,Affiliate Channel,3
ORD-2025-12821,PROD_HOME_001,2025-08-23 10:35:00,88.96,6.21,IL,gift_card,Direct Online Store,5
ORD-2025-12822,PROD_APP_004,2025-08-23 19:18:00,104.69,7.2,NC,digital_wallet,Affiliate Channel,3
ORD-2025-12823,PROD_SPRT_001,2025-08-23 12:47:00,33.41,5.65,NC,debit_card,Mobile App,5
ORD-2025-12824,PROD_HOME_002,2025-08-23 09:52:00,178.07,14.88,WA,credit_card,Affiliate Channel,5
ORD-2025-12825,PROD_HOME_003,2025-08-25 14:20:00,115.27,14.13,NC,credit_card,Direct Online Store,4
ORD-2025-12826,PROD_APP_003,2025-08-25 10:36:00,50.07,8.15,NC,digital_wallet,Mobile App,4
ORD-2025-12827,PROD_ELEC_003,2025-08-25 10:20:00,145.2,14.71,NY,digital_wallet,Mobile App,5
ORD-2025-12828,PROD_SPRT_003,2025-08-25 18:08:00,20.8,6.98,FL,gift_card,Affiliate Channel,5
ORD-2025-12829,PROD_APP_004,2025-08-25 11:03:00,116.54,9.3,TX,gift_card,Direct Online Store,5
ORD-2025-12830,PROD_APP_003,2025-08-25 10:07:00,53.28,10.9,CA,debit_card,Mobile App,4
ORD-2025-12831,PROD_ELEC_005,2025-08-25 10:10:00,40.2,6.9,WA,credit_card,Direct Online Store,4
ORD-2025-12832,PROD_HOME_001,2025-08-25 08:29:00,82.04,10.57,NC,digital_wallet,Amazon Marketplace,4
ORD-2025-12833,PROD_SPRT_002,2025-08-25 18:18:00,227.7,11.59,GA,gift_card,Affiliate Channel,4
ORD-2025-12834,PROD_ELEC_001,2025-08-25 12:19:00,160.91,10.06,NC,gift_card,Affiliate Channel,5
ORD-2025-12835,PROD_HOME_001,2025-08-25 21:00:00,95.55,14.29,IL,debit_card,Affiliate Channel,5
ORD-2025-12836,PROD_HOME_003,2025-08-25 17:11:00,129.56,8.27,WA,gift_card,Amazon Marketplace,5
ORD-2025-12837,PROD_APP_001,2025-08-25 11:51:00,62.07,13.5,TX,digital_wallet,Affiliate Channel,4
ORD-2025-12838,PROD_APP_001,2025-08-25 21:56:00,61.14,8.04,NC,debit_card,Affiliate Channel,2
ORD-2025-12839,PROD_APP_004,2025-08-25 11:16:00,115.37,11.72,IL,gift_card,Affiliate Channel,5
ORD-2025-12840,PROD_ELEC_002,2025-08-25 19:47:00,284.38,7.98,NC,credit_card,Direct Online Store,1
ORD-2025-12841,PROD_SPRT_001,2025-08-25 20:47:00,35.97,10.49,GA,debit_card,Mobile App,1
ORD-2025-12842,PROD_SPRT_004,2025-08-25 11:43:00,85.4,5.19,WA,credit_card,Affiliate Channel,4
ORD-2025-12843,PROD_HOME_002,2025-08-25 12:03:00,186.7,11.67,FL,debit_card,Direct Online Store,5
ORD-2025-12844,PROD_SPRT_002,2025-08-25 12:30:00,257.87,12.41,NC,credit_card,Amazon Marketplace,4
ORD-2025-12845,PROD_APP_002,2025-08-25 11:40:00,40.55,14.69,CA,credit_card,Amazon Marketplace,5
ORD-2025-12846,PROD_ELEC_001,2025-08-25 13:11:00,191.39,10.01,CA,credit_card,Amazon Marketplace,5
ORD-2025-12847,PROD_ELEC_004,2025-08-25 11:52:00,38.26,14.28,NC,debit_card,Direct Online Store,5
ORD-2025-12848,PROD_ELEC_001,2025-08-25 08:11:00,192.89,6.68,FL,credit_card,Affiliate Channel,5
ORD-2025-12849,PROD_ELEC_002,2025-08-25 08:57:00,337.19,8.48,FL,credit_card,Affiliate Channel,5
ORD-2025-12850,PROD_HOME_002,2025-08-25 08:44:00,168.13,11.89,CA,credit_card,Direct Online Store,2
ORD-2025-12851,PROD_HOME_004,2025-08-25 21:48:00,41.56,13.84,TX,digital_wallet,Mobile App,5
ORD-2025-12852,PROD_APP_002,2025-08-27 09:23:00,40.4,12.78,NY,digital_wallet,Mobile App,4
ORD-2025-12853,PROD_HOME_001,2025-08-27 18:03:00,97.68,9.65,GA,credit_card,Amazon Marketplace,5
ORD-2025-12854,PROD_SPRT_002,2025-08-27 08:02:00,229.25,13.44,FL,credit_card,Amazon Marketplace,5
ORD-2025-12855,PROD_SPRT_003,2025-08-27 09:24:00,24.1,7.05,CA,credit_card,Mobile App,3
ORD-2025-12856,PROD_APP_002,2025-08-27 10:43:00,38.71,10.46,WA,debit_card,Affiliate Channel,5
ORD-2025-12857,PROD_HOME_003,2025-08-27 09:14:00,107.4,13.84,NY,credit_card,Affiliate Channel,5
ORD-2025-12858,PROD_HOME_003,2025-08-27 19:13:00,125.68,14.55,TX,gift_card,Affiliate Channel,4
ORD-2025-12859,PROD_ELEC_004,2025-08-27 09:07:00,39.32,9.46,NC,gift_card,Affiliate Channel,4
ORD-2025-12860,PROD_SPRT_004,2025-08-27 16:25:00,84.23,8.33,IL,debit_card,Affiliate Channel,5
ORD-2025-12861,PROD_ELEC_001,2025-08-27 09:30:00,198.36,10.73,WA,debit_card,Direct Online Store,5
ORD-2025-12862,PROD_ELEC_001,2025-08-27 12:49:00,192.09,11.08,NY,credit_card,Mobile App,5
ORD-2025-12863,PROD_HOME_002,2025-08-27 13:10:00,189.89,7.59,IL,gift_card,Affiliate Channel,5
ORD-2025-12864,PROD_APP_003,2025-08-27 17:31:00,49.44,9.36,CA,credit_card,Amazon Marketplace,1
ORD-2025-12865,PROD_BEAU_002,2025-08-27 13:59:00,52.07,13.31,FL,digital_wallet,Mobile App,4
ORD-2025-12866,PROD_ELEC_001,2025-08-27 15:41:00,163.88,9.42,GA,debit_card,Amazon Marketplace,5
ORD-2025-12867,PROD_SPRT_003,2025-08-27 11:08:00,20.76,10.47,CA,digital_wallet,Direct Online Store,5
ORD-2025-12868,PROD_APP_001,2025-08-27 22:12:00,67.28,5.28,NC,credit_card,Direct Online Store,3
ORD-2025-12869,PROD_SPRT_004,2025-08-27 14:20:00,89.46,8.03,NY,credit_card,Affiliate Channel,4
ORD-2025-12870,PROD_APP_004,2025-08-27 09:29:00,108.6,5.78,CA,gift_card,Mobile App,5
ORD-2025-12871,PROD_BEAU_002,2025-08-27 11:40:00,49.04,10.56,NY,debit_card,Mobile App,3
ORD-2025-12872,PROD_BEAU_002,2025-08-27 12:34:00,52.74,8.08,NY,debit_card,Direct Online Store,5
ORD-2025-12873,PROD_ELEC_004,2025-08-27 21:58:00,33.97,13.45,WA,gift_card,Affiliate Channel,4
ORD-2025-12874,PROD_HOME_004,2025-08-27 21:21:00,45.83,5.71,TX,digital_wallet,Affiliate Channel,4
ORD-2025-12875,PROD_BEAU_003,2025-08-29 14:19:00,33.92,5.95,WA,credit_card,Affiliate Channel,3
ORD-2025-12876,PROD_BEAU_002,2025-08-29 18:13:00,59.51,13.84,CA,digital_wallet,Mobile App,2
ORD-2025-12877,PROD_HOME_001,2025-08-29 18:08:00,82.51,9.4,WA,debit_card,Amazon Marketplace,5
ORD-2025-12878,PROD_HOME_003,2025-08-29 12:33:00,113.24,6.83,GA,debit_card,Mobile App,4
ORD-2025-12879,PROD_BEAU_003,2025-08-29 17:56:00,31.78,6.71,FL,debit_card,Mobile App,4
ORD-2025-12880,PROD_ELEC_001,2025-08-29 21:39:00,163.95,5.3,FL,gift_card,Affiliate Channel,5
ORD-2025-12881,PROD_SPRT_004,2025-08-29 16:18:00,84.44,8.84,IL,debit_card,Affiliate Channel,5
ORD-2025-12882,PROD_SPRT_002,2025-08-29 18:22:00,239.51,8.93,TX,debit_card,Direct Online Store,5
ORD-2025-12883,PROD_SPRT_002,2025-08-29 10:30:00,254.57,6.66,FL,digital_wallet,Amazon Marketplace,3
ORD-2025-12884,PROD_HOME_001,2025-08-29 08:54:00,81.21,11.31,NY,gift_card,Affiliate Channel,5
ORD-2025-12885,PROD_APP_004,2025-08-29 10:05:00,117.19,11.91,WA,gift_card,Amazon Marketplace,5
ORD-2025-12886,PROD_HOME_002,2025-08-29 10:51:00,156.79,7.12,NC,debit_card,Amazon Marketplace,5
ORD-2025-12887,PROD_BEAU_002,2025-08-29 20:45:00,56.68,8.64,NY,digital_wallet,Amazon Marketplace,5
ORD-2025-12888,PROD_HOME_001,2025-08-29 13:16:00,98.31,6.05,IL,digital_wallet,Mobile App,5
ORD-2025-12889,PROD_HOME_001,2025-08-29 16:45:00,83.73,11.32,IL,debit_card,Mobile App,5
ORD-2025-12890,PROD_SPRT_001,2025-08-29 09:07:00,37.05,6.61,NC,digital_wallet,Affiliate Channel,4
ORD-2025-12891,PROD_APP_001,2025-08-29 17:38:00,60.74,7.88,GA,debit_card,Mobile App,5
ORD-2025-12892,PROD_APP_002,2025-08-29 16:56:00,39.12,11.22,GA,digital_wallet,Direct Online Store,5
ORD-2025-12893,PROD_ELEC_002,2025-08-31 18:04:00,293.33,7.61,FL,digital_wallet,Affiliate Channel,3
ORD-2025-12894,PROD_APP_001,2025-08-31 15:52:00,57.42,5.49,TX,digital_wallet,Mobile App,4
ORD-2025-12895,PROD_ELEC_003,2025-08-31 14:19:00,134.9,6.4,FL,gift_card,Affiliate Channel,2
ORD-2025-12896,PROD_HOME_001,2025-08-31 09:58:00,99.04,13.18,IL,gift_card,Direct Online Store,5
ORD-2025-12897,PROD_SPRT_003,2025-08-31 21:38:00,21.36,8.78,NC,debit_card,Affiliate Channel,3
ORD-2025-12898,PROD_SPRT_004,2025-08-31 20:04:00,75.37,12.99,GA,credit_card,Affiliate Channel,5
ORD-2025-12899,PROD_BEAU_001,2025-08-31 13:37:00,25.36,9.38,CA,credit_card,Direct Online Store,3
ORD-2025-12900,PROD_HOME_002,2025-08-31 14:02:00,162.36,6.91,CA,digital_wallet,Direct Online Store,5
ORD-2025-12901,PROD_BEAU_003,2025-08-31 14:50:00,28.49,11.21,FL,debit_card,Direct Online Store,2
ORD-2025-12902,PROD_ELEC_002,2025-08-31 19:39:00,287.79,7.64,IL,debit_card,Mobile App,5
ORD-2025-12903,PROD_BEAU_002,2025-08-31 21:40:00,50.84,11.18,GA,digital_wallet,Amazon Marketplace,5
ORD-2025-12904,PROD_ELEC_002,2025-08-31 12:08:00,329.98,7.78,IL,gift_card,Direct Online Store,4
ORD-2025-12905,PROD_APP_003,2025-08-31 16:58:00,53.12,12.06,NC,credit_card,Mobile App,5
ORD-2025-12906,PROD_APP_001,2025-08-31 17:45:00,57.02,8.22,IL,gift_card,Mobile App,4
ORD-2025-12907,PROD_BEAU_001,2025-08-31 20:38:00,25.47,9.9,TX,debit_card,Direct Online Store,5
ORD-2025-12908,PROD_BEAU_003,2025-09-02 16:54:00,30.37,11.01,FL,gift_card,Affiliate Channel,5
ORD-2025-12909,PROD_BEAU_003,2025-09-02 17:13:00,30.61,5.4,IL,credit_card,Mobile App,5
ORD-2025-12910,PROD_APP_004,2025-09-02 11:21:00,114.47,5.56,NC,credit_card,Amazon Marketplace,5
ORD-2025-12911,PROD_SPRT_002,2025-09-02 14:45:00,245.33,14.64,CA,gift_card,Amazon Marketplace,5
ORD-2025-12912,PROD_BEAU_002,2025-09-02 13:54:00,55.28,14.07,NY,debit_card,Direct Online Store,5
ORD-2025-12913,PROD_SPRT_001,2025-09-02 14:19:00,36.88,11.63,IL,credit_card,Direct Online Store,3
ORD-2025-12914,PROD_ELEC_005,2025-09-02 16:22:00,46.54,7.93,FL,digital_wallet,Affiliate Channel,5
ORD-2025-12915,PROD_HOME_002,2025-09-02 20:29:00,179.49,7.44,WA,credit_card,Affiliate Channel,4
ORD-2025-12916,PROD_BEAU_001,2025-09-02 13:29:00,24.43,12.73,FL,gift_card,Mobile App,5
ORD-2025-12917,PROD_HOME_003,2025-09-02 10:10:00,110.49,8.3,WA,digital_wallet,Affiliate Channel,5
ORD-2025-12918,PROD_SPRT_003,2025-09-02 20:20:00,24.73,11.6,TX,debit_card,Affiliate Channel,5
ORD-2025-12919,PROD_APP_001,2025-09-02 14:20:00,62.11,12.61,TX,debit_card,Affiliate Channel,5
ORD-2025-12920,PROD_SPRT_003,2025-09-02 08:52:00,22.17,5.53,FL,digital_wallet,Mobile App,5
ORD-2025-12921,PROD_ELEC_001,2025-09-02 17:45:00,189.5,5.9,NY,debit_card,Mobile App,5
ORD-2025-12922,PROD_SPRT_003,2025-09-02 21:44:00,22.64,8.2,WA,credit_card,Amazon Marketplace,4
ORD-2025-12923,PROD_SPRT_004,2025-09-02 10:39:00,83.24,7.48,IL,gift_card,Direct Online Store,5
ORD-2025-12924,PROD_BEAU_001,2025-09-02 13:09:00,29.86,5.6,CA,gift_card,Amazon Marketplace,5
ORD-2025-12925,PROD_BEAU_001,2025-09-02 15:12:00,26.83,9.98,GA,debit_card,Amazon Marketplace,4
ORD-2025-12926,PROD_HOME_003,2025-09-02 11:44:00,106.77,6.89,CA,digital_wallet,Direct Online Store,4
ORD-2025-12927,PROD_SPRT_004,2025-09-02 14:03:00,88.46,13.84,FL,debit_card,Amazon Marketplace,5
ORD-2025-12928,PROD_HOME_003,2025-09-02 11:26:00,127.73,11.5,NC,credit_card,Amazon Marketplace,4
ORD-2025-12929,PROD_SPRT_004,2025-09-02 16:34:00,88.42,9.71,CA,debit_card,Direct Online Store,5
ORD-2025-12930,PROD_APP_003,2025-09-02 22:26:00,49.65,14.76,GA,gift_card,Affiliate Channel,5
ORD-2025-12931,PROD_BEAU_001,2025-09-02 13:22:00,24.27,8.77,IL,digital_wallet,Direct Online Store,5
ORD-2025-12932,PROD_SPRT_001,2025-09-02 12:12:00,37.34,13.61,WA,credit_card,Direct Online Store,3
ORD-2025-12933,PROD_ELEC_005,2025-09-02 11:15:00,47.95,8.15,CA,debit_card,Amazon Marketplace,4
ORD-2025-12934,PROD_APP_002,2025-09-02 18:47:00,37.08,7.06,NY,digital_wallet,Mobile App,5
ORD-2025-12935,PROD_ELEC_001,2025-09-02 14:08:00,194.26,7.5,NC,credit_card,Affiliate Channel,5
ORD-2025-12936,PROD_ELEC_004,2025-09-02 12:19:00,32.0,12.46,GA,gift_card,Amazon Marketplace,5
ORD-2025-12937,PROD_BEAU_001,2025-09-02 12:42:00,26.62,7.45,TX,gift_card,Affiliate Channel,5
ORD-2025-12938,PROD_SPRT_003,2025-09-04 15:58:00,22.81,8.27,TX,digital_wallet,Amazon Marketplace,4
ORD-2025-12939,PROD_APP_001,2025-09-04 16:39:00,58.83,14.58,FL,gift_card,Affiliate Channel,4
ORD-2025-12940,PROD_APP_001,2025-09-04 20:35:00,67.46,7.64,NY,digital_wallet,Mobile App,2
ORD-2025-12941,PROD_HOME_004,2025-09-04 19:45:00,46.65,10.82,IL,digital_wallet,Affiliate Channel,4
ORD-2025-12942,PROD_HOME_001,2025-09-04 10:15:00,91.34,12.67,CA,credit_card,Mobile App,5
ORD-2025-12943,PROD_HOME_003,2025-09-04 22:54:00,107.29,14.78,NC,gift_card,Mobile App,5
ORD-2025-12944,PROD_BEAU_003,2025-09-04 15:48:00,29.48,10.02,GA,digital_wallet,Direct Online Store,5
ORD-2025-12945,PROD_HOME_001,2025-09-04 17:43:00,81.21,12.49,FL,gift_card,Affiliate Channel,5
ORD-2025-12946,PROD_HOME_002,2025-09-04 19:01:00,161.76,14.08,CA,digital_wallet,Direct Online Store,5
ORD-2025-12947,PROD_ELEC_002,2025-09-04 21:27:00,315.32,7.7,CA,debit_card,Direct Online Store,5
ORD-2025-12948,PROD_APP_003,2025-09-04 17:08:00,54.85,9.87,NY,gift_card,Mobile App,5
ORD-2025-12949,PROD_HOME_002,2025-09-04 10:45:00,171.45,7.89,FL,debit_card,Affiliate Channel,5
ORD-2025-12950,PROD_SPRT_001,2025-09-04 08:27:00,39.27,8.55,NC,credit_card,Mobile App,5
ORD-2025-12951,PROD_BEAU_002,2025-09-04 18:26:00,56.09,13.36,NY,gift_card,Affiliate Channel,5
ORD-2025-12952,PROD_SPRT_003,2025-09-04 14:59:00,20.09,10.66,FL,gift_card,Mobile App,5
ORD-2025-12953,PROD_ELEC_001,2025-09-04 19:26:00,164.69,8.14,NY,credit_card,Amazon Marketplace,5
ORD-2025-12954,PROD_HOME_002,2025-09-04 22:23:00,182.85,6.32,NY,debit_card,Mobile App,5
ORD-2025-12955,PROD_HOME_004,2025-09-04 18:45:00,48.7,14.49,NC,gift_card,Mobile App,5
ORD-2025-12956,PROD_HOME_004,2025-09-04 17:48:00,44.46,10.26,NC,debit_card,Direct Online Store,5
ORD-2025-12957,PROD_APP_003,2025-09-04 12:45:00,53.21,11.27,FL,gift_card,Amazon Marketplace,5
ORD-2025-12958,PROD_SPRT_003,2025-09-06 08:07:00,22.88,6.33,TX,gift_card,Mobile App,5
ORD-2025-12959,PROD_ELEC_001,2025-09-06 20:38:00,184.37,14.73,NY,gift_card,Amazon Marketplace,5
ORD-2025-12960,PROD_ELEC_001,2025-09-06 20:24:00,185.48,8.46,CA,gift_card,Amazon Marketplace,5
ORD-2025-12961,PROD_ELEC_001,2025-09-06 18:47:00,186.06,9.7,WA,gift_card,Affiliate Channel,5
ORD-2025-12962,PROD_SPRT_004,2025-09-06 12:51:00,87.0,11.08,NY,credit_card,Mobile App,3
ORD-2025-12963,PROD_ELEC_002,2025-09-06 08:13:00,297.88,9.69,TX,digital_wallet,Amazon Marketplace,4
ORD-2025-12964,PROD_HOME_001,2025-09-06 20:20:00,80.25,7.07,TX,debit_card,Mobile App,3
ORD-2025-12965,PROD_ELEC_003,2025-09-06 08:15:00,134.55,12.53,CA,gift_card,Mobile App,5
ORD-2025-12966,PROD_BEAU_001,2025-09-06 11:58:00,26.02,10.62,NY,credit_card,Direct Online Store,4
ORD-2025-12967,PROD_APP_001,2025-09-06 17:01:00,68.89,9.84,FL,gift_card,Affiliate Channel,5
ORD-2025-12968,PROD_APP_003,2025-09-06 15:11:00,47.07,11.17,NY,debit_card,Amazon Marketplace,5
ORD-2025-12969,PROD_HOME_002,2025-09-06 11:43:00,179.36,5.1,GA,credit_card,Amazon Marketplace,4
ORD-2025-12970,PROD_SPRT_004,2025-09-06 15:23:00,72.11,13.33,FL,digital_wallet,Amazon Marketplace,4
ORD-2025-12971,PROD_ELEC_004,2025-09-06 13:08:00,38.75,7.51,GA,digital_wallet,Affiliate Channel,5
ORD-2025-12972,PROD_ELEC_004,2025-09-06 21:50:00,37.25,13.13,FL,credit_card,Mobile App,5
ORD-2025-12973,PROD_BEAU_002,2025-09-06 19:54:00,54.52,5.67,NC,digital_wallet,Amazon Marketplace,5
ORD-2025-12974,PROD_SPRT_004,2025-09-06 13:10:00,80.24,5.72,FL,debit_card,Direct Online Store,3
ORD-2025-12975,PROD_ELEC_003,2025-09-06 15:26:00,141.69,9.67,IL,credit_card,Amazon Marketplace,5
ORD-2025-12976,PROD_ELEC_003,2025-09-06 13:08:00,139.43,9.14,TX,debit_card,Affiliate Channel,5
ORD-2025-12977,PROD_SPRT_003,2025-09-06 17:42:00,21.71,12.08,CA,debit_card,Mobile App,5
ORD-2025-12978,PROD_APP_004,2025-09-06 19:52:00,112.87,11.71,IL,digital_wallet,Affiliate Channel,5
ORD-2025-12979,PROD_BEAU_001,2025-09-06 22:34:00,29.53,13.81,NC,digital_wallet,Mobile App,5
ORD-2025-12980,PROD_ELEC_002,2025-09-06 13:38:00,309.21,5.9,WA,gift_card,Affiliate Channel,5
ORD-2025-12981,PROD_ELEC_005,2025-09-06 19:50:00,44.35,11.51,WA,debit_card,Affiliate Channel,4
ORD-2025-12982,PROD_ELEC_004,2025-09-06 15:01:00,37.71,6.54,NC,gift_card,Direct Online Store,5
ORD-2025-12983,PROD_HOME_002,2025-09-06 15:34:00,174.42,12.05,CA,gift_card,Amazon Marketplace,5
ORD-2025-12984,PROD_ELEC_001,2025-09-08 19:13:00,163.86,14.26,NY,credit_card,Amazon Marketplace,5
ORD-2025-12985,PROD_SPRT_003,2025-09-08 11:28:00,23.01,9.77,TX,credit_card,Amazon Marketplace,4
ORD-2025-12986,PROD_APP_003,2025-09-08 22:24:00,52.24,7.24,WA,gift_card,Affiliate Channel,5
ORD-2025-12987,PROD_ELEC_004,2025-09-08 18:54:00,34.42,8.48,WA,gift_card,Mobile App,3
ORD-2025-12988,PROD_APP_002,2025-09-08 12:25:00,40.59,5.34,GA,debit_card,Amazon Marketplace,5
ORD-2025-12989,PROD_APP_004,2025-09-08 13:17:00,119.85,14.46,NC,gift_card,Amazon Marketplace,4
ORD-2025-12990,PROD_ELEC_002,2025-09-08 16:07:00,313.77,10.03,CA,debit_card,Mobile App,5
ORD-2025-12991,PROD_ELEC_004,2025-09-08 21:56:00,35.27,6.76,NC,debit_card,Mobile App,5
ORD-2025-12992,PROD_BEAU_003,2025-09-08 17:20:00,28.73,11.86,CA,digital_wallet,Direct Online Store,3
ORD-2025-12993,PROD_HOME_001,2025-09-08 15:49:00,83.35,11.08,CA,credit_card,Direct Online Store,5
ORD-2025-12994,PROD_SPRT_003,2025-09-08 15:13:00,20.16,14.25,WA,digital_wallet,Affiliate Channel,5
ORD-2025-12995,PROD_APP_003,2025-09-08 21:25:00,46.98,7.83,FL,credit_card,Mobile App,5
ORD-2025-12996,PROD_ELEC_004,2025-09-08 15:04:00,37.45,10.75,FL,debit_card,Direct Online Store,5
ORD-2025-12997,PROD_ELEC_001,2025-09-08 18:16:00,194.96,11.6,TX,digital_wallet,Direct Online Store,5
ORD-2025-12998,PROD_SPRT_003,2025-09-08 12:55:00,24.01,8.53,CA,digital_wallet,Amazon Marketplace,4
ORD-2025-12999,PROD_HOME_001,2025-09-08 17:39:00,96.36,10.65,CA,debit_card,Amazon Marketplace,5
ORD-2025-13000,PROD_SPRT_002,2025-09-08 14:54:00,241.95,14.87,NC,credit_card,Affiliate Channel,3
ORD-2025-13001,PROD_SPRT_001,2025-09-08 09:57:00,37.43,14.95,FL,digital_wallet,Direct Online Store,4
ORD-2025-13002,PROD_SPRT_003,2025-09-08 16:29:00,20.12,10.5,IL,digital_wallet,Amazon Marketplace,5
ORD-2025-13003,PROD_SPRT_001,2025-09-10 17:42:00,38.08,11.91,FL,gift_card,Direct Online Store,5
ORD-2025-13004,PROD_HOME_004,2025-09-10 09:22:00,48.32,5.04,IL,credit_card,Mobile App,5
ORD-2025-13005,PROD_APP_003,2025-09-10 16:26:00,53.83,13.13,CA,digital_wallet,Affiliate Channel,3
ORD-2025-13006,PROD_HOME_004,2025-09-10 19:50:00,45.06,10.93,TX,credit_card,Amazon Marketplace,5
ORD-2025-13007,PROD_ELEC_005,2025-09-10 20:28:00,40.17,9.44,IL,credit_card,Mobile App,5
ORD-2025-13008,PROD_APP_001,2025-09-10 08:24:00,58.29,7.09,GA,gift_card,Affiliate Channel,5
ORD-2025-13009,PROD_APP_001,2025-09-10 10:24:00,61.63,11.62,WA,digital_wallet,Affiliate Channel,5
ORD-2025-13010,PROD_HOME_004,2025-09-10 12:44:00,41.58,9.77,WA,credit_card,Mobile App,5
ORD-2025-13011,PROD_BEAU_002,2025-09-10 12:51:00,57.86,9.43,IL,debit_card,Mobile App,5
ORD-2025-13012,PROD_BEAU_001,2025-09-10 08:45:00,24.3,10.73,NY,digital_wallet,Direct Online Store,4
ORD-2025-13013,PROD_ELEC_004,2025-09-10 22:15:00,37.47,9.33,FL,digital_wallet,Direct Online Store,5
ORD-2025-13014,PROD_BEAU_001,2025-09-10 18:23:00,27.47,14.93,CA,gift_card,Direct Online Store,1
ORD-2025-13015,PROD_SPRT_002,2025-09-10 21:37:00,238.82,14.92,FL,digital_wallet,Affiliate Channel,5
ORD-2025-13016,PROD_ELEC_002,2025-09-10 14:03:00,316.05,10.09,FL,digital_wallet,Mobile App,5
ORD-2025-13017,PROD_APP_003,2025-09-10 11:19:00,46.44,10.78,WA,debit_card,Mobile App,4
ORD-2025-13018,PROD_BEAU_002,2025-09-10 21:21:00,59.06,13.64,GA,debit_card,Affiliate Channel,5
ORD-2025-13019,PROD_SPRT_002,2025-09-10 12:43:00,244.16,13.04,TX,gift_card,Direct Online Store,5
ORD-2025-13020,PROD_SPRT_001,2025-09-10 22:44:00,36.87,6.61,NC,gift_card,Mobile App,5
ORD-2025-13021,PROD_APP_002,2025-09-12 13:41:00,44.77,11.85,IL,gift_card,Affiliate Channel,4
ORD-2025-13022,PROD_APP_001,2025-09-12 11:58:00,68.65,14.91,NY,debit_card,Amazon Marketplace,4
ORD-2025-13023,PROD_APP_004,2025-09-12 22:44:00,100.93,14.63,FL,debit_card,Direct Online Store,3
ORD-2025-13024,PROD_HOME_004,2025-09-12 21:46:00,47.58,10.8,NY,digital_wallet,Mobile App,5
ORD-2025-13025,PROD_APP_004,2025-09-12 16:57:00,107.05,6.64,FL,credit_card,Mobile App,4
ORD-2025-13026,PROD_ELEC_002,2025-09-12 11:57:00,325.69,7.25,TX,debit_card,Affiliate Channel,5
ORD-2025-13027,PROD_HOME_002,2025-09-12 15:37:00,156.89,5.09,NC,digital_wallet,Affiliate Channel,5
ORD-2025-13028,PROD_SPRT_001,2025-09-12 11:09:00,36.5,6.39,WA,credit_card,Affiliate Channel,5
ORD-2025-13029,PROD_SPRT_002,2025-09-12 18:13:00,249.96,8.86,IL,gift_card,Affiliate Channel,5
ORD-2025-13030,PROD_SPRT_001,2025-09-12 08:36:00,32.45,6.75,TX,digital_wallet,Affiliate Channel,5
ORD-2025-13031,PROD_SPRT_004,2025-09-12 22:56:00,78.47,8.95,FL,gift_card,Amazon Marketplace,5
ORD-2025-13032,PROD_APP_002,2025-09-12 08:06:00,37.32,7.94,GA,debit_card,Affiliate Channel,2
ORD-2025-13033,PROD_ELEC_005,2025-09-12 19:56:00,49.85,14.45,NC,digital_wallet,Direct Online Store,5
ORD-2025-13034,PROD_HOME_001,2025-09-12 09:40:00,86.64,7.81,NY,gift_card,Amazon Marketplace,5
ORD-2025-13035,PROD_APP_003,2025-09-12 09:03:00,47.51,7.29,NY,gift_card,Affiliate Channel,5
ORD-2025-13036,PROD_HOME_004,2025-09-12 16:17:00,40.14,14.71,WA,digital_wallet,Mobile App,5
ORD-2025-13037,PROD_ELEC_001,2025-09-12 22:54:00,186.74,11.15,NC,debit_card,Amazon Marketplace,3
ORD-2025-13038,PROD_HOME_003,2025-09-12 16:19:00,108.22,11.34,NC,credit_card,Direct Online Store,5
ORD-2025-13039,PROD_BEAU_001,2025-09-12 10:55:00,25.55,12.9,NC,credit_card,Mobile App,5
ORD-2025-13040,PROD_ELEC_001,2025-09-12 13:12:00,182.3,11.12,NY,gift_card,Amazon Marketplace,3
ORD-2025-13041,PROD_ELEC_003,2025-09-14 16:34:00,137.5,11.26,IL,digital_wallet,Affiliate Channel,3
ORD-2025-13042,PROD_APP_003,2025-09-14 13:03:00,53.37,5.76,TX,digital_wallet,Amazon Marketplace,3
ORD-2025-13043,PROD_SPRT_001,2025-09-14 21:53:00,37.22,12.43,CA,gift_card,Direct Online Store,4
ORD-2025-13044,PROD_ELEC_001,2025-09-14 13:01:00,169.75,11.17,TX,debit_card,Direct Online Store,1
ORD-2025-13045,PROD_ELEC_001,2025-09-14 16:21:00,182.64,5.94,FL,debit_card,Amazon Marketplace,4
ORD-2025-13046,PROD_BEAU_003,2025-09-14 13:22:00,33.21,10.75,IL,credit_card,Amazon Marketplace,5
ORD-2025-13047,PROD_SPRT_002,2025-09-14 10:10:00,263.6,12.58,CA,debit_card,Direct Online Store,5
ORD-2025-13048,PROD_APP_001,2025-09-14 13:08:00,61.78,14.99,NY,gift_card,Affiliate Channel,5
ORD-2025-13049,PROD_ELEC_004,2025-09-14 10:21:00,38.73,11.07,CA,digital_wallet,Direct Online Store,5
ORD-2025-13050,PROD_APP_003,2025-09-14 17:04:00,53.5,12.5,FL,digital_wallet,Amazon Marketplace,5
ORD-2025-13051,PROD_APP_001,2025-09-14 12:38:00,59.61,6.68,NC,debit_card,Amazon Marketplace,5
ORD-2025-13052,PROD_SPRT_001,2025-09-14 22:43:00,37.63,12.59,FL,gift_card,Affiliate Channel,5
ORD-2025-13053,PROD_APP_002,2025-09-14 19:35:00,39.66,6.54,WA,credit_card,Amazon Marketplace,5
ORD-2025-13054,PROD_ELEC_001,2025-09-14 12:35:00,174.37,13.21,NC,debit_card,Amazon Marketplace,5
ORD-2025-13055,PROD_ELEC_002,2025-09-14 08:48:00,293.14,8.33,IL,gift_card,Direct Online Store,5
ORD-2025-13056,PROD_ELEC_001,2025-09-14 11:29:00,195.27,6.25,GA,debit_card,Direct Online Store,5
ORD-2025-13057,PROD_ELEC_002,2025-09-14 19:14:00,329.76,9.71,NY,credit_card,Affiliate Channel,5
ORD-2025-13058,PROD_APP_004,2025-09-14 12:22:00,119.75,7.0,NC,digital_wallet,Affiliate Channel,5
ORD-2025-13059,PROD_BEAU_003,2025-09-14 17:24:00,31.64,12.81,NC,gift_card,Direct Online Store,5
ORD-2025-13060,PROD_APP_003,2025-09-14 21:56:00,46.97,12.67,GA,digital_wallet,Direct Online Store,5
ORD-2025-13061,PROD_SPRT_002,2025-09-14 17:13:00,279.9,9.36,TX,digital_wallet,Amazon Marketplace,4
ORD-2025-13062,PROD_SPRT_003,2025-09-14 11:49:00,24.97,7.16,WA,credit_card,Affiliate Channel,5
ORD-2025-13063,PROD_HOME_004,2025-09-14 15:23:00,42.91,9.83,TX,gift_card,Affiliate Channel,5
ORD-2025-13064,PROD_ELEC_002,2025-09-16 14:30:00,298.15,9.27,NY,gift_card,Mobile App,5
ORD-2025-13065,PROD_SPRT_002,2025-09-16 22:17:00,261.05,9.87,TX,debit_card,Amazon Marketplace,5
ORD-2025-13066,PROD_SPRT_004,2025-09-16 10:47:00,83.55,10.99,NC,credit_card,Mobile App,5
ORD-2025-13067,PROD_SPRT_004,2025-09-16 12:45:00,74.93,13.8,CA,credit_card,Direct Online Store,5
ORD-2025-13068,PROD_SPRT_004,2025-09-16 13:17:00,77.03,9.55,GA,debit_card,Affiliate Channel,3
ORD-2025-13069,PROD_ELEC_002,2025-09-16 17:26:00,308.8,11.16,GA,credit_card,Mobile App,5
ORD-2025-13070,PROD_HOME_004,2025-09-16 15:14:00,46.63,9.79,NC,credit_card,Direct Online Store,4
ORD-2025-13071,PROD_APP_004,2025-09-16 14:34:00,108.71,14.09,NY,credit_card,Direct Online Store,5
ORD-2025-13072,PROD_ELEC_004,2025-09-16 14:39:00,36.02,13.84,IL,debit_card,Direct Online Store,5
ORD-2025-13073,PROD_APP_001,2025-09-16 20:32:00,57.42,10.03,GA,gift_card,Direct Online Store,4
ORD-2025-13074,PROD_BEAU_001,2025-09-16 13:32:00,26.53,6.01,GA,debit_card,Amazon Marketplace,5
ORD-2025-13075,PROD_HOME_001,2025-09-16 21:21:00,97.62,7.64,GA,gift_card,Affiliate Channel,2
ORD-2025-13076,PROD_ELEC_004,2025-09-16 19:10:00,36.91,13.09,NY,debit_card,Direct Online Store,5
ORD-2025-13077,PROD_BEAU_003,2025-09-16 16:23:00,30.62,13.48,TX,digital_wallet,Direct Online Store,4
ORD-2025-13078,PROD_HOME_004,2025-09-16 19:22:00,44.69,6.0,WA,digital_wallet,Amazon Marketplace,5
ORD-2025-13079,PROD_APP_003,2025-09-16 22:26:00,46.25,7.15,FL,credit_card,Mobile App,5
ORD-2025-13080,PROD_HOME_004,2025-09-16 14:48:00,49.77,13.22,IL,digital_wallet,Direct Online Store,5
ORD-2025-13081,PROD_HOME_001,2025-09-16 08:50:00,98.81,12.34,GA,digital_wallet,Affiliate Channel,5
ORD-2025-13082,PROD_APP_003,2025-09-16 14:19:00,44.05,5.51,CA,gift_card,Affiliate Channel,5
ORD-2025-13083,PROD_BEAU_001,2025-09-16 16:42:00,29.02,12.33,WA,digital_wallet,Amazon Marketplace,5
ORD-2025-13084,PROD_APP_002,2025-09-16 15:36:00,42.66,10.89,TX,digital_wallet,Direct Online Store,4
ORD-2025-13085,PROD_SPRT_004,2025-09-16 18:52:00,86.48,9.11,WA,digital_wallet,Affiliate Channel,4
ORD-2025-13086,PROD_HOME_003,2025-09-16 19:42:00,108.26,13.36,FL,gift_card,Direct Online Store,3
ORD-2025-13087,PROD_HOME_002,2025-09-16 13:41:00,167.69,11.96,CA,gift_card,Affiliate Channel,5
ORD-2025-13088,PROD_SPRT_002,2025-09-16 18:06:00,239.97,5.02,GA,digital_wallet,Amazon Marketplace,4
ORD-2025-13089,PROD_APP_004,2025-09-16 20:03:00,97.8,8.5,CA,digital_wallet,Direct Online Store,5
ORD-2025-13090,PROD_ELEC_004,2025-09-16 13:09:00,36.82,9.94,GA,credit_card,Affiliate Channel,5
ORD-2025-13091,PROD_ELEC_005,2025-09-16 19:29:00,44.23,12.07,NY,gift_card,Affiliate Channel,5
ORD-2025-13092,PROD_HOME_002,2025-09-16 10:44:00,156.8,12.61,GA,debit_card,Direct Online Store,4
ORD-2025-13093,PROD_APP_002,2025-09-16 19:26:00,39.33,9.87,GA,gift_card,Amazon Marketplace,2
ORD-2025-13094,PROD_APP_001,2025-09-16 13:19:00,63.85,6.44,FL,credit_card,Affiliate Channel,4
ORD-2025-13095,PROD_APP_003,2025-09-16 14:17:00,51.49,8.09,GA,debit_card,Mobile App,5
ORD-2025-13096,PROD_HOME_004,2025-09-18 18:02:00,40.1,10.12,FL,gift_card,Direct Online Store,5
ORD-2025-13097,PROD_ELEC_004,2025-09-18 18:52:00,33.63,8.51,TX,gift_card,Direct Online Store,5
ORD-2025-13098,PROD_ELEC_001,2025-09-18 09:55:00,165.16,9.71,TX,debit_card,Direct Online Store,4
ORD-2025-13099,PROD_BEAU_001,2025-09-18 12:41:00,27.38,14.7,CA,digital_wallet,Amazon Marketplace,4
ORD-2025-13100,PROD_APP_001,2025-09-18 19:55:00,61.21,11.52,NC,digital_wallet,Amazon Marketplace,5
ORD-2025-13101,PROD_APP_001,2025-09-18 09:29:00,62.98,9.34,CA,digital_wallet,Direct Online Store,5
ORD-2025-13102,PROD_SPRT_001,2025-09-18 09:14:00,37.33,7.24,NC,gift_card,Affiliate Channel,5
ORD-2025-13103,PROD_HOME_002,2025-09-18 09:01:00,184.92,6.1,GA,credit_card,Mobile App,4
ORD-2025-13104,PROD_BEAU_003,2025-09-18 13:02:00,28.24,6.56,NC,gift_card,Mobile App,5
ORD-2025-13105,PROD_ELEC_005,2025-09-18 17:53:00,46.55,11.74,NC,debit_card,Mobile App,5
ORD-2025-13106,PROD_SPRT_004,2025-09-18 08:02:00,82.81,8.14,NC,debit_card,Mobile App,4
ORD-2025-13107,PROD_ELEC_003,2025-09-18 17:55:00,135.51,12.61,GA,digital_wallet,Direct Online Store,3
ORD-2025-13108,PROD_APP_002,2025-09-18 11:04:00,40.3,10.88,TX,gift_card,Amazon Marketplace,5
ORD-2025-13109,PROD_APP_004,2025-09-18 18:04:00,111.97,11.46,GA,gift_card,Amazon Marketplace,5
ORD-2025-13110,PROD_APP_004,2025-09-18 14:04:00,117.85,7.77,WA,debit_card,Affiliate Channel,4
ORD-2025-13111,PROD_APP_003,2025-09-18 20:16:00,53.44,13.47,GA,credit_card,Direct Online Store,1
ORD-2025-13112,PROD_ELEC_001,2025-09-18 17:46:00,178.87,6.08,GA,credit_card,Mobile App,5
ORD-2025-13113,PROD_SPRT_002,2025-09-18 15:49:00,225.82,7.51,IL,credit_card,Amazon Marketplace,3
ORD-2025-13114,PROD_SPRT_001,2025-09-18 08:46:00,33.96,11.01,CA,credit_card,Mobile App,5
ORD-2025-13115,PROD_SPRT_003,2025-09-18 22:32:00,24.93,13.53,CA,credit_card,Mobile App,5
ORD-2025-13116,PROD_APP_002,2025-09-18 08:35:00,37.44,8.4,NY,credit_card,Mobile App,5
ORD-2025-13117,PROD_APP_003,2025-09-18 18:27:00,47.93,12.21,CA,debit_card,Direct Online Store,4
ORD-2025-13118,PROD_ELEC_003,2025-09-18 14:01:00,128.94,10.68,TX,credit_card,Amazon Marketplace,3
ORD-2025-13119,PROD_HOME_001,2025-09-18 20:16:00,80.74,13.29,TX,credit_card,Amazon Marketplace,4
ORD-2025-13120,PROD_SPRT_003,2025-09-20 08:29:00,24.04,12.77,IL,digital_wallet,Mobile App,5
ORD-2025-13121,PROD_APP_001,2025-09-20 11:14:00,57.92,6.49,NY,digital_wallet,Affiliate Channel,5
ORD-2025-13122,PROD_HOME_003,2025-09-20 14:25:00,106.55,6.2,WA,gift_card,Direct Online Store,5
ORD-2025-13123,PROD_HOME_001,2025-09-20 12:15:00,87.52,13.49,NC,digital_wallet,Direct Online Store,5
ORD-2025-13124,PROD_HOME_003,2025-09-20 19:59:00,119.96,13.76,WA,debit_card,Amazon Marketplace,4
ORD-2025-13125,PROD_APP_003,2025-09-20 22:46:00,44.03,14.93,GA,gift_card,Mobile App,5
ORD-2025-13126,PROD_APP_001,2025-09-20 17:23:00,57.5,11.7,WA,gift_card,Mobile App,5
ORD-2025-13127,PROD_HOME_004,2025-09-20 21:32:00,42.53,11.88,FL,debit_card,Mobile App,3
ORD-2025-13128,PROD_ELEC_002,2025-09-20 22:17:00,324.16,11.33,TX,gift_card,Mobile App,5
ORD-2025-13129,PROD_SPRT_001,2025-09-20 14:23:00,38.61,9.33,NC,debit_card,Amazon Marketplace,5
ORD-2025-13130,PROD_SPRT_004,2025-09-20 19:10:00,87.43,9.58,TX,debit_card,Affiliate Channel,5
ORD-2025-13131,PROD_ELEC_003,2025-09-20 12:07:00,135.89,7.31,FL,digital_wallet,Mobile App,4
ORD-2025-13132,PROD_BEAU_003,2025-09-20 08:10:00,29.24,12.79,TX,credit_card,Direct Online Store,3
ORD-2025-13133,PROD_BEAU_003,2025-09-20 17:18:00,28.18,9.2,WA,credit_card,Amazon Marketplace,4
ORD-2025-13134,PROD_SPRT_003,2025-09-20 18:13:00,22.72,12.77,IL,credit_card,Mobile App,4
ORD-2025-13135,PROD_SPRT_004,2025-09-20 11:47:00,76.62,6.86,NY,gift_card,Affiliate Channel,2
ORD-2025-13136,PROD_SPRT_003,2025-09-20 15:47:00,20.55,9.22,IL,gift_card,Affiliate Channel,4
ORD-2025-13137,PROD_ELEC_005,2025-09-20 18:55:00,42.87,5.98,CA,digital_wallet,Direct Online Store,5
ORD-2025-13138,PROD_SPRT_001,2025-09-20 10:25:00,34.06,13.46,CA,credit_card,Affiliate Channel,5
ORD-2025-13139,PROD_BEAU_003,2025-09-20 11:55:00,29.72,11.44,IL,debit_card,Amazon Marketplace,5
ORD-2025-13140,PROD_SPRT_003,2025-09-20 10:23:00,21.91,6.34,GA,gift_card,Affiliate Channel,4
ORD-2025-13141,PROD_BEAU_002,2025-09-20 08:10:00,55.65,11.74,NY,digital_wallet,Amazon Marketplace,5
ORD-2025-13142,PROD_HOME_001,2025-09-20 19:24:00,91.35,5.35,FL,debit_card,Affiliate Channel,4
ORD-2025-13143,PROD_SPRT_002,2025-09-20 10:51:00,233.39,13.73,CA,digital_wallet,Affiliate Channel,5
ORD-2025-13144,PROD_SPRT_003,2025-09-20 20:38:00,23.76,11.63,IL,gift_card,Affiliate Channel,5
ORD-2025-13145,PROD_HOME_004,2025-09-20 18:37:00,40.47,13.29,TX,digital_wallet,Amazon Marketplace,5
ORD-2025-13146,PROD_ELEC_002,2025-09-22 14:05:00,281.86,8.17,NC,gift_card,Mobile App,5
ORD-2025-13147,PROD_BEAU_002,2025-09-22 16:48:00,53.69,12.93,NC,debit_card,Affiliate Channel,4
ORD-2025-13148,PROD_ELEC_003,2025-09-22 19:18:00,123.9,8.26,WA,debit_card,Direct Online Store,5
ORD-2025-13149,PROD_SPRT_002,2025-09-22 18:21:00,255.45,7.3,CA,credit_card,Mobile App,5
ORD-2025-13150,PROD_BEAU_003,2025-09-22 11:32:00,32.03,9.01,NC,digital_wallet,Mobile App,4
ORD-2025-13151,PROD_SPRT_003,2025-09-22 17:05:00,20.6,11.79,GA,debit_card,Amazon Marketplace,5
ORD-2025-13152,PROD_SPRT_002,2025-09-22 09:47:00,273.08,12.89,IL,debit_card,Affiliate Channel,4
ORD-2025-13153,PROD_SPRT_004,2025-09-22 15:20:00,86.71,5.86,WA,credit_card,Mobile App,3
ORD-2025-13154,PROD_ELEC_002,2025-09-22 19:50:00,322.16,5.98,CA,credit_card,Direct Online Store,4
ORD-2025-13155,PROD_HOME_003,2025-09-22 10:42:00,117.41,6.83,TX,gift_card,Mobile App,3
ORD-2025-13156,PROD_SPRT_003,2025-09-22 10:39:00,22.87,12.04,IL,debit_card,Direct Online Store,2
ORD-2025-13157,PROD_HOME_003,2025-09-22 19:21:00,126.76,9.65,NY,debit_card,Amazon Marketplace,3
ORD-2025-13158,PROD_APP_004,2025-09-22 14:29:00,97.36,8.28,WA,gift_card,Affiliate Channel,5
ORD-2025-13159,PROD_APP_002,2025-09-22 14:51:00,38.49,13.21,WA,gift_card,Mobile App,5
ORD-2025-13160,PROD_ELEC_003,2025-09-22 17:05:00,128.73,10.9,IL,credit_card,Affiliate Channel,3
ORD-2025-13161,PROD_ELEC_003,2025-09-22 16:01:00,129.42,6.82,NC,credit_card,Direct Online Store,5
ORD-2025-13162,PROD_APP_004,2025-09-22 14:38:00,110.56,12.08,GA,digital_wallet,Affiliate Channel,5
ORD-2025-13163,PROD_ELEC_003,2025-09-22 20:14:00,127.47,6.7,WA,gift_card,Affiliate Channel,5
ORD-2025-13164,PROD_APP_003,2025-09-22 13:48:00,46.9,7.18,FL,gift_card,Mobile App,4
ORD-2025-13165,PROD_HOME_003,2025-09-22 14:31:00,118.41,12.36,FL,digital_wallet,Direct Online Store,5
ORD-2025-13166,PROD_SPRT_002,2025-09-22 10:33:00,238.21,11.61,FL,digital_wallet,Affiliate Channel,3
ORD-2025-13167,PROD_APP_004,2025-09-22 09:11:00,110.03,11.78,NC,credit_card,Mobile App,4
ORD-2025-13168,PROD_SPRT_004,2025-09-22 09:49:00,82.7,14.32,NC,debit_card,Affiliate Channel,5
ORD-2025-13169,PROD_HOME_001,2025-09-22 17:20:00,88.39,12.62,NY,digital_wallet,Affiliate Channel,3
ORD-2025-13170,PROD_HOME_004,2025-09-22 11:24:00,49.82,11.52,TX,credit_card,Direct Online Store,5
ORD-2025-13171,PROD_ELEC_003,2025-09-22 21:47:00,148.3,10.1,CA,digital_wallet,Direct Online Store,5
ORD-2025-13172,PROD_HOME_003,2025-09-22 22:44:00,106.8,6.95,GA,debit_card,Affiliate Channel,5
ORD-2025-13173,PROD_APP_001,2025-09-22 20:38:00,61.19,6.63,WA,gift_card,Affiliate Channel,5
ORD-2025-13174,PROD_ELEC_002,2025-09-22 19:49:00,329.12,10.93,CA,gift_card,Direct Online Store,1
ORD-2025-13175,PROD_SPRT_003,2025-09-22 22:06:00,23.07,12.66,WA,digital_wallet,Amazon Marketplace,1
ORD-2025-13176,PROD_BEAU_003,2025-09-22 11:49:00,30.39,10.74,NY,debit_card,Amazon Marketplace,5
ORD-2025-13177,PROD_SPRT_003,2025-09-22 10:04:00,20.91,9.21,FL,gift_card,Mobile App,5
ORD-2025-13178,PROD_BEAU_003,2025-09-22 09:33:00,30.14,12.42,IL,debit_card,Mobile App,5
ORD-2025-13179,PROD_SPRT_003,2025-09-22 14:42:00,22.92,5.85,WA,digital_wallet,Amazon Marketplace,5
ORD-2025-13180,PROD_HOME_003,2025-09-22 16:31:00,126.62,10.47,CA,gift_card,Amazon Marketplace,5
ORD-2025-13181,PROD_ELEC_005,2025-09-24 22:14:00,41.29,6.77,FL,digital_wallet,Amazon Marketplace,5
ORD-2025-13182,PROD_BEAU_002,2025-09-24 22:12:00,54.02,8.75,WA,gift_card,Mobile App,5
ORD-2025-13183,PROD_APP_001,2025-09-24 15:17:00,60.69,13.5,NC,digital_wallet,Mobile App,5
ORD-2025-13184,PROD_BEAU_002,2025-09-24 20:00:00,49.23,7.45,NY,digital_wallet,Direct Online Store,5
ORD-2025-13185,PROD_ELEC_002,2025-09-24 12:52:00,316.38,9.03,WA,credit_card,Mobile App,5
ORD-2025-13186,PROD_ELEC_001,2025-09-24 22:41:00,199.57,5.02,NC,gift_card,Affiliate Channel,4
ORD-2025-13187,PROD_APP_004,2025-09-24 15:34:00,109.55,10.88,NC,gift_card,Amazon Marketplace,3
ORD-2025-13188,PROD_HOME_001,2025-09-24 11:19:00,93.38,14.36,GA,gift_card,Mobile App,4
ORD-2025-13189,PROD_BEAU_001,2025-09-24 22:55:00,28.8,9.8,TX,debit_card,Affiliate Channel,3
ORD-2025-13190,PROD_APP_001,2025-09-24 08:11:00,61.37,5.74,FL,gift_card,Mobile App,5
ORD-2025-13191,PROD_BEAU_003,2025-09-24 10:07:00,28.08,5.5,IL,credit_card,Mobile App,3
ORD-2025-13192,PROD_ELEC_001,2025-09-24 17:30:00,194.77,9.17,NC,debit_card,Direct Online Store,5
ORD-2025-13193,PROD_SPRT_003,2025-09-24 14:01:00,23.81,14.7,WA,credit_card,Direct Online Store,5
ORD-2025-13194,PROD_HOME_001,2025-09-24 13:13:00,85.58,8.89,GA,digital_wallet,Affiliate Channel,4
ORD-2025-13195,PROD_SPRT_001,2025-09-24 18:55:00,34.53,8.46,WA,gift_card,Direct Online Store,5
ORD-2025-13196,PROD_SPRT_004,2025-09-24 20:46:00,72.73,7.64,NC,credit_card,Affiliate Channel,5
ORD-2025-13197,PROD_SPRT_003,2025-09-24 15:30:00,23.3,7.51,IL,debit_card,Affiliate Channel,4
ORD-2025-13198,PROD_ELEC_003,2025-09-24 15:23:00,134.76,10.15,NC,credit_card,Direct Online Store,2
ORD-2025-13199,PROD_SPRT_003,2025-09-24 17:55:00,22.65,8.73,FL,debit_card,Amazon Marketplace,4
ORD-2025-13200,PROD_ELEC_001,2025-09-26 12:22:00,187.04,5.12,NY,gift_card,Amazon Marketplace,5
ORD-2025-13201,PROD_SPRT_002,2025-09-26 09:36:00,278.17,12.29,FL,digital_wallet,Mobile App,2
ORD-2025-13202,PROD_HOME_001,2025-09-26 15:06:00,82.8,12.39,TX,debit_card,Amazon Marketplace,5
ORD-2025-13203,PROD_ELEC_002,2025-09-26 11:23:00,296.58,8.36,FL,digital_wallet,Affiliate Channel,5
ORD-2025-13204,PROD_SPRT_003,2025-09-26 20:10:00,24.89,8.96,TX,credit_card,Affiliate Channel,3
ORD-2025-13205,PROD_SPRT_001,2025-09-26 18:30:00,36.08,11.29,TX,gift_card,Amazon Marketplace,5
ORD-2025-13206,PROD_BEAU_001,2025-09-26 11:37:00,26.46,9.69,FL,gift_card,Affiliate Channel,5
ORD-2025-13207,PROD_SPRT_003,2025-09-26 20:20:00,22.14,9.99,WA,credit_card,Direct Online Store,4
ORD-2025-13208,PROD_HOME_001,2025-09-26 19:08:00,92.71,5.46,NC,debit_card,Direct Online Store,4
ORD-2025-13209,PROD_ELEC_001,2025-09-26 19:09:00,175.51,12.11,NC,digital_wallet,Amazon Marketplace,5
ORD-2025-13210,PROD_APP_001,2025-09-26 17:19:00,64.59,5.16,NY,digital_wallet,Affiliate Channel,5
ORD-2025-13211,PROD_ELEC_003,2025-09-26 21:49:00,140.41,10.84,GA,debit_card,Mobile App,4
ORD-2025-13212,PROD_HOME_002,2025-09-26 21:54:00,162.76,10.9,GA,credit_card,Mobile App,5
ORD-2025-13213,PROD_HOME_002,2025-09-26 20:00:00,160.93,11.91,WA,debit_card,Affiliate Channel,5
ORD-2025-13214,PROD_BEAU_003,2025-09-26 13:02:00,31.34,13.7,GA,credit_card,Mobile App,5
ORD-2025-13215,PROD_APP_002,2025-09-26 10:04:00,41.31,9.15,TX,credit_card,Mobile App,5
ORD-2025-13216,PROD_SPRT_002,2025-09-28 15:55:00,278.42,14.31,WA,debit_card,Affiliate Channel,5
ORD-2025-13217,PROD_SPRT_002,2025-09-28 19:36:00,273.74,14.79,TX,digital_wallet,Direct Online Store,5
ORD-2025-13218,PROD_ELEC_004,2025-09-28 19:12:00,39.97,13.86,CA,digital_wallet,Amazon Marketplace,5
ORD-2025-13219,PROD_SPRT_002,2025-09-28 21:27:00,228.4,7.04,NY,gift_card,Affiliate Channel,5
ORD-2025-13220,PROD_SPRT_002,2025-09-28 22:25:00,261.18,9.14,GA,gift_card,Mobile App,1
ORD-2025-13221,PROD_HOME_003,2025-09-28 22:48:00,118.32,7.44,WA,digital_wallet,Direct Online Store,4
ORD-2025-13222,PROD_HOME_002,2025-09-28 15:30:00,161.22,11.69,TX,digital_wallet,Direct Online Store,5
ORD-2025-13223,PROD_APP_001,2025-09-28 18:39:00,58.44,12.49,NY,credit_card,Mobile App,4
ORD-2025-13224,PROD_SPRT_001,2025-09-28 12:48:00,38.3,9.84,WA,gift_card,Amazon Marketplace,5
ORD-2025-13225,PROD_ELEC_001,2025-09-28 12:05:00,162.34,5.16,WA,credit_card,Affiliate Channel,4
ORD-2025-13226,PROD_HOME_001,2025-09-28 16:42:00,97.65,8.79,NY,gift_card,Direct Online Store,5
ORD-2025-13227,PROD_HOME_003,2025-09-28 18:18:00,104.79,5.89,CA,digital_wallet,Affiliate Channel,4
ORD-2025-13228,PROD_HOME_003,2025-09-28 13:35:00,128.91,13.29,IL,credit_card,Amazon Marketplace,5
ORD-2025-13229,PROD_BEAU_003,2025-09-28 18:02:00,28.87,10.71,NC,digital_wallet,Mobile App,4
ORD-2025-13230,PROD_HOME_002,2025-09-28 22:41:00,176.76,11.96,CA,debit_card,Affiliate Channel,5
ORD-2025-13231,PROD_APP_002,2025-09-28 12:23:00,40.61,13.71,WA,credit_card,Affiliate Channel,5
ORD-2025-13232,PROD_APP_003,2025-09-28 12:55:00,54.28,12.63,TX,digital_wallet,Mobile App,4
ORD-2025-13233,PROD_SPRT_004,2025-09-28 11:42:00,77.21,9.01,CA,credit_card,Direct Online Store,5
ORD-2025-13234,PROD_APP_002,2025-09-28 12:44:00,36.46,10.49,NC,gift_card,Amazon Marketplace,3
ORD-2025-13235,PROD_ELEC_004,2025-09-28 19:28:00,34.49,8.76,CA,gift_card,Amazon Marketplace,5
ORD-2025-13236,PROD_ELEC_001,2025-09-28 14:26:00,179.95,6.16,NY,debit_card,Direct Online Store,5
ORD-2025-13237,PROD_SPRT_002,2025-09-28 16:06:00,246.24,11.79,WA,credit_card,Direct Online Store,5
ORD-2025-13238,PROD_APP_004,2025-09-30 15:14:00,110.75,6.53,NY,debit_card,Mobile App,5
ORD-2025-13239,PROD_ELEC_004,2025-09-30 14:11:00,36.77,10.01,TX,digital_wallet,Affiliate Channel,4
ORD-2025-13240,PROD_SPRT_003,2025-09-30 16:03:00,22.55,8.64,GA,credit_card,Affiliate Channel,3
ORD-2025-13241,PROD_APP_003,2025-09-30 22:27:00,51.29,9.96,CA,digital_wallet,Amazon Marketplace,5
ORD-2025-13242,PROD_ELEC_003,2025-09-30 09:57:00,122.74,7.52,NC,digital_wallet,Direct Online Store,3
ORD-2025-13243,PROD_APP_004,2025-09-30 12:22:00,111.11,9.3,TX,gift_card,Mobile App,4
ORD-2025-13244,PROD_HOME_003,2025-09-30 20:56:00,112.83,13.39,NY,debit_card,Affiliate Channel,5
ORD-2025-13245,PROD_APP_004,2025-09-30 08:38:00,108.35,9.29,FL,debit_card,Affiliate Channel,5
ORD-2025-13246,PROD_HOME_004,2025-09-30 10:52:00,42.63,8.12,GA,gift_card,Direct Online Store,4
ORD-2025-13247,PROD_BEAU_003,2025-09-30 12:54:00,30.26,8.11,IL,credit_card,Amazon Marketplace,5
ORD-2025-13248,PROD_ELEC_004,2025-09-30 13:21:00,38.46,6.55,NC,credit_card,Amazon Marketplace,5
ORD-2025-13249,PROD_BEAU_001,2025-09-30 12:07:00,25.0,7.08,WA,digital_wallet,Direct Online Store,3
ORD-2025-13250,PROD_SPRT_003,2025-09-30 18:23:00,23.62,6.33,TX,gift_card,Mobile App,5
ORD-2025-13251,PROD_HOME_004,2025-09-30 22:17:00,44.96,5.62,TX,credit_card,Affiliate Channel,5
ORD-2025-13252,PROD_ELEC_003,2025-09-30 19:42:00,144.35,8.07,TX,debit_card,Affiliate Channel,5
ORD-2025-13253,PROD_ELEC_004,2025-09-30 10:28:00,38.0,9.07,FL,debit_card,Amazon Marketplace,3
ORD-2025-13254,PROD_ELEC_005,2025-09-30 12:27:00,40.83,9.3,WA,credit_card,Mobile App,4
ORD-2025-13255,PROD_SPRT_002,2025-09-30 12:37:00,244.14,9.58,TX,digital_wallet,Mobile App,4
ORD-2025-13256,PROD_APP_002,2025-09-30 18:56:00,43.18,9.89,GA,debit_card,Affiliate Channel,5
ORD-2025-13257,PROD_APP_004,2025-09-30 22:43:00,105.51,13.77,WA,debit_card,Affiliate Channel,4
ORD-2025-13258,PROD_BEAU_002,2025-09-30 11:04:00,57.48,6.87,NC,credit_card,Amazon Marketplace,3
ORD-2025-13259,PROD_BEAU_003,2025-09-30 08:58:00,34.89,7.43,FL,debit_card,Amazon Marketplace,5
ORD-2025-13260,PROD_HOME_002,2025-09-30 09:32:00,164.73,13.87,CA,credit_card,Affiliate Channel,5
ORD-2025-13261,PROD_SPRT_002,2025-09-30 16:03:00,271.17,9.23,NY,debit_card,Mobile App,2
ORD-2025-13262,PROD_ELEC_003,2025-09-30 22:15:00,141.71,13.85,GA,credit_card,Mobile App,5
ORD-2025-13263,PROD_ELEC_003,2025-10-02 18:24:00,132.6,5.84,NC,credit_card,Affiliate Channel,3
ORD-2025-13264,PROD_APP_003,2025-10-02 08:09:00,51.11,7.9,NC,debit_card,Amazon Marketplace,5
ORD-2025-13265,PROD_BEAU_003,2025-10-02 22:21:00,30.76,6.45,NY,debit_card,Affiliate Channel,2
ORD-2025-13266,PROD_ELEC_004,2025-10-02 14:08:00,33.78,8.37,NY,credit_card,Mobile App,5
ORD-2025-13267,PROD_HOME_002,2025-10-02 15:59:00,157.91,13.9,CA,gift_card,Amazon Marketplace,4
ORD-2025-13268,PROD_SPRT_001,2025-10-02 18:22:00,35.48,11.12,TX,gift_card,Affiliate Channel,5
ORD-2025-13269,PROD_HOME_003,2025-10-02 09:48:00,116.12,9.19,NC,debit_card,Direct Online Store,5
ORD-2025-13270,PROD_BEAU_002,2025-10-02 16:43:00,54.34,6.96,GA,credit_card,Mobile App,4
ORD-2025-13271,PROD_SPRT_003,2025-10-02 10:01:00,21.9,11.03,CA,digital_wallet,Affiliate Channel,5
ORD-2025-13272,PROD_ELEC_002,2025-10-02 22:18:00,305.72,14.85,GA,digital_wallet,Mobile App,3
ORD-2025-13273,PROD_BEAU_002,2025-10-02 17:10:00,51.4,13.43,NY,debit_card,Amazon Marketplace,5
ORD-2025-13274,PROD_SPRT_002,2025-10-02 17:50:00,261.5,6.74,FL,debit_card,Amazon Marketplace,5
ORD-2025-13275,PROD_APP_001,2025-10-02 12:37:00,65.4,5.37,FL,digital_wallet,Affiliate Channel,4
ORD-2025-13276,PROD_HOME_003,2025-10-02 14:50:00,113.33,10.06,IL,digital_wallet,Mobile App,5
ORD-2025-13277,PROD_ELEC_002,2025-10-02 17:11:00,293.01,13.31,IL,gift_card,Amazon Marketplace,5
ORD-2025-13278,PROD_SPRT_004,2025-10-02 13:40:00,85.63,13.42,WA,credit_card,Mobile App,3
ORD-2025-13279,PROD_HOME_002,2025-10-02 08:55:00,169.48,8.61,GA,gift_card,Direct Online Store,4
ORD-2025-13280,PROD_ELEC_002,2025-10-02 09:40:00,341.9,12.9,NY,debit_card,Mobile App,1
ORD-2025-13281,PROD_SPRT_001,2025-10-02 20:48:00,38.45,7.36,WA,gift_card,Affiliate Channel,5
ORD-2025-13282,PROD_ELEC_004,2025-10-02 22:39:00,37.49,5.31,FL,debit_card,Mobile App,5
ORD-2025-13283,PROD_BEAU_001,2025-10-02 08:43:00,28.95,14.72,FL,credit_card,Affiliate Channel,4
ORD-2025-13284,PROD_ELEC_005,2025-10-02 11:07:00,46.0,14.37,NC,credit_card,Mobile App,5
ORD-2025-13285,PROD_SPRT_002,2025-10-02 15:05:00,269.33,5.08,GA,credit_card,Mobile App,5
ORD-2025-13286,PROD_ELEC_002,2025-10-04 17:23:00,342.28,11.66,CA,credit_card,Direct Online Store,5
ORD-2025-13287,PROD_HOME_002,2025-10-04 18:22:00,173.23,13.09,TX,gift_card,Amazon Marketplace,5
ORD-2025-13288,PROD_HOME_003,2025-10-04 10:16:00,109.2,7.39,NY,debit_card,Direct Online Store,5
ORD-2025-13289,PROD_APP_001,2025-10-04 14:30:00,56.37,12.83,NY,credit_card,Affiliate Channel,5
ORD-2025-13290,PROD_BEAU_001,2025-10-04 11:23:00,28.22,6.68,GA,gift_card,Affiliate Channel,5
ORD-2025-13291,PROD_HOME_001,2025-10-04 13:12:00,92.65,5.85,TX,debit_card,Affiliate Channel,3
ORD-2025-13292,PROD_SPRT_004,2025-10-04 20:43:00,74.74,9.93,WA,debit_card,Affiliate Channel,1
ORD-2025-13293,PROD_HOME_002,2025-10-04 19:58:00,154.12,10.23,NY,gift_card,Amazon Marketplace,5
ORD-2025-13294,PROD_ELEC_004,2025-10-04 12:10:00,32.34,5.94,IL,credit_card,Amazon Marketplace,5
ORD-2025-13295,PROD_SPRT_001,2025-10-04 14:28:00,37.08,8.05,FL,credit_card,Amazon Marketplace,5
ORD-2025-13296,PROD_BEAU_003,2025-10-04 17:57:00,28.8,7.64,CA,gift_card,Affiliate Channel,5
ORD-2025-13297,PROD_HOME_001,2025-10-04 13:30:00,93.64,5.54,CA,debit_card,Mobile App,5
ORD-2025-13298,PROD_ELEC_004,2025-10-04 14:56:00,33.63,14.33,NY,gift_card,Direct Online Store,5
ORD-2025-13299,PROD_APP_002,2025-10-04 10:28:00,44.66,6.04,FL,debit_card,Direct Online Store,4
ORD-2025-13300,PROD_SPRT_001,2025-10-04 08:15:00,34.79,9.55,WA,gift_card,Affiliate Channel,5
ORD-2025-13301,PROD_BEAU_001,2025-10-04 18:49:00,29.81,10.7,WA,digital_wallet,Amazon Marketplace,4
ORD-2025-13302,PROD_ELEC_002,2025-10-04 10:54:00,288.87,10.53,IL,credit_card,Direct Online Store,5
ORD-2025-13303,PROD_APP_004,2025-10-04 18:45:00,101.7,6.73,NY,credit_card,Mobile App,3
ORD-2025-13304,PROD_BEAU_003,2025-10-04 14:09:00,32.95,8.96,IL,debit_card,Amazon Marketplace,5
ORD-2025-13305,PROD_ELEC_002,2025-10-04 10:47:00,287.37,13.82,NY,credit_card,Affiliate Channel,2
ORD-2025-13306,PROD_APP_004,2025-10-04 17:51:00,114.61,13.07,WA,credit_card,Mobile App,4
ORD-2025-13307,PROD_APP_003,2025-10-04 10:04:00,47.41,8.91,GA,digital_wallet,Affiliate Channel,5
ORD-2025-13308,PROD_APP_002,2025-10-04 20:55:00,42.89,14.47,IL,digital_wallet,Direct Online Store,5
ORD-2025-13309,PROD_HOME_001,2025-10-06 22:41:00,86.17,7.13,NY,debit_card,Mobile App,4
ORD-2025-13310,PROD_APP_003,2025-10-06 15:34:00,46.67,5.12,CA,gift_card,Affiliate Channel,5
ORD-2025-13311,PROD_HOME_002,2025-10-06 20:49:00,175.71,6.11,FL,credit_card,Mobile App,5
ORD-2025-13312,PROD_HOME_002,2025-10-06 15:19:00,153.25,11.39,GA,debit_card,Amazon Marketplace,5
ORD-2025-13313,PROD_APP_003,2025-10-06 17:30:00,47.79,11.53,FL,gift_card,Affiliate Channel,5
ORD-2025-13314,PROD_BEAU_001,2025-10-06 13:53:00,27.83,13.36,FL,credit_card,Affiliate Channel,4
ORD-2025-13315,PROD_HOME_002,2025-10-06 11:30:00,152.62,12.95,CA,credit_card,Direct Online Store,5
ORD-2025-13316,PROD_SPRT_004,2025-10-06 18:01:00,79.69,9.48,WA,debit_card,Direct Online Store,5
ORD-2025-13317,PROD_HOME_003,2025-10-06 10:32:00,120.89,14.22,NY,digital_wallet,Affiliate Channel,4
ORD-2025-13318,PROD_HOME_004,2025-10-06 19:56:00,49.49,14.46,TX,digital_wallet,Direct Online Store,5
ORD-2025-13319,PROD_ELEC_004,2025-10-06 20:44:00,37.22,7.69,NC,debit_card,Affiliate Channel,5
ORD-2025-13320,PROD_SPRT_004,2025-10-06 19:41:00,72.4,14.97,CA,gift_card,Amazon Marketplace,5
ORD-2025-13321,PROD_ELEC_004,2025-10-06 22:37:00,34.65,6.18,WA,debit_card,Amazon Marketplace,4
ORD-2025-13322,PROD_APP_001,2025-10-06 14:31:00,56.61,6.85,GA,debit_card,Mobile App,5
ORD-2025-13323,PROD_APP_002,2025-10-06 14:07:00,41.89,12.57,NC,debit_card,Affiliate Channel,4
ORD-2025-13324,PROD_APP_004,2025-10-06 18:45:00,113.29,6.74,GA,debit_card,Amazon Marketplace,5
ORD-2025-13325,PROD_BEAU_003,2025-10-06 22:50:00,31.56,7.54,NY,digital_wallet,Amazon Marketplace,5
ORD-2025-13326,PROD_APP_004,2025-10-06 15:16:00,109.45,7.38,NY,digital_wallet,Affiliate Channel,5
ORD-2025-13327,PROD_SPRT_004,2025-10-06 18:21:00,83.83,14.78,TX,digital_wallet,Amazon Marketplace,2
ORD-2025-13328,PROD_ELEC_001,2025-10-06 21:47:00,177.0,8.59,GA,gift_card,Amazon Marketplace,5
ORD-2025-13329,PROD_APP_001,2025-10-06 10:14:00,63.55,8.48,NY,gift_card,Direct Online Store,5
ORD-2025-13330,PROD_ELEC_005,2025-10-06 22:40:00,46.78,6.02,NY,debit_card,Amazon Marketplace,5
ORD-2025-13331,PROD_ELEC_001,2025-10-06 18:02:00,192.48,14.46,TX,digital_wallet,Affiliate Channel,1
ORD-2025-13332,PROD_APP_004,2025-10-06 19:46:00,100.02,13.13,NY,debit_card,Amazon Marketplace,5
ORD-2025-13333,PROD_ELEC_005,2025-10-06 16:30:00,41.43,14.06,FL,digital_wallet,Affiliate Channel,5
ORD-2025-13334,PROD_HOME_001,2025-10-08 15:00:00,83.37,6.05,WA,gift_card,Amazon Marketplace,5
ORD-2025-13335,PROD_APP_001,2025-10-08 21:47:00,56.69,6.12,TX,debit_card,Affiliate Channel,4
ORD-2025-13336,PROD_SPRT_001,2025-10-08 15:04:00,32.03,10.96,WA,credit_card,Amazon Marketplace,5
ORD-2025-13337,PROD_BEAU_002,2025-10-08 16:35:00,56.37,12.14,FL,credit_card,Amazon Marketplace,5
ORD-2025-13338,PROD_APP_004,2025-10-08 11:34:00,109.49,12.4,NY,credit_card,Amazon Marketplace,4
ORD-2025-13339,PROD_BEAU_002,2025-10-08 10:19:00,56.99,7.67,WA,digital_wallet,Mobile App,5
ORD-2025-13340,PROD_BEAU_003,2025-10-08 11:58:00,34.88,8.21,WA,digital_wallet,Amazon Marketplace,3
ORD-2025-13341,PROD_APP_004,2025-10-08 16:01:00,117.56,6.24,TX,debit_card,Mobile App,5
ORD-2025-13342,PROD_ELEC_005,2025-10-08 17:35:00,44.64,9.92,TX,digital_wallet,Affiliate Channel,4
ORD-2025-13343,PROD_APP_003,2025-10-08 12:06:00,44.08,9.26,WA,debit_card,Amazon Marketplace,4
ORD-2025-13344,PROD_BEAU_002,2025-10-08 22:31:00,55.41,9.16,CA,gift_card,Amazon Marketplace,4
ORD-2025-13345,PROD_APP_003,2025-10-08 19:27:00,48.69,14.87,NY,credit_card,Mobile App,5
ORD-2025-13346,PROD_APP_003,2025-10-08 09:53:00,52.3,7.06,FL,digital_wallet,Direct Online Store,5
ORD-2025-13347,PROD_BEAU_003,2025-10-08 11:31:00,28.18,5.08,FL,credit_card,Affiliate Channel,5
ORD-2025-13348,PROD_SPRT_002,2025-10-08 12:58:00,230.76,13.96,WA,debit_card,Direct Online Store,5
ORD-2025-13349,PROD_ELEC_004,2025-10-08 19:19:00,33.37,9.49,TX,digital_wallet,Affiliate Channel,5
ORD-2025-13350,PROD_BEAU_003,2025-10-08 13:03:00,32.47,12.89,NC,digital_wallet,Amazon Marketplace,5
ORD-2025-13351,PROD_SPRT_004,2025-10-08 20:58:00,77.09,7.19,GA,credit_card,Amazon Marketplace,5
ORD-2025-13352,PROD_BEAU_002,2025-10-08 08:39:00,49.11,12.48,WA,gift_card,Direct Online Store,3
ORD-2025-13353,PROD_HOME_002,2025-10-08 16:06:00,163.33,5.11,NC,digital_wallet,Mobile App,5
ORD-2025-13354,PROD_HOME_002,2025-10-08 19:46:00,173.02,14.97,NY,gift_card,Mobile App,5
ORD-2025-13355,PROD_APP_001,2025-10-08 18:23:00,65.59,5.56,NY,digital_wallet,Mobile App,5
ORD-2025-13356,PROD_APP_004,2025-10-08 19:25:00,101.1,5.49,GA,digital_wallet,Amazon Marketplace,5
ORD-2025-13357,PROD_ELEC_001,2025-10-08 09:19:00,164.62,13.64,CA,digital_wallet,Direct Online Store,5
ORD-2025-13358,PROD_BEAU_003,2025-10-08 20:17:00,34.49,7.55,NC,digital_wallet,Mobile App,5
ORD-2025-13359,PROD_ELEC_001,2025-10-08 08:01:00,199.45,13.89,IL,gift_card,Mobile App,3
ORD-2025-13360,PROD_APP_004,2025-10-08 12:46:00,110.75,12.92,GA,digital_wallet,Amazon Marketplace,5
ORD-2025-13361,PROD_ELEC_001,2025-10-08 10:55:00,164.18,10.81,IL,gift_card,Affiliate Channel,5
ORD-2025-13362,PROD_BEAU_002,2025-10-08 08:44:00,58.99,6.92,GA,digital_wallet,Direct Online Store,5
ORD-2025-13363,PROD_SPRT_001,2025-10-08 21:24:00,34.65,6.07,WA,debit_card,Mobile App,5
ORD-2025-13364,PROD_ELEC_004,2025-10-08 11:06:00,37.35,5.22,WA,credit_card,Affiliate Channel,3
ORD-2025-13365,PROD_ELEC_003,2025-10-08 18:17:00,142.29,11.32,GA,gift_card,Affiliate Channel,3
ORD-2025-13366,PROD_ELEC_004,2025-10-08 20:52:00,34.47,13.93,TX,debit_card,Direct Online Store,5
ORD-2025-13367,PROD_BEAU_003,2025-10-10 09:26:00,32.46,14.63,IL,digital_wallet,Mobile App,5
ORD-2025-13368,PROD_BEAU_001,2025-10-10 17:57:00,25.43,11.44,TX,digital_wallet,Mobile App,5
ORD-2025-13369,PROD_SPRT_002,2025-10-10 21:05:00,251.52,12.73,FL,gift_card,Amazon Marketplace,5
ORD-2025-13370,PROD_APP_004,2025-10-10 19:10:00,97.59,10.96,GA,digital_wallet,Direct Online Store,4
ORD-2025-13371,PROD_APP_004,2025-10-10 22:36:00,112.81,10.3,IL,credit_card,Direct Online Store,5
ORD-2025-13372,PROD_HOME_001,2025-10-10 12:57:00,82.98,13.64,NC,debit_card,Amazon Marketplace,4
ORD-2025-13373,PROD_HOME_001,2025-10-10 16:01:00,83.13,10.03,GA,debit_card,Affiliate Channel,5
ORD-2025-13374,PROD_BEAU_003,2025-10-10 22:13:00,33.21,10.72,GA,credit_card,Mobile App,5
ORD-2025-13375,PROD_ELEC_005,2025-10-10 15:07:00,44.36,13.55,NC,debit_card,Affiliate Channel,5
ORD-2025-13376,PROD_BEAU_001,2025-10-10 14:48:00,27.4,11.94,CA,credit_card,Direct Online Store,4
ORD-2025-13377,PROD_HOME_003,2025-10-10 17:42:00,108.19,6.26,FL,credit_card,Affiliate Channel,5
ORD-2025-13378,PROD_SPRT_003,2025-10-10 20:22:00,20.35,5.15,NC,gift_card,Mobile App,5
ORD-2025-13379,PROD_ELEC_001,2025-10-10 20:13:00,166.16,9.36,NC,gift_card,Direct Online Store,4
ORD-2025-13380,PROD_APP_004,2025-10-10 21:07:00,108.53,9.81,IL,credit_card,Mobile App,4
ORD-2025-13381,PROD_BEAU_002,2025-10-10 19:01:00,59.33,14.69,NY,digital_wallet,Mobile App,2
ORD-2025-13382,PROD_APP_004,2025-10-10 17:44:00,119.13,13.31,WA,gift_card,Mobile App,5
ORD-2025-13383,PROD_HOME_004,2025-10-10 22:17:00,47.83,7.58,IL,digital_wallet,Mobile App,4
ORD-2025-13384,PROD_BEAU_003,2025-10-10 14:13:00,29.16,12.53,FL,digital_wallet,Mobile App,1
ORD-2025-13385,PROD_ELEC_001,2025-10-10 17:57:00,160.68,5.26,WA,debit_card,Direct Online Store,4
ORD-2025-13386,PROD_APP_001,2025-10-10 18:45:00,59.72,6.31,TX,gift_card,Affiliate Channel,5
ORD-2025-13387,PROD_SPRT_001,2025-10-10 16:37:00,36.01,14.47,IL,debit_card,Affiliate Channel,4
ORD-2025-13388,PROD_ELEC_001,2025-10-10 16:01:00,162.99,13.11,TX,gift_card,Affiliate Channel,4
ORD-2025-13389,PROD_HOME_001,2025-10-10 17:52:00,96.54,14.04,IL,debit_card,Mobile App,5
ORD-2025-13390,PROD_BEAU_003,2025-10-10 13:14:00,32.2,6.03,GA,gift_card,Affiliate Channel,4
ORD-2025-13391,PROD_APP_004,2025-10-10 12:36:00,108.21,9.2,NY,credit_card,Affiliate Channel,5
ORD-2025-13392,PROD_BEAU_001,2025-10-10 15:51:00,29.86,13.36,TX,digital_wallet,Amazon Marketplace,5
ORD-2025-13393,PROD_ELEC_004,2025-10-10 15:33:00,39.4,9.27,CA,gift_card,Amazon Marketplace,5
ORD-2025-13394,PROD_ELEC_002,2025-10-12 21:47:00,345.56,7.16,IL,credit_card,Amazon Marketplace,5
ORD-2025-13395,PROD_BEAU_003,2025-10-12 17:55:00,33.75,14.87,TX,digital_wallet,Mobile App,5
ORD-2025-13396,PROD_ELEC_001,2025-10-12 13:58:00,184.82,10.77,NY,credit_card,Amazon Marketplace,5
ORD-2025-13397,PROD_HOME_001,2025-10-12 09:34:00,94.73,7.47,TX,gift_card,Direct Online Store,5
ORD-2025-13398,PROD_HOME_003,2025-10-12 10:01:00,127.5,5.82,FL,debit_card,Direct Online Store,1
ORD-2025-13399,PROD_SPRT_004,2025-10-12 18:37:00,72.28,11.8,IL,debit_card,Amazon Marketplace,5
ORD-2025-13400,PROD_HOME_001,2025-10-12 15:22:00,88.84,7.08,IL,debit_card,Mobile App,5
ORD-2025-13401,PROD_BEAU_003,2025-10-12 18:49:00,33.3,11.28,WA,credit_card,Amazon Marketplace,5
ORD-2025-13402,PROD_APP_001,2025-10-12 20:05:00,63.34,6.37,GA,debit_card,Direct Online Store,5
ORD-2025-13403,PROD_HOME_003,2025-10-12 10:27:00,108.11,8.53,GA,debit_card,Mobile App,3
ORD-2025-13404,PROD_HOME_001,2025-10-12 15:09:00,85.93,7.46,NC,gift_card,Affiliate Channel,5
ORD-2025-13405,PROD_APP_003,2025-10-12 21:17:00,45.32,10.26,NY,debit_card,Affiliate Channel,5
ORD-2025-13406,PROD_SPRT_001,2025-10-12 14:58:00,37.93,12.88,NY,credit_card,Mobile App,5
ORD-2025-13407,PROD_HOME_004,2025-10-12 14:55:00,41.42,6.65,NC,digital_wallet,Amazon Marketplace,3
ORD-2025-13408,PROD_HOME_001,2025-10-12 18:32:00,93.66,7.2,CA,debit_card,Direct Online Store,5
ORD-2025-13409,PROD_APP_004,2025-10-12 09:36:00,98.49,9.6,NY,debit_card,Mobile App,5
ORD-2025-13410,PROD_APP_003,2025-10-12 13:28:00,44.12,6.8,NY,digital_wallet,Affiliate Channel,5
ORD-2025-13411,PROD_HOME_003,2025-10-12 11:57:00,127.94,7.1,NY,credit_card,Direct Online Store,3
ORD-2025-13412,PROD_HOME_002,2025-10-12 11:56:00,175.95,9.43,NY,debit_card,Affiliate Channel,5
ORD-2025-13413,PROD_ELEC_002,2025-10-12 19:29:00,299.88,14.87,IL,debit_card,Direct Online Store,3
ORD-2025-13414,PROD_BEAU_002,2025-10-12 11:00:00,48.57,13.02,TX,credit_card,Affiliate Channel,5
ORD-2025-13415,PROD_APP_002,2025-10-12 18:02:00,39.63,13.11,NY,credit_card,Direct Online Store,4
ORD-2025-13416,PROD_HOME_001,2025-10-12 20:35:00,91.72,5.77,TX,debit_card,Mobile App,5
ORD-2025-13417,PROD_ELEC_001,2025-10-12 12:54:00,191.64,8.81,NC,gift_card,Direct Online Store,5
ORD-2025-13418,PROD_HOME_002,2025-10-12 13:34:00,152.91,7.71,CA,digital_wallet,Affiliate Channel,5
ORD-2025-13419,PROD_SPRT_002,2025-10-12 12:21:00,278.26,12.86,CA,credit_card,Mobile App,4
ORD-2025-13420,PROD_ELEC_003,2025-10-12 22:57:00,132.83,8.28,NC,credit_card,Amazon Marketplace,5
ORD-2025-13421,PROD_SPRT_004,2025-10-12 12:50:00,75.61,12.03,GA,gift_card,Affiliate Channel,5
ORD-2025-13422,PROD_HOME_002,2025-10-12 14:09:00,170.9,13.91,WA,gift_card,Mobile App,5
ORD-2025-13423,PROD_APP_004,2025-10-12 20:03:00,112.56,13.65,NC,digital_wallet,Affiliate Channel,4
ORD-2025-13424,PROD_HOME_002,2025-10-14 10:31:00,156.56,12.39,GA,credit_card,Direct Online Store,5
ORD-2025-13425,PROD_SPRT_002,2025-10-14 16:01:00,274.55,5.56,NY,gift_card,Mobile App,5
ORD-2025-13426,PROD_BEAU_003,2025-10-14 16:24:00,33.8,9.92,WA,credit_card,Mobile App,5
ORD-2025-13427,PROD_HOME_001,2025-10-14 19:08:00,94.01,14.84,IL,debit_card,Affiliate Channel,5
ORD-2025-13428,PROD_ELEC_001,2025-10-14 08:04:00,197.57,8.47,WA,credit_card,Amazon Marketplace,5
ORD-2025-13429,PROD_SPRT_001,2025-10-14 14:32:00,32.16,13.82,IL,gift_card,Direct Online Store,5
ORD-2025-13430,PROD_APP_004,2025-10-14 09:18:00,102.58,11.65,TX,credit_card,Affiliate Channel,1
ORD-2025-13431,PROD_SPRT_002,2025-10-14 16:04:00,243.4,5.44,IL,debit_card,Affiliate Channel,5
ORD-2025-13432,PROD_BEAU_003,2025-10-14 18:50:00,28.47,10.96,GA,gift_card,Affiliate Channel,4
ORD-2025-13433,PROD_ELEC_002,2025-10-14 09:20:00,341.49,9.59,CA,credit_card,Affiliate Channel,5
ORD-2025-13434,PROD_ELEC_003,2025-10-14 09:45:00,123.87,8.48,CA,credit_card,Affiliate Channel,3
ORD-2025-13435,PROD_SPRT_002,2025-10-14 13:29:00,251.6,14.74,NC,credit_card,Affiliate Channel,2
ORD-2025-13436,PROD_BEAU_003,2025-10-14 19:05:00,31.96,9.88,TX,debit_card,Amazon Marketplace,5
ORD-2025-13437,PROD_ELEC_004,2025-10-14 20:09:00,39.9,11.35,NY,digital_wallet,Amazon Marketplace,5
ORD-2025-13438,PROD_APP_001,2025-10-14 11:27:00,61.28,10.35,GA,digital_wallet,Direct Online Store,3
ORD-2025-13439,PROD_SPRT_003,2025-10-14 17:37:00,21.56,5.45,IL,digital_wallet,Affiliate Channel,4
ORD-2025-13440,PROD_HOME_004,2025-10-14 16:01:00,41.52,14.89,NY,debit_card,Amazon Marketplace,5
ORD-2025-13441,PROD_HOME_004,2025-10-14 09:47:00,49.38,7.16,CA,credit_card,Amazon Marketplace,5
ORD-2025-13442,PROD_ELEC_002,2025-10-14 10:45:00,290.5,13.75,CA,gift_card,Amazon Marketplace,5
ORD-2025-13443,PROD_APP_003,2025-10-14 22:56:00,44.79,11.19,NY,digital_wallet,Direct Online Store,5
ORD-2025-13444,PROD_HOME_004,2025-10-14 17:25:00,45.63,9.13,WA,gift_card,Amazon Marketplace,5
ORD-2025-13445,PROD_ELEC_002,2025-10-14 14:32:00,324.81,14.81,GA,debit_card,Amazon Marketplace,4
ORD-2025-13446,PROD_SPRT_004,2025-10-14 08:51:00,84.12,7.76,CA,gift_card,Mobile App,5
ORD-2025-13447,PROD_BEAU_002,2025-10-14 21:57:00,48.81,13.19,GA,credit_card,Amazon Marketplace,4
ORD-2025-13448,PROD_HOME_001,2025-10-14 18:00:00,84.9,14.82,NC,gift_card,Mobile App,5
ORD-2025-13449,PROD_SPRT_001,2025-10-14 21:45:00,32.31,14.62,FL,credit_card,Direct Online Store,5
ORD-2025-13450,PROD_ELEC_002,2025-10-14 19:26:00,293.16,13.37,CA,gift_card,Direct Online Store,5
ORD-2025-13451,PROD_SPRT_003,2025-10-14 17:50:00,21.58,9.7,CA,digital_wallet,Mobile App,5
ORD-2025-13452,PROD_SPRT_004,2025-10-14 19:35:00,78.55,14.47,FL,credit_card,Mobile App,5
ORD-2025-13453,PROD_ELEC_005,2025-10-14 21:29:00,44.69,5.24,NC,digital_wallet,Mobile App,5
ORD-2025-13454,PROD_ELEC_001,2025-10-16 18:50:00,169.27,8.21,CA,credit_card,Mobile App,3
ORD-2025-13455,PROD_HOME_002,2025-10-16 20:00:00,182.02,10.42,IL,debit_card,Affiliate Channel,5
ORD-2025-13456,PROD_HOME_004,2025-10-16 08:28:00,48.34,8.26,TX,digital_wallet,Mobile App,5
ORD-2025-13457,PROD_ELEC_001,2025-10-16 09:20:00,194.39,10.36,WA,credit_card,Direct Online Store,5
ORD-2025-13458,PROD_APP_001,2025-10-16 16:32:00,68.86,13.01,GA,digital_wallet,Direct Online Store,4
ORD-2025-13459,PROD_ELEC_004,2025-10-16 09:56:00,33.07,12.46,IL,credit_card,Direct Online Store,5
ORD-2025-13460,PROD_ELEC_003,2025-10-16 19:59:00,146.94,5.22,CA,gift_card,Mobile App,4
ORD-2025-13461,PROD_ELEC_002,2025-10-16 13:27:00,298.54,8.74,FL,debit_card,Amazon Marketplace,5
ORD-2025-13462,PROD_SPRT_004,2025-10-16 22:58:00,76.05,10.62,IL,gift_card,Amazon Marketplace,5
ORD-2025-13463,PROD_SPRT_004,2025-10-16 13:11:00,79.78,6.51,FL,credit_card,Affiliate Channel,1
ORD-2025-13464,PROD_HOME_003,2025-10-16 09:09:00,119.29,5.45,IL,credit_card,Amazon Marketplace,5
ORD-2025-13465,PROD_SPRT_004,2025-10-16 13:34:00,78.91,6.37,NY,debit_card,Affiliate Channel,5
ORD-2025-13466,PROD_HOME_001,2025-10-16 14:22:00,91.38,7.08,FL,credit_card,Mobile App,3
ORD-2025-13467,PROD_HOME_002,2025-10-16 13:26:00,167.34,12.92,NY,digital_wallet,Direct Online Store,4
ORD-2025-13468,PROD_SPRT_003,2025-10-16 19:14:00,24.45,7.94,NY,gift_card,Affiliate Channel,3
ORD-2025-13469,PROD_APP_003,2025-10-16 11:00:00,47.58,5.46,IL,debit_card,Amazon Marketplace,5
ORD-2025-13470,PROD_APP_003,2025-10-16 09:42:00,49.21,12.59,NC,credit_card,Amazon Marketplace,5
ORD-2025-13471,PROD_SPRT_004,2025-10-16 12:00:00,78.13,9.96,CA,digital_wallet,Amazon Marketplace,4
ORD-2025-13472,PROD_SPRT_002,2025-10-16 12:29:00,227.97,9.29,CA,gift_card,Amazon Marketplace,5
ORD-2025-13473,PROD_APP_001,2025-10-16 14:27:00,63.32,10.06,FL,gift_card,Direct Online Store,5
ORD-2025-13474,PROD_BEAU_003,2025-10-16 16:09:00,34.58,10.55,FL,debit_card,Direct Online Store,5
ORD-2025-13475,PROD_ELEC_003,2025-10-18 12:29:00,120.2,10.42,GA,credit_card,Affiliate Channel,5
ORD-2025-13476,PROD_SPRT_001,2025-10-18 17:32:00,36.82,6.04,NC,debit_card,Affiliate Channel,5
ORD-2025-13477,PROD_APP_001,2025-10-18 16:36:00,60.89,13.79,NC,credit_card,Direct Online Store,5
ORD-2025-13478,PROD_HOME_004,2025-10-18 09:56:00,44.95,14.08,TX,gift_card,Direct Online Store,5
ORD-2025-13479,PROD_APP_001,2025-10-18 13:32:00,62.37,7.66,CA,gift_card,Direct Online Store,4
ORD-2025-13480,PROD_SPRT_004,2025-10-18 17:39:00,78.63,6.01,GA,gift_card,Direct Online Store,5
ORD-2025-13481,PROD_ELEC_002,2025-10-18 19:00:00,312.81,7.64,WA,digital_wallet,Mobile App,3
ORD-2025-13482,PROD_BEAU_002,2025-10-18 12:57:00,59.46,13.2,FL,debit_card,Mobile App,5
ORD-2025-13483,PROD_HOME_002,2025-10-18 19:40:00,155.11,9.58,TX,gift_card,Direct Online Store,5
ORD-2025-13484,PROD_APP_002,2025-10-18 14:45:00,36.03,11.88,NC,gift_card,Mobile App,5
ORD-2025-13485,PROD_SPRT_004,2025-10-18 11:40:00,81.41,11.84,CA,gift_card,Direct Online Store,3
ORD-2025-13486,PROD_APP_002,2025-10-18 20:21:00,43.43,14.76,FL,gift_card,Direct Online Store,5
ORD-2025-13487,PROD_SPRT_001,2025-10-18 09:21:00,39.81,14.93,WA,gift_card,Direct Online Store,5
ORD-2025-13488,PROD_BEAU_002,2025-10-18 09:53:00,59.06,13.19,GA,digital_wallet,Affiliate Channel,1
ORD-2025-13489,PROD_APP_004,2025-10-18 12:15:00,105.54,14.65,FL,credit_card,Affiliate Channel,1
ORD-2025-13490,PROD_BEAU_002,2025-10-20 21:39:00,50.31,8.52,GA,gift_card,Affiliate Channel,5
ORD-2025-13491,PROD_SPRT_001,2025-10-20 16:17:00,39.88,14.1,NC,digital_wallet,Direct Online Store,4
ORD-2025-13492,PROD_HOME_002,2025-10-20 10:07:00,178.81,14.71,GA,digital_wallet,Affiliate Channel,5
ORD-2025-13493,PROD_ELEC_005,2025-10-20 10:16:00,46.55,13.54,WA,gift_card,Affiliate Channel,5
ORD-2025-13494,PROD_SPRT_004,2025-10-20 10:08:00,79.06,14.94,NC,gift_card,Mobile App,5
ORD-2025-13495,PROD_ELEC_001,2025-10-20 11:33:00,160.43,7.6,TX,gift_card,Amazon Marketplace,5
ORD-2025-13496,PROD_SPRT_002,2025-10-20 20:12:00,224.61,11.16,NC,debit_card,Amazon Marketplace,5
ORD-2025-13497,PROD_APP_004,2025-10-20 17:26:00,107.97,9.21,NC,credit_card,Direct Online Store,5
ORD-2025-13498,PROD_HOME_004,2025-10-20 16:58:00,47.3,10.55,IL,debit_card,Affiliate Channel,4
ORD-2025-13499,PROD_ELEC_003,2025-10-20 14:09:00,125.02,10.8,GA,debit_card,Mobile App,5
ORD-2025-13500,PROD_HOME_004,2025-10-20 14:26:00,42.69,6.49,IL,gift_card,Direct Online Store,5
ORD-2025-13501,PROD_BEAU_001,2025-10-20 22:54:00,26.36,5.36,NY,credit_card,Direct Online Store,5
ORD-2025-13502,PROD_BEAU_001,2025-10-20 13:19:00,24.98,10.93,WA,digital_wallet,Amazon Marketplace,5
ORD-2025-13503,PROD_ELEC_004,2025-10-20 14:08:00,35.84,7.69,GA,digital_wallet,Amazon Marketplace,4
ORD-2025-13504,PROD_ELEC_001,2025-10-20 10:21:00,187.4,13.21,GA,debit_card,Direct Online Store,5
ORD-2025-13505,PROD_APP_002,2025-10-20 21:49:00,41.29,8.97,NC,credit_card,Direct Online Store,4
ORD-2025-13506,PROD_ELEC_002,2025-10-20 22:04:00,302.48,9.04,NY,gift_card,Direct Online Store,5
ORD-2025-13507,PROD_APP_004,2025-10-20 08:26:00,116.47,5.34,IL,debit_card,Amazon Marketplace,1
ORD-2025-13508,PROD_BEAU_001,2025-10-20 17:41:00,28.45,8.1,IL,gift_card,Mobile App,5
ORD-2025-13509,PROD_BEAU_001,2025-10-20 13:12:00,24.5,5.61,IL,gift_card,Affiliate Channel,4
ORD-2025-13510,PROD_ELEC_003,2025-10-22 13:44:00,137.65,6.57,WA,debit_card,Affiliate Channel,5
ORD-2025-13511,PROD_SPRT_004,2025-10-22 17:59:00,79.89,14.23,TX,credit_card,Mobile App,4
ORD-2025-13512,PROD_HOME_003,2025-10-22 16:47:00,125.74,12.89,TX,debit_card,Direct Online Store,4
ORD-2025-13513,PROD_ELEC_004,2025-10-22 08:58:00,32.46,12.29,FL,debit_card,Affiliate Channel,5
ORD-2025-13514,PROD_APP_004,2025-10-22 20:45:00,101.4,7.27,TX,digital_wallet,Mobile App,4
ORD-2025-13515,PROD_SPRT_001,2025-10-22 18:46:00,32.64,9.99,IL,credit_card,Mobile App,1
ORD-2025-13516,PROD_BEAU_003,2025-10-22 20:25:00,34.08,11.36,IL,gift_card,Amazon Marketplace,4
ORD-2025-13517,PROD_SPRT_001,2025-10-22 20:00:00,33.8,6.03,NC,gift_card,Direct Online Store,5
ORD-2025-13518,PROD_SPRT_004,2025-10-22 10:39:00,79.93,7.92,TX,debit_card,Direct Online Store,5
ORD-2025-13519,PROD_APP_004,2025-10-22 13:32:00,116.9,6.27,WA,gift_card,Direct Online Store,2
ORD-2025-13520,PROD_APP_001,2025-10-22 18:23:00,61.7,5.02,GA,credit_card,Mobile App,4
ORD-2025-13521,PROD_SPRT_001,2025-10-22 13:57:00,38.16,11.79,NC,digital_wallet,Direct Online Store,4
ORD-2025-13522,PROD_APP_003,2025-10-22 19:55:00,44.88,7.75,GA,credit_card,Direct Online Store,5
ORD-2025-13523,PROD_APP_002,2025-10-22 17:41:00,38.39,10.91,IL,debit_card,Mobile App,2
ORD-2025-13524,PROD_SPRT_002,2025-10-22 13:39:00,243.27,7.69,CA,gift_card,Amazon Marketplace,1
ORD-2025-13525,PROD_ELEC_004,2025-10-22 20:04:00,38.68,11.37,TX,gift_card,Mobile App,4
ORD-2025-13526,PROD_ELEC_004,2025-10-22 12:49:00,35.9,8.19,GA,debit_card,Affiliate Channel,4
ORD-2025-13527,PROD_BEAU_002,2025-10-22 15:01:00,59.29,13.56,WA,credit_card,Affiliate Channel,2
ORD-2025-13528,PROD_HOME_004,2025-10-22 22:16:00,48.14,9.05,FL,debit_card,Affiliate Channel,5
ORD-2025-13529,PROD_ELEC_005,2025-10-22 08:16:00,42.3,11.06,GA,credit_card,Affiliate Channel,5
ORD-2025-13530,PROD_APP_003,2025-10-22 18:21:00,44.82,9.99,TX,debit_card,Affiliate Channel,3
ORD-2025-13531,PROD_APP_002,2025-10-22 12:23:00,37.74,13.11,IL,digital_wallet,Direct Online Store,3
ORD-2025-13532,PROD_SPRT_003,2025-10-22 13:28:00,23.87,10.07,TX,debit_card,Affiliate Channel,4
ORD-2025-13533,PROD_ELEC_001,2025-10-24 13:38:00,167.86,8.52,WA,debit_card,Affiliate Channel,2
ORD-2025-13534,PROD_BEAU_002,2025-10-24 15:06:00,53.47,12.41,WA,digital_wallet,Amazon Marketplace,5
ORD-2025-13535,PROD_APP_002,2025-10-24 20:14:00,39.16,10.74,NY,debit_card,Mobile App,4
ORD-2025-13536,PROD_HOME_002,2025-10-24 14:47:00,156.56,11.16,NY,gift_card,Affiliate Channel,5
ORD-2025-13537,PROD_ELEC_002,2025-10-24 20:02:00,293.81,13.02,TX,gift_card,Affiliate Channel,5
ORD-2025-13538,PROD_SPRT_004,2025-10-24 16:42:00,83.57,13.16,GA,credit_card,Direct Online Store,5
ORD-2025-13539,PROD_ELEC_005,2025-10-24 08:55:00,47.72,13.97,NC,debit_card,Direct Online Store,4
ORD-2025-13540,PROD_ELEC_001,2025-10-24 22:24:00,191.36,9.96,FL,debit_card,Affiliate Channel,4
ORD-2025-13541,PROD_APP_001,2025-10-24 18:53:00,57.03,9.98,NC,debit_card,Amazon Marketplace,5
ORD-2025-13542,PROD_SPRT_001,2025-10-24 09:47:00,36.19,6.94,WA,debit_card,Mobile App,4
ORD-2025-13543,PROD_APP_002,2025-10-24 15:20:00,43.78,11.56,GA,debit_card,Direct Online Store,5
ORD-2025-13544,PROD_HOME_001,2025-10-24 20:07:00,87.82,13.09,NC,digital_wallet,Mobile App,2
ORD-2025-13545,PROD_SPRT_003,2025-10-24 10:40:00,21.19,11.52,IL,debit_card,Mobile App,5
ORD-2025-13546,PROD_SPRT_003,2025-10-24 15:28:00,21.41,6.41,NY,digital_wallet,Affiliate Channel,3
ORD-2025-13547,PROD_APP_003,2025-10-24 18:28:00,50.44,8.31,CA,digital_wallet,Direct Online Store,3
ORD-2025-13548,PROD_ELEC_005,2025-10-24 08:12:00,43.53,6.19,NY,gift_card,Affiliate Channel,5
ORD-2025-13549,PROD_ELEC_001,2025-10-24 21:47:00,176.83,7.74,WA,gift_card,Affiliate Channel,2
ORD-2025-13550,PROD_ELEC_003,2025-10-24 18:24:00,125.81,12.28,CA,credit_card,Mobile App,5
ORD-2025-13551,PROD_APP_004,2025-10-24 08:11:00,96.12,12.69,NC,digital_wallet,Mobile App,5
ORD-2025-13552,PROD_HOME_001,2025-10-24 20:53:00,91.61,11.42,NC,digital_wallet,Affiliate Channel,3
ORD-2025-13553,PROD_ELEC_005,2025-10-24 09:48:00,45.22,14.74,CA,digital_wallet,Direct Online Store,5
ORD-2025-13554,PROD_HOME_002,2025-10-24 10:15:00,159.89,13.02,FL,credit_card,Mobile App,3
ORD-2025-13555,PROD_BEAU_001,2025-10-24 15:40:00,28.88,8.11,CA,gift_card,Direct Online Store,3
ORD-2025-13556,PROD_HOME_002,2025-10-24 21:53:00,158.17,9.63,CA,digital_wallet,Amazon Marketplace,4
ORD-2025-13557,PROD_HOME_001,2025-10-24 19:33:00,88.06,14.51,NY,gift_card,Amazon Marketplace,5
ORD-2025-13558,PROD_ELEC_002,2025-10-24 13:55:00,293.78,8.78,CA,gift_card,Direct Online Store,3
ORD-2025-13559,PROD_ELEC_002,2025-10-24 11:27:00,341.47,11.04,GA,credit_card,Mobile App,5
ORD-2025-13560,PROD_APP_004,2025-10-24 18:54:00,108.95,13.4,GA,gift_card,Affiliate Channel,4
ORD-2025-13561,PROD_ELEC_004,2025-10-24 08:36:00,32.16,9.12,NC,credit_card,Affiliate Channel,5
ORD-2025-13562,PROD_BEAU_001,2025-10-24 21:59:00,24.81,6.5,FL,credit_card,Affiliate Channel,5
ORD-2025-13563,PROD_HOME_001,2025-10-24 16:58:00,90.94,10.63,TX,digital_wallet,Amazon Marketplace,5
ORD-2025-13564,PROD_SPRT_004,2025-10-24 18:27:00,80.43,8.92,TX,gift_card,Mobile App,2
ORD-2025-13565,PROD_APP_001,2025-10-24 08:36:00,66.71,13.73,GA,credit_card,Mobile App,5
ORD-2025-13566,PROD_HOME_002,2025-10-24 11:54:00,176.5,6.16,FL,gift_card,Affiliate Channel,3
ORD-2025-13567,PROD_ELEC_003,2025-10-26 16:04:00,138.54,12.65,IL,credit_card,Amazon Marketplace,3
ORD-2025-13568,PROD_APP_001,2025-10-26 17:41:00,59.46,9.06,NY,debit_card,Affiliate Channel,5
ORD-2025-13569,PROD_HOME_002,2025-10-26 18:51:00,179.41,11.4,FL,credit_card,Mobile App,3
ORD-2025-13570,PROD_BEAU_001,2025-10-26 20:14:00,27.18,10.39,NY,credit_card,Mobile App,5
ORD-2025-13571,PROD_ELEC_003,2025-10-26 08:01:00,138.55,10.8,IL,gift_card,Direct Online Store,5
ORD-2025-13572,PROD_HOME_001,2025-10-26 18:51:00,94.76,12.7,NY,digital_wallet,Direct Online Store,4
ORD-2025-13573,PROD_APP_003,2025-10-26 17:56:00,45.01,9.95,NY,credit_card,Amazon Marketplace,5
ORD-2025-13574,PROD_SPRT_002,2025-10-26 14:43:00,278.81,10.01,CA,gift_card,Direct Online Store,3
ORD-2025-13575,PROD_HOME_001,2025-10-26 14:55:00,98.38,13.96,NC,credit_card,Direct Online Store,5
ORD-2025-13576,PROD_BEAU_002,2025-10-26 08:26:00,49.97,7.78,GA,credit_card,Direct Online Store,5
ORD-2025-13577,PROD_SPRT_001,2025-10-26 18:00:00,37.23,6.54,IL,gift_card,Affiliate Channel,4
ORD-2025-13578,PROD_SPRT_003,2025-10-26 12:00:00,23.38,9.84,CA,debit_card,Direct Online Store,5
ORD-2025-13579,PROD_HOME_003,2025-10-26 09:28:00,109.55,13.65,WA,gift_card,Amazon Marketplace,4
ORD-2025-13580,PROD_HOME_001,2025-10-26 12:41:00,87.32,9.68,NY,digital_wallet,Mobile App,3
ORD-2025-13581,PROD_APP_002,2025-10-26 08:05:00,41.72,10.99,CA,debit_card,Affiliate Channel,5
ORD-2025-13582,PROD_APP_004,2025-10-26 15:58:00,99.95,14.83,GA,gift_card,Direct Online Store,5
ORD-2025-13583,PROD_SPRT_003,2025-10-26 10:15:00,21.6,9.23,WA,digital_wallet,Mobile App,5
ORD-2025-13584,PROD_APP_004,2025-10-28 18:00:00,115.63,7.41,NY,credit_card,Mobile App,4
ORD-2025-13585,PROD_HOME_002,2025-10-28 18:23:00,167.11,12.79,NY,debit_card,Mobile App,1
ORD-2025-13586,PROD_APP_003,2025-10-28 08:32:00,44.71,9.71,FL,gift_card,Amazon Marketplace,5
ORD-2025-13587,PROD_HOME_002,2025-10-28 19:14:00,158.99,6.5,TX,digital_wallet,Amazon Marketplace,5
ORD-2025-13588,PROD_ELEC_005,2025-10-28 19:30:00,47.95,8.49,NC,digital_wallet,Affiliate Channel,5
ORD-2025-13589,PROD_ELEC_001,2025-10-28 08:26:00,164.53,8.74,IL,digital_wallet,Mobile App,4
ORD-2025-13590,PROD_ELEC_002,2025-10-28 17:57:00,328.65,10.19,IL,credit_card,Affiliate Channel,3
ORD-2025-13591,PROD_SPRT_002,2025-10-28 13:33:00,258.76,8.65,GA,debit_card,Amazon Marketplace,3
ORD-2025-13592,PROD_BEAU_002,2025-10-28 18:40:00,54.86,12.53,WA,gift_card,Amazon Marketplace,5
ORD-2025-13593,PROD_SPRT_001,2025-10-28 18:08:00,37.17,6.33,NC,debit_card,Amazon Marketplace,2
ORD-2025-13594,PROD_ELEC_003,2025-10-28 08:04:00,120.18,8.73,NY,digital_wallet,Amazon Marketplace,3
ORD-2025-13595,PROD_BEAU_002,2025-10-28 12:49:00,48.13,7.15,NY,digital_wallet,Affiliate Channel,5
ORD-2025-13596,PROD_HOME_002,2025-10-28 19:43:00,157.65,10.45,NC,debit_card,Affiliate Channel,5
ORD-2025-13597,PROD_BEAU_002,2025-10-28 16:01:00,52.94,9.73,WA,debit_card,Amazon Marketplace,5
ORD-2025-13598,PROD_SPRT_003,2025-10-28 19:09:00,20.01,12.98,FL,gift_card,Mobile App,5
ORD-2025-13599,PROD_HOME_003,2025-10-28 20:24:00,110.25,9.87,IL,digital_wallet,Mobile App,5
ORD-2025-13600,PROD_HOME_002,2025-10-28 08:34:00,184.11,6.69,FL,digital_wallet,Affiliate Channel,3
ORD-2025-13601,PROD_APP_004,2025-10-28 19:24:00,116.83,10.66,NY,debit_card,Direct Online Store,5
ORD-2025-13602,PROD_SPRT_002,2025-10-28 19:27:00,227.2,5.44,FL,digital_wallet,Mobile App,5
ORD-2025-13603,PROD_HOME_004,2025-10-28 10:39:00,44.7,10.19,TX,credit_card,Affiliate Channel,5
ORD-2025-13604,PROD_SPRT_003,2025-10-28 19:11:00,21.34,5.15,GA,digital_wallet,Affiliate Channel,4
ORD-2025-13605,PROD_ELEC_004,2025-10-28 18:00:00,38.03,11.51,WA,gift_card,Mobile App,4
ORD-2025-13606,PROD_BEAU_001,2025-10-28 17:24:00,28.09,5.35,IL,credit_card,Amazon Marketplace,5
ORD-2025-13607,PROD_SPRT_002,2025-10-30 21:00:00,245.58,11.75,NC,credit_card,Direct Online Store,5
ORD-2025-13608,PROD_ELEC_001,2025-10-30 22:13:00,188.7,12.45,NC,credit_card,Amazon Marketplace,4
ORD-2025-13609,PROD_BEAU_001,2025-10-30 16:42:00,26.95,8.34,IL,digital_wallet,Mobile App,5
ORD-2025-13610,PROD_BEAU_003,2025-10-30 14:54:00,34.2,6.98,GA,gift_card,Affiliate Channel,5
ORD-2025-13611,PROD_SPRT_002,2025-10-30 19:37:00,267.47,14.43,NY,credit_card,Mobile App,5
ORD-2025-13612,PROD_HOME_001,2025-10-30 15:36:00,99.06,10.91,GA,digital_wallet,Affiliate Channel,5
ORD-2025-13613,PROD_APP_004,2025-10-30 08:04:00,106.66,10.56,GA,digital_wallet,Affiliate Channel,5
ORD-2025-13614,PROD_ELEC_003,2025-10-30 09:10:00,129.22,7.28,NC,digital_wallet,Affiliate Channel,5
ORD-2025-13615,PROD_ELEC_001,2025-10-30 10:04:00,194.74,7.13,GA,credit_card,Affiliate Channel,4
ORD-2025-13616,PROD_ELEC_001,2025-10-30 15:54:00,171.86,13.69,WA,credit_card,Direct Online Store,5
ORD-2025-13617,PROD_SPRT_004,2025-10-30 21:16:00,89.55,7.19,NY,gift_card,Mobile App,5
ORD-2025-13618,PROD_BEAU_002,2025-10-30 17:06:00,55.24,10.53,CA,digital_wallet,Amazon Marketplace,5
ORD-2025-13619,PROD_ELEC_002,2025-10-30 17:42:00,287.07,5.69,TX,digital_wallet,Direct Online Store,5
ORD-2025-13620,PROD_APP_001,2025-10-30 11:42:00,62.39,5.18,GA,credit_card,Amazon Marketplace,5
ORD-2025-13621,PROD_SPRT_003,2025-10-30 21:38:00,22.19,13.47,IL,credit_card,Direct Online Store,3
ORD-2025-13622,PROD_APP_004,2025-10-30 11:52:00,110.69,13.65,NC,credit_card,Affiliate Channel,5
ORD-2025-13623,PROD_BEAU_003,2025-10-30 08:44:00,30.56,7.82,CA,gift_card,Amazon Marketplace,4
ORD-2025-13624,PROD_HOME_003,2025-10-30 09:25:00,105.02,8.62,TX,gift_card,Amazon Marketplace,5
ORD-2025-13625,PROD_ELEC_003,2025-10-30 14:07:00,124.7,10.76,GA,debit_card,Direct Online Store,3
ORD-2025-13626,PROD_HOME_003,2025-10-30 09:13:00,108.93,14.48,FL,debit_card,Direct Online Store,5
ORD-2025-13627,PROD_APP_002,2025-11-01 22:52:00,37.21,10.86,TX,digital_wallet,Direct Online Store,5
ORD-2025-13628,PROD_ELEC_003,2025-11-01 18:26:00,143.94,10.67,NC,digital_wallet,Amazon Marketplace,5
ORD-2025-13629,PROD_ELEC_002,2025-11-01 16:23:00,323.12,11.61,GA,digital_wallet,Amazon Marketplace,5
ORD-2025-13630,PROD_ELEC_004,2025-11-01 08:01:00,33.0,5.19,IL,credit_card,Affiliate Channel,5
ORD-2025-13631,PROD_HOME_004,2025-11-01 14:33:00,49.55,12.13,FL,credit_card,Mobile App,5
ORD-2025-13632,PROD_ELEC_001,2025-11-01 12:49:00,168.73,7.25,WA,digital_wallet,Mobile App,5
ORD-2025-13633,PROD_HOME_001,2025-11-01 20:41:00,98.82,10.02,CA,debit_card,Amazon Marketplace,5
ORD-2025-13634,PROD_ELEC_004,2025-11-01 16:59:00,37.21,11.0,CA,gift_card,Direct Online Store,3
ORD-2025-13635,PROD_ELEC_004,2025-11-01 13:07:00,33.87,5.32,TX,gift_card,Affiliate Channel,5
ORD-2025-13636,PROD_HOME_003,2025-11-01 14:41:00,122.7,5.94,TX,debit_card,Mobile App,1
ORD-2025-13637,PROD_SPRT_004,2025-11-01 19:55:00,83.77,10.38,GA,debit_card,Direct Online Store,5
ORD-2025-13638,PROD_ELEC_001,2025-11-01 15:05:00,161.2,10.56,CA,debit_card,Affiliate Channel,4
ORD-2025-13639,PROD_HOME_002,2025-11-01 09:16:00,171.45,12.52,IL,debit_card,Affiliate Channel,5
ORD-2025-13640,PROD_SPRT_003,2025-11-01 09:55:00,20.3,8.37,IL,digital_wallet,Mobile App,5
ORD-2025-13641,PROD_SPRT_002,2025-11-01 22:01:00,277.2,11.28,NC,digital_wallet,Mobile App,5
ORD-2025-13642,PROD_HOME_002,2025-11-01 15:44:00,155.13,6.35,TX,digital_wallet,Amazon Marketplace,5
ORD-2025-13643,PROD_ELEC_003,2025-11-01 16:10:00,126.49,5.25,IL,digital_wallet,Direct Online Store,4
ORD-2025-13644,PROD_ELEC_004,2025-11-01 08:09:00,36.55,7.97,FL,gift_card,Direct Online Store,5
ORD-2025-13645,PROD_ELEC_004,2025-11-01 10:23:00,33.72,5.13,TX,digital_wallet,Mobile App,3
ORD-2025-13646,PROD_APP_002,2025-11-01 09:28:00,44.27,7.55,NC,debit_card,Amazon Marketplace,5
ORD-2025-13647,PROD_SPRT_003,2025-11-01 12:43:00,20.36,9.92,CA,credit_card,Affiliate Channel,5
ORD-2025-13648,PROD_BEAU_002,2025-11-01 16:10:00,55.78,10.49,NY,gift_card,Amazon Marketplace,4
ORD-2025-13649,PROD_APP_002,2025-11-01 18:57:00,39.49,9.06,NY,credit_card,Amazon Marketplace,4
ORD-2025-13650,PROD_BEAU_001,2025-11-01 09:08:00,24.14,9.34,CA,gift_card,Mobile App,5
ORD-2025-13651,PROD_BEAU_001,2025-11-01 15:35:00,23.99,8.76,WA,gift_card,Amazon Marketplace,5
ORD-2025-13652,PROD_ELEC_002,2025-11-01 18:04:00,285.47,5.58,IL,debit_card,Amazon Marketplace,5
ORD-2025-13653,PROD_ELEC_001,2025-11-01 14:07:00,176.83,6.71,CA,debit_card,Mobile App,4
ORD-2025-13654,PROD_ELEC_004,2025-11-01 13:43:00,35.76,13.58,WA,debit_card,Direct Online Store,5
ORD-2025-13655,PROD_SPRT_002,2025-11-01 16:48:00,261.1,10.64,NY,credit_card,Mobile App,5
ORD-2025-13656,PROD_SPRT_004,2025-11-03 13:12:00,74.12,13.5,CA,gift_card,Affiliate Channel,5
ORD-2025-13657,PROD_ELEC_001,2025-11-03 11:35:00,178.34,13.12,IL,credit_card,Direct Online Store,4
ORD-2025-13658,PROD_BEAU_003,2025-11-03 19:55:00,32.18,6.42,NY,credit_card,Direct Online Store,5
ORD-2025-13659,PROD_BEAU_003,2025-11-03 13:31:00,30.94,5.35,IL,digital_wallet,Mobile App,2
ORD-2025-13660,PROD_APP_004,2025-11-03 09:56:00,109.52,14.44,IL,debit_card,Affiliate Channel,4
ORD-2025-13661,PROD_BEAU_003,2025-11-03 20:44:00,30.49,7.46,WA,digital_wallet,Affiliate Channel,5
ORD-2025-13662,PROD_SPRT_004,2025-11-03 17:24:00,73.53,11.25,TX,gift_card,Amazon Marketplace,5
ORD-2025-13663,PROD_BEAU_003,2025-11-03 15:48:00,28.25,14.48,CA,debit_card,Direct Online Store,5
ORD-2025-13664,PROD_ELEC_002,2025-11-03 20:06:00,321.61,8.21,IL,credit_card,Amazon Marketplace,5
ORD-2025-13665,PROD_ELEC_001,2025-11-03 11:09:00,184.1,11.52,GA,gift_card,Direct Online Store,4
ORD-2025-13666,PROD_BEAU_001,2025-11-03 09:37:00,27.87,12.21,NY,gift_card,Direct Online Store,5
ORD-2025-13667,PROD_APP_004,2025-11-03 15:16:00,114.28,12.49,FL,gift_card,Amazon Marketplace,5
ORD-2025-13668,PROD_ELEC_003,2025-11-03 11:18:00,147.73,14.95,NY,debit_card,Mobile App,3
ORD-2025-13669,PROD_BEAU_003,2025-11-03 10:26:00,29.36,12.5,NY,credit_card,Direct Online Store,4
ORD-2025-13670,PROD_HOME_001,2025-11-03 15:13:00,81.49,6.71,IL,gift_card,Affiliate Channel,3
ORD-2025-13671,PROD_APP_003,2025-11-03 13:59:00,51.56,7.81,WA,gift_card,Mobile App,5
ORD-2025-13672,PROD_APP_002,2025-11-03 16:20:00,44.11,8.96,TX,gift_card,Affiliate Channel,5
ORD-2025-13673,PROD_ELEC_001,2025-11-03 17:17:00,165.26,10.23,FL,debit_card,Direct Online Store,5
ORD-2025-13674,PROD_SPRT_002,2025-11-03 22:06:00,253.45,12.36,NC,digital_wallet,Affiliate Channel,5
ORD-2025-13675,PROD_SPRT_001,2025-11-03 12:57:00,32.87,12.92,NY,credit_card,Amazon Marketplace,5
ORD-2025-13676,PROD_HOME_004,2025-11-03 10:27:00,48.14,10.27,NY,gift_card,Amazon Marketplace,5
ORD-2025-13677,PROD_ELEC_002,2025-11-05 20:51:00,293.18,9.58,NC,debit_card,Direct Online Store,5
ORD-2025-13678,PROD_APP_002,2025-11-05 22:08:00,40.34,6.9,TX,debit_card,Direct Online Store,5
ORD-2025-13679,PROD_ELEC_001,2025-11-05 16:50:00,199.86,13.98,FL,digital_wallet,Direct Online Store,4
ORD-2025-13680,PROD_HOME_004,2025-11-05 19:30:00,45.87,10.81,FL,gift_card,Direct Online Store,5
ORD-2025-13681,PROD_APP_003,2025-11-05 19:10:00,49.77,6.31,GA,credit_card,Direct Online Store,5
ORD-2025-13682,PROD_APP_002,2025-11-05 16:15:00,43.32,11.88,CA,debit_card,Direct Online Store,5
ORD-2025-13683,PROD_BEAU_003,2025-11-05 16:19:00,34.63,7.39,NY,gift_card,Affiliate Channel,5
ORD-2025-13684,PROD_ELEC_005,2025-11-05 15:10:00,46.89,14.94,NC,digital_wallet,Direct Online Store,5
ORD-2025-13685,PROD_ELEC_001,2025-11-05 09:11:00,196.47,9.81,FL,gift_card,Amazon Marketplace,4
ORD-2025-13686,PROD_SPRT_002,2025-11-05 20:03:00,244.48,7.23,TX,debit_card,Affiliate Channel,4
ORD-2025-13687,PROD_SPRT_001,2025-11-05 17:20:00,36.59,8.48,FL,gift_card,Amazon Marketplace,5
ORD-2025-13688,PROD_APP_001,2025-11-05 16:26:00,67.65,8.01,NY,credit_card,Mobile App,5
ORD-2025-13689,PROD_APP_001,2025-11-05 15:35:00,69.26,11.95,CA,credit_card,Mobile App,5
ORD-2025-13690,PROD_ELEC_002,2025-11-05 21:09:00,330.6,14.84,CA,digital_wallet,Mobile App,5
ORD-2025-13691,PROD_APP_001,2025-11-05 10:18:00,62.13,12.57,GA,digital_wallet,Mobile App,5
ORD-2025-13692,PROD_APP_002,2025-11-05 14:44:00,40.09,14.75,NY,gift_card,Amazon Marketplace,4
ORD-2025-13693,PROD_ELEC_005,2025-11-05 19:26:00,45.4,9.07,FL,digital_wallet,Direct Online Store,4
ORD-2025-13694,PROD_BEAU_001,2025-11-05 13:49:00,24.83,5.49,GA,digital_wallet,Direct Online Store,4
ORD-2025-13695,PROD_SPRT_003,2025-11-05 14:25:00,21.77,14.58,FL,debit_card,Affiliate Channel,4
ORD-2025-13696,PROD_HOME_003,2025-11-05 12:22:00,127.76,13.61,FL,digital_wallet,Affiliate Channel,5
ORD-2025-13697,PROD_BEAU_003,2025-11-05 17:17:00,32.46,6.38,WA,debit_card,Affiliate Channel,5
ORD-2025-13698,PROD_SPRT_001,2025-11-05 16:56:00,38.46,7.92,TX,debit_card,Affiliate Channel,5
ORD-2025-13699,PROD_ELEC_005,2025-11-05 21:54:00,46.75,6.82,NC,gift_card,Direct Online Store,5
ORD-2025-13700,PROD_BEAU_003,2025-11-05 17:35:00,33.78,8.33,NY,gift_card,Direct Online Store,4
ORD-2025-13701,PROD_APP_003,2025-11-05 17:18:00,50.47,12.64,CA,debit_card,Direct Online Store,5
ORD-2025-13702,PROD_BEAU_003,2025-11-05 22:52:00,30.62,9.37,CA,gift_card,Mobile App,5
ORD-2025-13703,PROD_ELEC_004,2025-11-05 17:52:00,36.69,13.53,GA,credit_card,Affiliate Channel,3
ORD-2025-13704,PROD_APP_002,2025-11-07 10:39:00,43.13,5.8,IL,credit_card,Amazon Marketplace,4
ORD-2025-13705,PROD_HOME_003,2025-11-07 09:56:00,125.27,14.02,NC,digital_wallet,Affiliate Channel,5
ORD-2025-13706,PROD_HOME_002,2025-11-07 10:35:00,170.18,7.12,NY,credit_card,Affiliate Channel,4
ORD-2025-13707,PROD_ELEC_001,2025-11-07 13:20:00,184.22,13.71,GA,debit_card,Mobile App,5
ORD-2025-13708,PROD_SPRT_003,2025-11-07 22:24:00,21.1,12.46,NY,gift_card,Direct Online Store,4
ORD-2025-13709,PROD_APP_002,2025-11-07 20:44:00,41.03,9.06,TX,digital_wallet,Mobile App,4
ORD-2025-13710,PROD_HOME_004,2025-11-07 09:18:00,42.97,5.91,FL,debit_card,Affiliate Channel,3
ORD-2025-13711,PROD_BEAU_002,2025-11-07 12:25:00,56.0,12.92,CA,gift_card,Amazon Marketplace,5
ORD-2025-13712,PROD_APP_001,2025-11-07 16:34:00,64.77,7.35,TX,digital_wallet,Affiliate Channel,5
ORD-2025-13713,PROD_HOME_004,2025-11-07 22:46:00,44.52,12.81,NY,gift_card,Mobile App,5
ORD-2025-13714,PROD_ELEC_002,2025-11-07 14:14:00,329.75,5.2,IL,gift_card,Mobile App,5
ORD-2025-13715,PROD_ELEC_005,2025-11-07 22:15:00,46.09,14.08,GA,credit_card,Amazon Marketplace,5
ORD-2025-13716,PROD_SPRT_004,2025-11-07 12:18:00,89.59,11.47,FL,credit_card,Amazon Marketplace,5
ORD-2025-13717,PROD_APP_002,2025-11-07 21:28:00,37.34,8.24,CA,credit_card,Affiliate Channel,5
ORD-2025-13718,PROD_HOME_004,2025-11-07 15:08:00,41.47,12.56,FL,credit_card,Affiliate Channel,4
ORD-2025-13719,PROD_BEAU_001,2025-11-07 15:44:00,24.81,14.75,NY,digital_wallet,Direct Online Store,2
ORD-2025-13720,PROD_ELEC_002,2025-11-07 15:24:00,333.46,9.86,GA,digital_wallet,Amazon Marketplace,4
ORD-2025-13721,PROD_ELEC_005,2025-11-07 15:05:00,43.98,9.79,NC,gift_card,Mobile App,5
ORD-2025-13722,PROD_BEAU_002,2025-11-07 21:38:00,58.57,6.32,IL,digital_wallet,Mobile App,4
ORD-2025-13723,PROD_APP_001,2025-11-07 22:19:00,61.25,11.88,FL,debit_card,Affiliate Channel,3
ORD-2025-13724,PROD_BEAU_002,2025-11-07 18:24:00,56.64,6.21,NC,gift_card,Mobile App,4
ORD-2025-13725,PROD_SPRT_001,2025-11-07 14:38:00,35.94,14.9,CA,gift_card,Affiliate Channel,5
ORD-2025-13726,PROD_ELEC_003,2025-11-07 11:20:00,141.08,10.39,CA,digital_wallet,Direct Online Store,4
ORD-2025-13727,PROD_HOME_001,2025-11-07 15:08:00,94.41,9.58,WA,digital_wallet,Mobile App,5
ORD-2025-13728,PROD_ELEC_005,2025-11-07 13:16:00,45.87,5.61,GA,debit_card,Affiliate Channel,5
ORD-2025-13729,PROD_ELEC_002,2025-11-07 11:39:00,281.38,13.72,NY,digital_wallet,Affiliate Channel,4
ORD-2025-13730,PROD_APP_003,2025-11-07 22:01:00,53.14,10.59,FL,digital_wallet,Affiliate Channel,5
ORD-2025-13731,PROD_SPRT_004,2025-11-07 16:41:00,87.92,14.04,WA,gift_card,Affiliate Channel,5
ORD-2025-13732,PROD_BEAU_003,2025-11-07 18:39:00,34.25,10.76,FL,debit_card,Mobile App,5
ORD-2025-13733,PROD_BEAU_002,2025-11-07 15:44:00,48.83,15.0,IL,gift_card,Amazon Marketplace,5
ORD-2025-13734,PROD_BEAU_003,2025-11-07 14:26:00,34.52,9.03,GA,gift_card,Direct Online Store,5
ORD-2025-13735,PROD_APP_003,2025-11-09 09:15:00,50.68,12.91,CA,debit_card,Amazon Marketplace,4
ORD-2025-13736,PROD_BEAU_001,2025-11-09 14:19:00,25.88,11.15,CA,digital_wallet,Affiliate Channel,5
ORD-2025-13737,PROD_APP_004,2025-11-09 11:25:00,109.13,12.78,IL,digital_wallet,Amazon Marketplace,4
ORD-2025-13738,PROD_SPRT_003,2025-11-09 18:29:00,23.55,6.32,NC,debit_card,Direct Online Store,3
ORD-2025-13739,PROD_ELEC_002,2025-11-09 17:15:00,300.95,13.64,IL,debit_card,Direct Online Store,3
ORD-2025-13740,PROD_SPRT_003,2025-11-09 14:20:00,24.9,7.46,CA,digital_wallet,Mobile App,5
ORD-2025-13741,PROD_BEAU_001,2025-11-09 09:38:00,26.4,5.38,TX,debit_card,Amazon Marketplace,5
ORD-2025-13742,PROD_HOME_002,2025-11-09 22:07:00,178.57,14.5,WA,gift_card,Mobile App,5
ORD-2025-13743,PROD_APP_004,2025-11-09 14:54:00,116.5,9.23,NY,debit_card,Affiliate Channel,5
ORD-2025-13744,PROD_SPRT_003,2025-11-09 11:53:00,24.0,7.42,WA,gift_card,Mobile App,3
ORD-2025-13745,PROD_ELEC_001,2025-11-09 15:25:00,189.28,12.97,NC,credit_card,Affiliate Channel,3
ORD-2025-13746,PROD_APP_001,2025-11-09 20:23:00,58.21,14.14,CA,gift_card,Mobile App,5
ORD-2025-13747,PROD_APP_002,2025-11-09 22:31:00,42.23,11.36,FL,debit_card,Affiliate Channel,5
ORD-2025-13748,PROD_ELEC_005,2025-11-09 19:57:00,43.65,9.28,WA,digital_wallet,Affiliate Channel,4
ORD-2025-13749,PROD_ELEC_005,2025-11-09 20:34:00,41.99,7.2,IL,gift_card,Affiliate Channel,4
ORD-2025-13750,PROD_BEAU_001,2025-11-09 17:52:00,25.94,5.76,TX,credit_card,Mobile App,4
ORD-2025-13751,PROD_HOME_002,2025-11-09 12:52:00,177.08,13.15,TX,digital_wallet,Affiliate Channel,5
ORD-2025-13752,PROD_SPRT_002,2025-11-09 08:31:00,256.31,12.48,NY,debit_card,Mobile App,2
ORD-2025-13753,PROD_BEAU_002,2025-11-09 20:16:00,49.83,7.45,CA,gift_card,Mobile App,4
ORD-2025-13754,PROD_SPRT_001,2025-11-09 22:34:00,37.45,8.74,TX,digital_wallet,Direct Online Store,4
ORD-2025-13755,PROD_HOME_002,2025-11-09 10:03:00,174.12,8.51,NC,credit_card,Affiliate Channel,5
ORD-2025-13756,PROD_SPRT_004,2025-11-09 15:13:00,77.0,12.71,GA,debit_card,Mobile App,5
ORD-2025-13757,PROD_APP_003,2025-11-11 11:48:00,49.1,8.79,IL,digital_wallet,Amazon Marketplace,5
ORD-2025-13758,PROD_HOME_002,2025-11-11 10:49:00,189.35,10.84,FL,credit_card,Mobile App,2
ORD-2025-13759,PROD_ELEC_002,2025-11-11 22:54:00,310.78,7.43,WA,debit_card,Direct Online Store,3
ORD-2025-13760,PROD_APP_003,2025-11-11 11:11:00,48.02,12.64,TX,gift_card,Amazon Marketplace,5
ORD-2025-13761,PROD_HOME_002,2025-11-11 13:59:00,160.77,8.68,NC,debit_card,Mobile App,4
ORD-2025-13762,PROD_HOME_003,2025-11-11 16:44:00,121.02,14.24,FL,debit_card,Amazon Marketplace,4
ORD-2025-13763,PROD_HOME_001,2025-11-11 09:34:00,99.4,11.82,WA,gift_card,Affiliate Channel,5
ORD-2025-13764,PROD_APP_001,2025-11-11 18:54:00,62.58,13.55,WA,gift_card,Amazon Marketplace,4
ORD-2025-13765,PROD_SPRT_001,2025-11-11 18:54:00,36.43,6.99,NY,gift_card,Mobile App,4
ORD-2025-13766,PROD_SPRT_003,2025-11-11 20:50:00,21.59,7.92,CA,gift_card,Mobile App,5
ORD-2025-13767,PROD_BEAU_001,2025-11-11 18:29:00,28.07,12.46,CA,debit_card,Amazon Marketplace,5
ORD-2025-13768,PROD_SPRT_002,2025-11-11 15:52:00,251.57,8.57,WA,credit_card,Direct Online Store,4
ORD-2025-13769,PROD_ELEC_002,2025-11-11 10:02:00,287.97,11.63,IL,gift_card,Direct Online Store,3
ORD-2025-13770,PROD_HOME_001,2025-11-11 12:58:00,99.57,8.99,IL,gift_card,Affiliate Channel,5
ORD-2025-13771,PROD_APP_001,2025-11-11 21:57:00,65.82,12.94,IL,credit_card,Affiliate Channel,5
ORD-2025-13772,PROD_SPRT_003,2025-11-13 19:43:00,20.45,11.53,CA,credit_card,Direct Online Store,5
ORD-2025-13773,PROD_APP_002,2025-11-13 18:41:00,40.6,6.8,NY,gift_card,Mobile App,2
ORD-2025-13774,PROD_BEAU_001,2025-11-13 14:42:00,26.16,14.82,NC,digital_wallet,Affiliate Channel,5
ORD-2025-13775,PROD_ELEC_001,2025-11-13 15:21:00,177.07,8.47,NC,digital_wallet,Amazon Marketplace,1
ORD-2025-13776,PROD_ELEC_001,2025-11-13 22:48:00,195.73,11.85,FL,credit_card,Direct Online Store,5
ORD-2025-13777,PROD_HOME_004,2025-11-13 09:21:00,41.33,7.21,TX,credit_card,Direct Online Store,3
ORD-2025-13778,PROD_BEAU_003,2025-11-13 14:45:00,29.34,8.83,IL,debit_card,Direct Online Store,5
ORD-2025-13779,PROD_ELEC_001,2025-11-13 11:06:00,194.06,13.57,NC,gift_card,Amazon Marketplace,5
ORD-2025-13780,PROD_HOME_001,2025-11-13 15:07:00,85.2,14.85,CA,gift_card,Direct Online Store,4
ORD-2025-13781,PROD_ELEC_002,2025-11-13 22:29:00,282.83,7.37,TX,credit_card,Mobile App,5
ORD-2025-13782,PROD_ELEC_004,2025-11-13 08:32:00,36.32,13.06,IL,gift_card,Direct Online Store,4
ORD-2025-13783,PROD_ELEC_004,2025-11-13 12:29:00,34.11,12.67,NC,digital_wallet,Mobile App,5
ORD-2025-13784,PROD_HOME_003,2025-11-13 19:14:00,129.44,7.25,NC,gift_card,Mobile App,4
ORD-2025-13785,PROD_APP_004,2025-11-13 21:01:00,97.63,14.77,FL,gift_card,Mobile App,5
ORD-2025-13786,PROD_HOME_004,2025-11-13 08:18:00,47.82,5.43,WA,debit_card,Amazon Marketplace,5
ORD-2025-13787,PROD_APP_002,2025-11-13 08:50:00,39.48,10.45,GA,credit_card,Direct Online Store,5
ORD-2025-13788,PROD_HOME_004,2025-11-13 15:22:00,45.3,8.38,FL,gift_card,Mobile App,4
ORD-2025-13789,PROD_ELEC_003,2025-11-13 09:06:00,143.67,6.4,GA,debit_card,Amazon Marketplace,5
ORD-2025-13790,PROD_SPRT_001,2025-11-15 14:14:00,36.19,14.58,FL,credit_card,Direct Online Store,4
ORD-2025-13791,PROD_APP_004,2025-11-15 18:00:00,96.63,13.14,NC,credit_card,Direct Online Store,5
ORD-2025-13792,PROD_HOME_003,2025-11-15 11:03:00,122.12,12.02,NC,digital_wallet,Affiliate Channel,2
ORD-2025-13793,PROD_ELEC_005,2025-11-15 14:33:00,48.65,6.07,NY,credit_card,Direct Online Store,2
ORD-2025-13794,PROD_BEAU_002,2025-11-15 22:23:00,49.19,14.74,TX,credit_card,Mobile App,5
ORD-2025-13795,PROD_BEAU_001,2025-11-15 09:00:00,25.02,9.52,GA,credit_card,Affiliate Channel,5
ORD-2025-13796,PROD_SPRT_001,2025-11-15 21:19:00,37.8,14.92,NY,digital_wallet,Affiliate Channel,3
ORD-2025-13797,PROD_HOME_003,2025-11-15 17:21:00,108.15,9.28,FL,gift_card,Mobile App,1
ORD-2025-13798,PROD_HOME_002,2025-11-15 16:37:00,172.54,14.25,GA,gift_card,Amazon Marketplace,4
ORD-2025-13799,PROD_SPRT_003,2025-11-15 08:14:00,23.05,14.01,TX,debit_card,Affiliate Channel,4
ORD-2025-13800,PROD_ELEC_001,2025-11-15 17:22:00,172.94,5.17,CA,gift_card,Direct Online Store,5
ORD-2025-13801,PROD_ELEC_004,2025-11-15 18:47:00,32.42,12.28,FL,debit_card,Amazon Marketplace,5
ORD-2025-13802,PROD_HOME_001,2025-11-15 17:26:00,90.16,8.37,NY,credit_card,Mobile App,4
ORD-2025-13803,PROD_SPRT_004,2025-11-15 21:14:00,83.79,11.85,FL,digital_wallet,Direct Online Store,5
ORD-2025-13804,PROD_SPRT_003,2025-11-15 14:11:00,20.45,12.74,NY,digital_wallet,Affiliate Channel,5
ORD-2025-13805,PROD_APP_002,2025-11-15 13:05:00,36.62,10.35,FL,digital_wallet,Amazon Marketplace,5
ORD-2025-13806,PROD_SPRT_003,2025-11-15 08:44:00,23.74,9.35,GA,gift_card,Amazon Marketplace,5
ORD-2025-13807,PROD_ELEC_005,2025-11-15 14:29:00,42.98,5.94,NC,debit_card,Direct Online Store,4
ORD-2025-13808,PROD_BEAU_003,2025-11-15 12:31:00,33.3,11.17,IL,debit_card,Amazon Marketplace,5
ORD-2025-13809,PROD_SPRT_001,2025-11-15 17:46:00,37.58,9.83,TX,digital_wallet,Direct Online Store,5
ORD-2025-13810,PROD_APP_001,2025-11-15 13:16:00,61.74,10.56,TX,gift_card,Amazon Marketplace,5
ORD-2025-13811,PROD_APP_002,2025-11-15 16:06:00,37.24,6.87,TX,gift_card,Affiliate Channel,1
ORD-2025-13812,PROD_APP_003,2025-11-15 15:55:00,52.17,6.04,IL,digital_wallet,Affiliate Channel,5
ORD-2025-13813,PROD_APP_001,2025-11-15 17:25:00,68.18,9.01,WA,credit_card,Affiliate Channel,5
ORD-2025-13814,PROD_ELEC_003,2025-11-15 13:44:00,147.83,6.04,TX,digital_wallet,Mobile App,5
ORD-2025-13815,PROD_BEAU_002,2025-11-15 18:01:00,52.48,8.27,WA,gift_card,Mobile App,4
ORD-2025-13816,PROD_ELEC_002,2025-11-17 16:19:00,320.63,10.35,NY,debit_card,Amazon Marketplace,5
ORD-2025-13817,PROD_BEAU_002,2025-11-17 11:22:00,54.05,12.73,IL,debit_card,Amazon Marketplace,2
ORD-2025-13818,PROD_HOME_003,2025-11-17 16:34:00,108.51,13.03,NY,gift_card,Direct Online Store,4
ORD-2025-13819,PROD_HOME_003,2025-11-17 19:53:00,121.95,9.87,WA,digital_wallet,Affiliate Channel,5
ORD-2025-13820,PROD_APP_004,2025-11-17 09:02:00,104.52,10.79,NY,digital_wallet,Affiliate Channel,3
ORD-2025-13821,PROD_SPRT_003,2025-11-17 10:53:00,21.59,5.79,FL,digital_wallet,Mobile App,5
ORD-2025-13822,PROD_ELEC_001,2025-11-17 10:56:00,194.6,9.75,GA,gift_card,Direct Online Store,3
ORD-2025-13823,PROD_HOME_004,2025-11-17 21:38:00,40.04,6.95,CA,credit_card,Affiliate Channel,5
ORD-2025-13824,PROD_BEAU_003,2025-11-17 16:00:00,28.39,5.14,FL,credit_card,Amazon Marketplace,5
ORD-2025-13825,PROD_ELEC_002,2025-11-17 17:48:00,331.69,5.97,NC,digital_wallet,Mobile App,5
ORD-2025-13826,PROD_SPRT_003,2025-11-17 21:26:00,22.89,8.22,WA,gift_card,Amazon Marketplace,5
ORD-2025-13827,PROD_APP_001,2025-11-17 10:26:00,57.69,8.2,CA,credit_card,Direct Online Store,5
ORD-2025-13828,PROD_SPRT_002,2025-11-17 20:35:00,231.34,13.63,CA,credit_card,Amazon Marketplace,5
ORD-2025-13829,PROD_HOME_002,2025-11-17 14:55:00,172.66,6.54,GA,debit_card,Amazon Marketplace,5
ORD-2025-13830,PROD_APP_002,2025-11-17 16:04:00,44.36,14.85,NC,debit_card,Amazon Marketplace,5
ORD-2025-13831,PROD_SPRT_003,2025-11-17 09:23:00,20.27,8.92,IL,credit_card,Mobile App,3
ORD-2025-13832,PROD_ELEC_003,2025-11-17 08:53:00,120.23,5.6,TX,gift_card,Amazon Marketplace,4
ORD-2025-13833,PROD_APP_001,2025-11-17 21:59:00,60.27,8.08,TX,gift_card,Amazon Marketplace,5
ORD-2025-13834,PROD_APP_003,2025-11-17 11:35:00,53.15,13.82,GA,digital_wallet,Mobile App,5
ORD-2025-13835,PROD_ELEC_003,2025-11-17 11:15:00,145.77,12.74,WA,digital_wallet,Mobile App,5
ORD-2025-13836,PROD_ELEC_005,2025-11-17 18:13:00,43.5,7.63,NY,gift_card,Direct Online Store,4
ORD-2025-13837,PROD_ELEC_001,2025-11-17 13:13:00,161.59,10.55,CA,debit_card,Affiliate Channel,5
ORD-2025-13838,PROD_SPRT_003,2025-11-17 22:43:00,21.2,14.81,IL,credit_card,Affiliate Channel,5
ORD-2025-13839,PROD_HOME_002,2025-11-17 15:38:00,184.03,5.42,NY,digital_wallet,Mobile App,3
ORD-2025-13840,PROD_SPRT_002,2025-11-17 09:30:00,276.01,14.52,TX,digital_wallet,Mobile App,4
ORD-2025-13841,PROD_HOME_001,2025-11-17 08:53:00,90.32,10.87,CA,debit_card,Affiliate Channel,5
ORD-2025-13842,PROD_SPRT_001,2025-11-17 08:56:00,37.22,10.4,GA,debit_card,Direct Online Store,3
ORD-2025-13843,PROD_SPRT_002,2025-11-17 08:05:00,278.73,9.57,GA,digital_wallet,Amazon Marketplace,2
ORD-2025-13844,PROD_HOME_002,2025-11-17 17:08:00,163.94,11.58,WA,digital_wallet,Mobile App,3
ORD-2025-13845,PROD_BEAU_001,2025-11-17 14:52:00,25.78,10.47,CA,credit_card,Direct Online Store,5
ORD-2025-13846,PROD_SPRT_002,2025-11-17 10:17:00,236.29,8.8,TX,digital_wallet,Mobile App,4
ORD-2025-13847,PROD_ELEC_001,2025-11-19 19:02:00,163.54,6.16,NC,gift_card,Amazon Marketplace,5
ORD-2025-13848,PROD_APP_004,2025-11-19 20:30:00,118.78,14.39,GA,debit_card,Mobile App,5
ORD-2025-13849,PROD_BEAU_003,2025-11-19 08:43:00,32.29,14.53,FL,digital_wallet,Affiliate Channel,5
ORD-2025-13850,PROD_SPRT_002,2025-11-19 20:43:00,227.09,5.94,CA,credit_card,Affiliate Channel,5
ORD-2025-13851,PROD_BEAU_002,2025-11-19 08:52:00,50.75,5.81,IL,debit_card,Direct Online Store,4
ORD-2025-13852,PROD_APP_001,2025-11-19 15:56:00,65.57,13.68,WA,gift_card,Amazon Marketplace,5
ORD-2025-13853,PROD_BEAU_001,2025-11-19 22:32:00,25.34,12.51,GA,gift_card,Mobile App,2
ORD-2025-13854,PROD_HOME_003,2025-11-19 14:35:00,120.97,8.32,WA,gift_card,Mobile App,5
ORD-2025-13855,PROD_BEAU_001,2025-11-19 15:33:00,28.39,14.68,TX,gift_card,Mobile App,3
ORD-2025-13856,PROD_SPRT_001,2025-11-19 10:21:00,38.2,5.51,WA,digital_wallet,Affiliate Channel,4
ORD-2025-13857,PROD_HOME_002,2025-11-19 16:22:00,180.92,9.45,TX,digital_wallet,Mobile App,5
ORD-2025-13858,PROD_ELEC_001,2025-11-19 13:02:00,195.26,11.99,WA,gift_card,Amazon Marketplace,4
ORD-2025-13859,PROD_BEAU_003,2025-11-19 09:54:00,30.77,8.35,NY,credit_card,Affiliate Channel,4
ORD-2025-13860,PROD_APP_002,2025-11-19 18:39:00,41.02,13.75,WA,digital_wallet,Mobile App,5
ORD-2025-13861,PROD_SPRT_003,2025-11-19 22:59:00,24.47,6.91,TX,digital_wallet,Direct Online Store,4
ORD-2025-13862,PROD_SPRT_004,2025-11-19 09:05:00,72.68,9.62,CA,credit_card,Affiliate Channel,5
ORD-2025-13863,PROD_HOME_001,2025-11-21 12:34:00,96.12,5.52,CA,digital_wallet,Amazon Marketplace,5
ORD-2025-13864,PROD_APP_004,2025-11-21 15:16:00,110.02,12.7,FL,digital_wallet,Affiliate Channel,5
ORD-2025-13865,PROD_SPRT_001,2025-11-21 09:25:00,38.29,10.06,NY,gift_card,Affiliate Channel,5
ORD-2025-13866,PROD_HOME_002,2025-11-21 09:50:00,187.87,7.93,NC,digital_wallet,Amazon Marketplace,4
ORD-2025-13867,PROD_BEAU_002,2025-11-21 08:55:00,51.16,11.4,WA,debit_card,Direct Online Store,5
ORD-2025-13868,PROD_BEAU_001,2025-11-21 12:03:00,28.08,13.46,TX,digital_wallet,Mobile App,4
ORD-2025-13869,PROD_SPRT_002,2025-11-21 13:23:00,227.22,9.23,NY,debit_card,Affiliate Channel,5
ORD-2025-13870,PROD_APP_003,2025-11-21 11:06:00,49.29,9.51,FL,digital_wallet,Mobile App,5
ORD-2025-13871,PROD_APP_003,2025-11-21 19:11:00,44.11,8.28,FL,debit_card,Mobile App,4
ORD-2025-13872,PROD_ELEC_002,2025-11-21 21:31:00,337.31,8.48,NY,credit_card,Affiliate Channel,1
ORD-2025-13873,PROD_BEAU_002,2025-11-21 20:18:00,57.5,6.03,TX,gift_card,Amazon Marketplace,5
ORD-2025-13874,PROD_ELEC_002,2025-11-21 22:02:00,343.02,7.56,TX,credit_card,Direct Online Store,2
ORD-2025-13875,PROD_ELEC_001,2025-11-21 21:18:00,165.87,8.88,IL,debit_card,Amazon Marketplace,5
ORD-2025-13876,PROD_BEAU_001,2025-11-21 19:24:00,26.09,14.66,FL,debit_card,Mobile App,5
ORD-2025-13877,PROD_ELEC_003,2025-11-21 16:42:00,130.84,10.92,GA,credit_card,Amazon Marketplace,5
ORD-2025-13878,PROD_ELEC_004,2025-11-21 18:40:00,34.21,5.88,FL,digital_wallet,Direct Online Store,5
ORD-2025-13879,PROD_APP_002,2025-11-21 12:46:00,36.68,8.66,IL,digital_wallet,Amazon Marketplace,5
ORD-2025-13880,PROD_ELEC_005,2025-11-21 18:30:00,40.08,8.34,TX,debit_card,Mobile App,5
ORD-2025-13881,PROD_HOME_002,2025-11-21 22:15:00,154.55,13.03,CA,gift_card,Direct Online Store,2
ORD-2025-13882,PROD_APP_003,2025-11-21 16:58:00,54.94,8.66,TX,gift_card,Mobile App,3
ORD-2025-13883,PROD_APP_001,2025-11-21 20:23:00,69.27,9.92,NC,debit_card,Amazon Marketplace,5
ORD-2025-13884,PROD_HOME_003,2025-11-21 09:33:00,116.75,10.9,TX,digital_wallet,Amazon Marketplace,4
ORD-2025-13885,PROD_BEAU_002,2025-11-21 08:02:00,50.51,10.8,WA,digital_wallet,Affiliate Channel,4
ORD-2025-13886,PROD_APP_002,2025-11-21 08:29:00,37.42,14.07,TX,gift_card,Affiliate Channel,5
ORD-2025-13887,PROD_HOME_001,2025-11-21 13:01:00,94.95,13.84,NY,gift_card,Mobile App,5
ORD-2025-13888,PROD_BEAU_001,2025-11-21 16:38:00,27.64,12.82,CA,gift_card,Mobile App,5
ORD-2025-13889,PROD_HOME_004,2025-11-21 19:45:00,45.02,12.89,TX,debit_card,Amazon Marketplace,5
ORD-2025-13890,PROD_APP_001,2025-11-21 11:44:00,66.63,5.61,NY,credit_card,Direct Online Store,3
ORD-2025-13891,PROD_SPRT_003,2025-11-21 11:24:00,20.76,12.39,FL,digital_wallet,Direct Online Store,4
ORD-2025-13892,PROD_HOME_001,2025-11-23 21:09:00,97.05,5.49,NC,credit_card,Amazon Marketplace,4
ORD-2025-13893,PROD_APP_002,2025-11-23 20:07:00,41.29,13.56,IL,credit_card,Amazon Marketplace,4
ORD-2025-13894,PROD_HOME_002,2025-11-23 10:10:00,184.46,12.38,IL,debit_card,Direct Online Store,5
ORD-2025-13895,PROD_ELEC_005,2025-11-23 11:08:00,49.43,5.27,GA,debit_card,Amazon Marketplace,5
ORD-2025-13896,PROD_APP_003,2025-11-23 17:06:00,47.94,13.36,FL,digital_wallet,Amazon Marketplace,4
ORD-2025-13897,PROD_SPRT_004,2025-11-23 15:26:00,83.14,11.36,TX,digital_wallet,Mobile App,5
ORD-2025-13898,PROD_BEAU_003,2025-11-23 16:48:00,32.99,14.0,GA,gift_card,Mobile App,5
ORD-2025-13899,PROD_ELEC_003,2025-11-23 18:29:00,149.89,6.89,CA,credit_card,Affiliate Channel,5
ORD-2025-13900,PROD_APP_003,2025-11-23 22:07:00,53.57,14.48,WA,gift_card,Affiliate Channel,3
ORD-2025-13901,PROD_APP_001,2025-11-23 20:12:00,63.13,14.33,NC,debit_card,Amazon Marketplace,5
ORD-2025-13902,PROD_SPRT_004,2025-11-23 21:29:00,79.69,12.08,FL,debit_card,Mobile App,5
ORD-2025-13903,PROD_SPRT_001,2025-11-23 10:10:00,37.76,6.66,TX,debit_card,Amazon Marketplace,5
ORD-2025-13904,PROD_ELEC_003,2025-11-23 19:10:00,121.83,8.25,FL,digital_wallet,Direct Online Store,5
ORD-2025-13905,PROD_BEAU_003,2025-11-23 12:58:00,29.59,13.62,CA,credit_card,Mobile App,5
ORD-2025-13906,PROD_APP_001,2025-11-23 10:16:00,57.05,6.86,WA,gift_card,Affiliate Channel,4
ORD-2025-13907,PROD_SPRT_001,2025-11-23 19:14:00,34.83,7.21,WA,credit_card,Mobile App,5
ORD-2025-13908,PROD_APP_001,2025-11-23 18:29:00,61.4,6.89,IL,credit_card,Mobile App,2
ORD-2025-13909,PROD_SPRT_002,2025-11-25 11:13:00,239.26,14.29,GA,digital_wallet,Direct Online Store,4
ORD-2025-13910,PROD_SPRT_004,2025-11-25 18:47:00,85.63,5.32,IL,digital_wallet,Affiliate Channel,5
ORD-2025-13911,PROD_HOME_003,2025-11-25 20:58:00,111.81,6.85,GA,debit_card,Amazon Marketplace,5
ORD-2025-13912,PROD_APP_002,2025-11-25 21:56:00,40.65,10.6,NY,gift_card,Mobile App,5
ORD-2025-13913,PROD_HOME_001,2025-11-25 18:48:00,90.86,9.66,WA,debit_card,Direct Online Store,5
ORD-2025-13914,PROD_APP_003,2025-11-25 13:02:00,44.5,8.81,NC,debit_card,Amazon Marketplace,5
ORD-2025-13915,PROD_ELEC_001,2025-11-25 18:23:00,186.67,6.3,IL,credit_card,Direct Online Store,4
ORD-2025-13916,PROD_ELEC_002,2025-11-25 14:11:00,288.79,8.55,IL,credit_card,Amazon Marketplace,5
ORD-2025-13917,PROD_BEAU_001,2025-11-25 20:41:00,24.61,10.07,IL,credit_card,Mobile App,5
ORD-2025-13918,PROD_HOME_001,2025-11-25 12:10:00,95.02,9.24,IL,digital_wallet,Amazon Marketplace,1
ORD-2025-13919,PROD_ELEC_005,2025-11-25 19:14:00,46.79,13.5,TX,gift_card,Direct Online Store,5
ORD-2025-13920,PROD_APP_003,2025-11-25 22:53:00,54.34,11.66,FL,gift_card,Direct Online Store,5
ORD-2025-13921,PROD_APP_004,2025-11-25 13:43:00,117.12,11.09,NC,debit_card,Direct Online Store,4
ORD-2025-13922,PROD_HOME_003,2025-11-25 10:10:00,104.82,5.78,WA,debit_card,Affiliate Channel,5
ORD-2025-13923,PROD_BEAU_002,2025-11-25 15:41:00,53.4,5.62,NC,digital_wallet,Mobile App,5
ORD-2025-13924,PROD_BEAU_001,2025-11-25 18:47:00,24.78,5.37,CA,gift_card,Direct Online Store,4
ORD-2025-13925,PROD_ELEC_003,2025-11-25 21:18:00,146.72,7.94,CA,digital_wallet,Affiliate Channel,4
ORD-2025-13926,PROD_HOME_001,2025-11-25 15:19:00,97.89,12.39,CA,credit_card,Mobile App,5
ORD-2025-13927,PROD_ELEC_003,2025-11-25 08:28:00,130.25,12.79,TX,debit_card,Direct Online Store,4
ORD-2025-13928,PROD_HOME_001,2025-11-25 17:38:00,96.53,5.31,FL,credit_card,Affiliate Channel,5
ORD-2025-13929,PROD_APP_004,2025-11-25 18:54:00,118.23,9.58,IL,debit_card,Direct Online Store,5
ORD-2025-13930,PROD_HOME_003,2025-11-25 19:33:00,129.75,5.88,GA,digital_wallet,Direct Online Store,5
ORD-2025-13931,PROD_ELEC_001,2025-11-25 18:07:00,182.2,13.1,IL,credit_card,Mobile App,5
ORD-2025-13932,PROD_HOME_003,2025-11-25 13:07:00,121.36,5.21,IL,debit_card,Affiliate Channel,5
ORD-2025-13933,PROD_ELEC_005,2025-11-25 09:06:00,42.21,10.4,WA,credit_card,Direct Online Store,5
ORD-2025-13934,PROD_APP_001,2025-11-27 11:48:00,63.4,5.96,WA,debit_card,Mobile App,5
ORD-2025-13935,PROD_HOME_004,2025-11-27 08:40:00,41.42,14.63,IL,gift_card,Amazon Marketplace,2
ORD-2025-13936,PROD_HOME_003,2025-11-27 11:31:00,107.91,5.36,NY,debit_card,Amazon Marketplace,5
ORD-2025-13937,PROD_ELEC_005,2025-11-27 12:20:00,49.67,11.48,TX,digital_wallet,Direct Online Store,5
ORD-2025-13938,PROD_BEAU_001,2025-11-27 18:37:00,29.78,11.1,TX,digital_wallet,Amazon Marketplace,4
ORD-2025-13939,PROD_BEAU_001,2025-11-27 17:47:00,25.96,14.23,FL,credit_card,Direct Online Store,2
ORD-2025-13940,PROD_APP_004,2025-11-27 18:32:00,119.37,10.95,NY,debit_card,Affiliate Channel,2
ORD-2025-13941,PROD_ELEC_004,2025-11-27 21:50:00,35.29,11.62,TX,gift_card,Mobile App,4
ORD-2025-13942,PROD_HOME_002,2025-11-27 10:51:00,157.18,7.57,WA,digital_wallet,Amazon Marketplace,5
ORD-2025-13943,PROD_HOME_002,2025-11-27 18:11:00,184.34,9.26,GA,debit_card,Affiliate Channel,4
ORD-2025-13944,PROD_HOME_004,2025-11-27 22:05:00,41.05,10.49,CA,digital_wallet,Direct Online Store,2
ORD-2025-13945,PROD_APP_001,2025-11-27 15:09:00,59.78,11.99,IL,debit_card,Direct Online Store,4
ORD-2025-13946,PROD_BEAU_003,2025-11-27 14:29:00,30.67,7.34,GA,credit_card,Direct Online Store,5
ORD-2025-13947,PROD_SPRT_001,2025-11-27 16:39:00,38.91,14.61,FL,digital_wallet,Direct Online Store,4
ORD-2025-13948,PROD_APP_003,2025-11-27 15:36:00,46.61,14.93,TX,credit_card,Amazon Marketplace,4
ORD-2025-13949,PROD_BEAU_001,2025-11-27 10:01:00,25.02,8.87,NY,gift_card,Amazon Marketplace,5
ORD-2025-13950,PROD_HOME_002,2025-11-27 21:55:00,164.18,8.81,NC,credit_card,Affiliate Channel,2
ORD-2025-13951,PROD_BEAU_001,2025-11-27 08:35:00,24.13,13.51,IL,credit_card,Amazon Marketplace,4
ORD-2025-13952,PROD_SPRT_003,2025-11-27 15:25:00,21.72,14.46,GA,debit_card,Affiliate Channel,5
ORD-2025-13953,PROD_SPRT_001,2025-11-27 21:37:00,32.89,7.07,WA,credit_card,Affiliate Channel,5
ORD-2025-13954,PROD_HOME_004,2025-11-27 19:21:00,45.06,5.09,WA,credit_card,Direct Online Store,4
ORD-2025-13955,PROD_HOME_002,2025-11-27 16:13:00,188.14,11.08,CA,gift_card,Amazon Marketplace,5
ORD-2025-13956,PROD_SPRT_003,2025-11-27 13:57:00,20.84,8.51,NC,digital_wallet,Mobile App,4
ORD-2025-13957,PROD_SPRT_003,2025-11-27 10:16:00,23.55,5.68,FL,gift_card,Direct Online Store,5
ORD-2025-13958,PROD_HOME_003,2025-11-27 17:39:00,125.31,11.36,CA,gift_card,Affiliate Channel,5
ORD-2025-13959,PROD_ELEC_004,2025-11-27 22:19:00,35.95,12.42,FL,gift_card,Affiliate Channel,5
ORD-2025-13960,PROD_SPRT_004,2025-11-27 15:28:00,87.58,14.45,IL,credit_card,Direct Online Store,4
ORD-2025-13961,PROD_BEAU_001,2025-11-27 18:50:00,27.76,14.69,CA,digital_wallet,Amazon Marketplace,3
ORD-2025-13962,PROD_APP_002,2025-11-29 13:41:00,44.04,13.19,TX,debit_card,Mobile App,5
ORD-2025-13963,PROD_SPRT_002,2025-11-29 11:37:00,248.69,5.36,CA,debit_card,Affiliate Channel,5
ORD-2025-13964,PROD_SPRT_002,2025-11-29 15:23:00,232.37,13.82,FL,digital_wallet,Direct Online Store,3
ORD-2025-13965,PROD_APP_003,2025-11-29 12:12:00,47.31,14.79,TX,gift_card,Direct Online Store,5
ORD-2025-13966,PROD_APP_001,2025-11-29 19:01:00,62.35,12.63,FL,gift_card,Direct Online Store,3
ORD-2025-13967,PROD_ELEC_004,2025-11-29 08:32:00,34.92,13.02,TX,debit_card,Mobile App,3
ORD-2025-13968,PROD_HOME_004,2025-11-29 15:22:00,43.14,5.25,GA,digital_wallet,Direct Online Store,3
ORD-2025-13969,PROD_HOME_004,2025-11-29 12:19:00,49.81,13.8,IL,credit_card,Mobile App,5
ORD-2025-13970,PROD_SPRT_003,2025-11-29 14:45:00,21.63,13.92,NY,gift_card,Amazon Marketplace,5
ORD-2025-13971,PROD_APP_001,2025-11-29 10:27:00,60.33,13.82,NY,credit_card,Mobile App,5
ORD-2025-13972,PROD_ELEC_002,2025-11-29 10:33:00,323.28,12.46,IL,gift_card,Mobile App,4
ORD-2025-13973,PROD_SPRT_003,2025-11-29 13:24:00,24.54,10.3,NC,digital_wallet,Amazon Marketplace,3
ORD-2025-13974,PROD_SPRT_003,2025-11-29 17:04:00,23.62,6.9,CA,debit_card,Amazon Marketplace,5
ORD-2025-13975,PROD_SPRT_002,2025-11-29 12:16:00,275.27,11.39,FL,debit_card,Affiliate Channel,3
ORD-2025-13976,PROD_HOME_004,2025-11-29 21:03:00,43.53,11.2,WA,gift_card,Mobile App,5
ORD-2025-13977,PROD_BEAU_002,2025-11-29 09:33:00,54.68,12.54,FL,digital_wallet,Amazon Marketplace,4
ORD-2025-13978,PROD_ELEC_001,2025-11-29 18:31:00,188.57,10.94,WA,debit_card,Amazon Marketplace,5
ORD-2025-13979,PROD_ELEC_003,2025-11-29 10:07:00,126.31,13.97,NC,gift_card,Affiliate Channel,4
ORD-2025-13980,PROD_SPRT_001,2025-11-29 14:57:00,36.72,5.89,NC,digital_wallet,Affiliate Channel,5
ORD-2025-13981,PROD_APP_001,2025-11-29 14:23:00,68.18,8.7,TX,debit_card,Mobile App,5
ORD-2025-13982,PROD_ELEC_002,2025-11-29 13:01:00,328.95,7.95,FL,gift_card,Amazon Marketplace,5
ORD-2025-13983,PROD_APP_002,2025-11-29 14:38:00,41.6,14.48,CA,credit_card,Mobile App,5
ORD-2025-13984,PROD_SPRT_001,2025-11-29 14:50:00,39.64,11.05,WA,debit_card,Amazon Marketplace,4
ORD-2025-13985,PROD_APP_003,2025-11-29 08:30:00,51.2,14.36,CA,gift_card,Direct Online Store,4
ORD-2025-13986,PROD_HOME_001,2025-11-29 08:04:00,86.07,10.16,WA,credit_card,Amazon Marketplace,3
ORD-2025-13987,PROD_APP_004,2025-12-01 10:38:00,118.3,11.06,IL,digital_wallet,Mobile App,4
ORD-2025-13988,PROD_SPRT_001,2025-12-01 09:19:00,33.76,10.6,GA,digital_wallet,Amazon Marketplace,3
ORD-2025-13989,PROD_ELEC_001,2025-12-01 21:08:00,163.4,7.22,CA,debit_card,Mobile App,3
ORD-2025-13990,PROD_ELEC_002,2025-12-01 14:28:00,293.81,9.43,GA,digital_wallet,Mobile App,5
ORD-2025-13991,PROD_HOME_002,2025-12-01 22:54:00,161.5,9.84,NC,credit_card,Amazon Marketplace,5
ORD-2025-13992,PROD_BEAU_002,2025-12-01 10:16:00,48.02,5.68,GA,digital_wallet,Direct Online Store,1
ORD-2025-13993,PROD_ELEC_003,2025-12-01 13:27:00,127.95,6.5,NC,credit_card,Mobile App,5
ORD-2025-13994,PROD_APP_001,2025-12-01 12:34:00,66.29,7.42,WA,credit_card,Affiliate Channel,5
ORD-2025-13995,PROD_BEAU_002,2025-12-01 08:48:00,51.06,9.74,NC,credit_card,Mobile App,3
ORD-2025-13996,PROD_HOME_004,2025-12-01 09:38:00,45.06,7.55,NC,digital_wallet,Direct Online Store,3
ORD-2025-13997,PROD_ELEC_002,2025-12-01 14:43:00,299.0,6.55,FL,digital_wallet,Affiliate Channel,3
ORD-2025-13998,PROD_BEAU_002,2025-12-01 15:30:00,52.48,14.64,GA,gift_card,Mobile App,5
ORD-2025-13999,PROD_ELEC_005,2025-12-01 09:18:00,40.6,9.71,WA,credit_card,Amazon Marketplace,5
ORD-2025-14000,PROD_ELEC_001,2025-12-01 14:52:00,178.72,12.82,WA,gift_card,Mobile App,5
ORD-2025-14001,PROD_APP_003,2025-12-01 10:29:00,50.85,8.62,WA,digital_wallet,Mobile App,4
ORD-2025-14002,PROD_APP_004,2025-12-01 16:48:00,101.29,10.84,FL,gift_card,Mobile App,4
ORD-2025-14003,PROD_HOME_002,2025-12-01 10:11:00,165.04,11.28,CA,digital_wallet,Affiliate Channel,5
ORD-2025-14004,PROD_APP_004,2025-12-01 16:56:00,108.11,8.98,FL,credit_card,Direct Online Store,2
ORD-2025-14005,PROD_BEAU_002,2025-12-01 21:28:00,51.7,11.07,CA,digital_wallet,Amazon Marketplace,5
ORD-2025-14006,PROD_HOME_002,2025-12-01 15:04:00,184.41,13.71,WA,debit_card,Mobile App,4
ORD-2025-14007,PROD_APP_004,2025-12-01 19:42:00,116.84,10.83,GA,debit_card,Mobile App,5
ORD-2025-14008,PROD_APP_001,2025-12-01 20:16:00,69.14,11.15,CA,digital_wallet,Affiliate Channel,5
ORD-2025-14009,PROD_SPRT_004,2025-12-03 16:45:00,79.95,11.22,GA,gift_card,Amazon Marketplace,3
ORD-2025-14010,PROD_APP_004,2025-12-03 15:51:00,115.81,6.66,GA,credit_card,Direct Online Store,5
ORD-2025-14011,PROD_SPRT_002,2025-12-03 09:21:00,253.09,14.43,NC,credit_card,Affiliate Channel,5
ORD-2025-14012,PROD_BEAU_003,2025-12-03 11:47:00,28.47,13.45,GA,debit_card,Direct Online Store,5
ORD-2025-14013,PROD_APP_002,2025-12-03 14:27:00,39.87,13.43,NC,credit_card,Affiliate Channel,5
ORD-2025-14014,PROD_HOME_004,2025-12-03 18:46:00,44.54,12.23,NC,gift_card,Affiliate Channel,5
ORD-2025-14015,PROD_ELEC_003,2025-12-03 18:40:00,144.59,9.64,TX,debit_card,Mobile App,5
ORD-2025-14016,PROD_SPRT_002,2025-12-03 09:25:00,277.61,11.87,GA,credit_card,Mobile App,5
ORD-2025-14017,PROD_SPRT_003,2025-12-03 16:23:00,21.94,8.34,TX,debit_card,Mobile App,1
ORD-2025-14018,PROD_SPRT_004,2025-12-03 17:12:00,72.33,5.26,IL,credit_card,Amazon Marketplace,4
ORD-2025-14019,PROD_APP_003,2025-12-03 15:53:00,52.03,14.96,NY,credit_card,Mobile App,3
ORD-2025-14020,PROD_SPRT_001,2025-12-03 16:07:00,33.13,14.49,WA,credit_card,Affiliate Channel,5
ORD-2025-14021,PROD_SPRT_004,2025-12-03 15:30:00,81.87,5.26,NC,debit_card,Direct Online Store,5
ORD-2025-14022,PROD_HOME_004,2025-12-03 11:12:00,47.01,7.44,NC,digital_wallet,Amazon Marketplace,5
ORD-2025-14023,PROD_ELEC_001,2025-12-03 19:58:00,161.55,7.45,TX,credit_card,Direct Online Store,5
ORD-2025-14024,PROD_HOME_002,2025-12-03 20:54:00,163.46,9.51,NY,digital_wallet,Mobile App,3
ORD-2025-14025,PROD_BEAU_002,2025-12-03 15:00:00,57.2,12.03,WA,gift_card,Amazon Marketplace,5
ORD-2025-14026,PROD_APP_002,2025-12-03 22:13:00,44.39,7.66,WA,digital_wallet,Mobile App,5
ORD-2025-14027,PROD_APP_002,2025-12-03 16:43:00,37.12,11.16,FL,gift_card,Affiliate Channel,5
ORD-2025-14028,PROD_HOME_001,2025-12-03 17:32:00,93.75,8.09,NY,credit_card,Affiliate Channel,2
ORD-2025-14029,PROD_APP_002,2025-12-03 20:12:00,37.94,13.59,TX,credit_card,Affiliate Channel,3
ORD-2025-14030,PROD_ELEC_001,2025-12-03 10:39:00,165.29,10.81,TX,credit_card,Direct Online Store,4
ORD-2025-14031,PROD_APP_001,2025-12-03 20:50:00,66.31,7.12,WA,credit_card,Affiliate Channel,4
ORD-2025-14032,PROD_BEAU_003,2025-12-03 19:13:00,33.8,10.76,GA,debit_card,Direct Online Store,5
ORD-2025-14033,PROD_ELEC_001,2025-12-03 16:12:00,193.95,10.92,CA,credit_card,Mobile App,3
ORD-2025-14034,PROD_HOME_003,2025-12-03 14:05:00,105.55,9.9,NC,credit_card,Affiliate Channel,5
ORD-2025-14035,PROD_APP_003,2025-12-03 08:55:00,46.99,13.55,WA,digital_wallet,Affiliate Channel,5
ORD-2025-14036,PROD_APP_002,2025-12-05 22:15:00,37.17,7.74,NC,credit_card,Mobile App,5
ORD-2025-14037,PROD_APP_002,2025-12-05 22:22:00,38.37,6.08,IL,digital_wallet,Amazon Marketplace,5
ORD-2025-14038,PROD_BEAU_003,2025-12-05 21:56:00,28.21,10.96,CA,credit_card,Amazon Marketplace,5
ORD-2025-14039,PROD_ELEC_003,2025-12-05 17:08:00,137.5,14.54,CA,digital_wallet,Mobile App,5
ORD-2025-14040,PROD_APP_002,2025-12-05 08:56:00,44.76,10.7,NY,gift_card,Direct Online Store,5
ORD-2025-14041,PROD_ELEC_003,2025-12-05 19:26:00,120.53,11.62,CA,gift_card,Mobile App,5
ORD-2025-14042,PROD_HOME_001,2025-12-05 12:57:00,83.1,6.96,GA,debit_card,Amazon Marketplace,5
ORD-2025-14043,PROD_SPRT_003,2025-12-05 13:12:00,20.26,8.72,CA,digital_wallet,Amazon Marketplace,5
ORD-2025-14044,PROD_HOME_003,2025-12-05 18:35:00,110.62,14.27,CA,digital_wallet,Affiliate Channel,5
ORD-2025-14045,PROD_BEAU_001,2025-12-05 13:06:00,24.69,8.3,NC,debit_card,Amazon Marketplace,4
ORD-2025-14046,PROD_ELEC_002,2025-12-05 15:48:00,287.53,11.39,IL,credit_card,Direct Online Store,3
ORD-2025-14047,PROD_SPRT_003,2025-12-05 08:15:00,24.0,5.98,NY,gift_card,Affiliate Channel,5
ORD-2025-14048,PROD_ELEC_001,2025-12-05 09:32:00,172.87,8.6,WA,gift_card,Direct Online Store,5
ORD-2025-14049,PROD_APP_002,2025-12-05 20:32:00,43.69,5.14,TX,digital_wallet,Mobile App,5
ORD-2025-14050,PROD_APP_002,2025-12-05 11:30:00,37.62,10.44,CA,debit_card,Affiliate Channel,5
ORD-2025-14051,PROD_ELEC_003,2025-12-05 16:26:00,138.94,10.52,IL,digital_wallet,Amazon Marketplace,4
ORD-2025-14052,PROD_BEAU_002,2025-12-05 20:12:00,54.49,10.51,IL,credit_card,Mobile App,4
ORD-2025-14053,PROD_APP_004,2025-12-07 09:15:00,118.62,5.72,NC,credit_card,Affiliate Channel,3
ORD-2025-14054,PROD_ELEC_001,2025-12-07 12:46:00,188.94,13.2,NY,debit_card,Amazon Marketplace,4
ORD-2025-14055,PROD_SPRT_001,2025-12-07 12:43:00,39.92,12.25,WA,debit_card,Mobile App,5
ORD-2025-14056,PROD_APP_003,2025-12-07 13:27:00,50.75,8.23,NY,digital_wallet,Mobile App,5
ORD-2025-14057,PROD_ELEC_005,2025-12-07 19:36:00,42.83,11.92,GA,credit_card,Direct Online Store,3
ORD-2025-14058,PROD_ELEC_002,2025-12-07 10:37:00,303.7,6.21,IL,credit_card,Affiliate Channel,4
ORD-2025-14059,PROD_ELEC_004,2025-12-07 11:10:00,32.91,8.08,IL,credit_card,Affiliate Channel,4
ORD-2025-14060,PROD_ELEC_005,2025-12-07 09:24:00,45.88,5.76,NC,digital_wallet,Direct Online Store,3
ORD-2025-14061,PROD_ELEC_002,2025-12-07 11:44:00,345.49,12.1,CA,credit_card,Affiliate Channel,5
ORD-2025-14062,PROD_HOME_004,2025-12-07 18:29:00,46.3,14.87,FL,debit_card,Amazon Marketplace,5
ORD-2025-14063,PROD_APP_002,2025-12-07 12:18:00,42.22,7.93,NC,debit_card,Amazon Marketplace,4
ORD-2025-14064,PROD_ELEC_001,2025-12-07 08:20:00,189.44,11.03,FL,credit_card,Mobile App,4
ORD-2025-14065,PROD_HOME_003,2025-12-07 12:10:00,110.15,14.2,NY,gift_card,Amazon Marketplace,5
ORD-2025-14066,PROD_HOME_002,2025-12-07 19:32:00,171.3,5.86,GA,debit_card,Affiliate Channel,5
ORD-2025-14067,PROD_ELEC_004,2025-12-07 09:58:00,33.33,8.73,WA,gift_card,Direct Online Store,5
ORD-2025-14068,PROD_HOME_002,2025-12-07 20:23:00,178.14,8.57,TX,gift_card,Mobile App,5
ORD-2025-14069,PROD_HOME_002,2025-12-07 16:19:00,186.34,6.98,TX,digital_wallet,Affiliate Channel,2
ORD-2025-14070,PROD_APP_001,2025-12-07 22:09:00,69.15,6.62,NY,gift_card,Amazon Marketplace,5
ORD-2025-14071,PROD_APP_003,2025-12-09 13:53:00,53.39,8.12,GA,credit_card,Amazon Marketplace,5
ORD-2025-14072,PROD_HOME_003,2025-12-09 13:14:00,107.54,6.37,CA,debit_card,Direct Online Store,3
ORD-2025-14073,PROD_APP_004,2025-12-09 09:13:00,114.72,5.15,NY,digital_wallet,Affiliate Channel,5
ORD-2025-14074,PROD_HOME_001,2025-12-09 15:32:00,94.35,9.65,CA,digital_wallet,Mobile App,4
ORD-2025-14075,PROD_SPRT_004,2025-12-09 15:01:00,87.59,9.78,TX,gift_card,Direct Online Store,4
ORD-2025-14076,PROD_SPRT_003,2025-12-09 17:37:00,21.88,11.51,GA,debit_card,Mobile App,5
ORD-2025-14077,PROD_SPRT_003,2025-12-09 11:22:00,21.09,5.78,CA,gift_card,Affiliate Channel,4
ORD-2025-14078,PROD_SPRT_004,2025-12-09 19:25:00,81.86,12.01,FL,debit_card,Affiliate Channel,5
ORD-2025-14079,PROD_ELEC_002,2025-12-09 12:31:00,286.24,11.16,WA,credit_card,Mobile App,4
ORD-2025-14080,PROD_ELEC_005,2025-12-09 20:53:00,49.33,13.84,GA,credit_card,Mobile App,5
ORD-2025-14081,PROD_HOME_003,2025-12-09 19:58:00,111.14,7.35,TX,debit_card,Direct Online Store,4
ORD-2025-14082,PROD_APP_003,2025-12-09 09:27:00,50.52,14.77,NC,gift_card,Mobile App,4
ORD-2025-14083,PROD_BEAU_001,2025-12-09 17:33:00,29.75,6.14,WA,credit_card,Direct Online Store,5
ORD-2025-14084,PROD_BEAU_003,2025-12-09 08:58:00,31.82,7.4,FL,gift_card,Direct Online Store,5
ORD-2025-14085,PROD_HOME_003,2025-12-09 14:19:00,116.58,5.1,TX,debit_card,Affiliate Channel,3
ORD-2025-14086,PROD_HOME_001,2025-12-09 12:45:00,89.8,12.21,NC,debit_card,Affiliate Channel,5
ORD-2025-14087,PROD_APP_004,2025-12-09 08:33:00,106.76,8.46,CA,digital_wallet,Affiliate Channel,4
ORD-2025-14088,PROD_ELEC_003,2025-12-09 12:40:00,125.42,9.98,IL,digital_wallet,Direct Online Store,5
ORD-2025-14089,PROD_APP_004,2025-12-11 12:59:00,105.53,6.7,FL,gift_card,Amazon Marketplace,5
ORD-2025-14090,PROD_BEAU_001,2025-12-11 14:50:00,28.27,10.39,GA,credit_card,Direct Online Store,5
ORD-2025-14091,PROD_ELEC_003,2025-12-11 19:28:00,134.21,12.4,FL,digital_wallet,Affiliate Channel,5
ORD-2025-14092,PROD_SPRT_003,2025-12-11 13:44:00,20.13,12.41,TX,gift_card,Amazon Marketplace,4
ORD-2025-14093,PROD_APP_003,2025-12-11 21:51:00,47.95,11.41,NY,digital_wallet,Affiliate Channel,5
ORD-2025-14094,PROD_HOME_001,2025-12-11 18:49:00,95.72,8.35,WA,digital_wallet,Affiliate Channel,5
ORD-2025-14095,PROD_ELEC_001,2025-12-11 15:57:00,175.95,12.19,GA,credit_card,Mobile App,4
ORD-2025-14096,PROD_HOME_003,2025-12-11 09:31:00,124.52,14.91,FL,credit_card,Mobile App,5
ORD-2025-14097,PROD_BEAU_003,2025-12-11 18:11:00,32.53,6.75,WA,gift_card,Affiliate Channel,4
ORD-2025-14098,PROD_APP_004,2025-12-11 22:40:00,111.21,12.88,TX,digital_wallet,Direct Online Store,5
ORD-2025-14099,PROD_HOME_001,2025-12-11 22:41:00,92.89,8.21,NC,digital_wallet,Amazon Marketplace,4
ORD-2025-14100,PROD_APP_004,2025-12-11 10:50:00,112.6,10.05,TX,credit_card,Amazon Marketplace,5
ORD-2025-14101,PROD_APP_004,2025-12-11 14:02:00,109.95,14.05,GA,debit_card,Affiliate Channel,5
ORD-2025-14102,PROD_ELEC_002,2025-12-11 12:32:00,288.66,6.07,GA,gift_card,Direct Online Store,4
ORD-2025-14103,PROD_BEAU_002,2025-12-11 08:36:00,54.72,8.74,FL,debit_card,Direct Online Store,4
ORD-2025-14104,PROD_HOME_002,2025-12-11 20:11:00,158.09,11.22,CA,digital_wallet,Direct Online Store,5
ORD-2025-14105,PROD_HOME_003,2025-12-11 18:07:00,106.76,8.88,WA,digital_wallet,Mobile App,4
ORD-2025-14106,PROD_ELEC_005,2025-12-11 09:06:00,47.49,14.07,CA,credit_card,Amazon Marketplace,5
ORD-2025-14107,PROD_SPRT_003,2025-12-11 08:50:00,22.97,5.34,NC,debit_card,Amazon Marketplace,2
ORD-2025-14108,PROD_ELEC_004,2025-12-11 15:20:00,39.03,14.63,NY,gift_card,Affiliate Channel,5
ORD-2025-14109,PROD_APP_001,2025-12-11 14:22:00,64.28,8.37,FL,credit_card,Mobile App,4
ORD-2025-14110,PROD_APP_002,2025-12-11 21:02:00,43.39,5.33,IL,debit_card,Direct Online Store,4
ORD-2025-14111,PROD_ELEC_002,2025-12-11 16:29:00,317.97,6.66,IL,digital_wallet,Amazon Marketplace,4
ORD-2025-14112,PROD_BEAU_003,2025-12-11 08:05:00,33.84,12.28,GA,gift_card,Affiliate Channel,4
ORD-2025-14113,PROD_SPRT_001,2025-12-11 22:33:00,38.28,10.03,CA,credit_card,Direct Online Store,5
ORD-2025-14114,PROD_APP_002,2025-12-11 17:09:00,41.84,11.87,FL,debit_card,Mobile App,2
ORD-2025-14115,PROD_APP_001,2025-12-11 12:18:00,63.47,8.35,CA,gift_card,Amazon Marketplace,4
ORD-2025-14116,PROD_APP_004,2025-12-11 12:26:00,103.64,8.99,CA,digital_wallet,Direct Online Store,2
ORD-2025-14117,PROD_APP_001,2025-12-11 13:40:00,64.45,12.44,IL,debit_card,Affiliate Channel,5
ORD-2025-14118,PROD_APP_002,2025-12-11 09:56:00,39.85,5.56,IL,gift_card,Direct Online Store,4
ORD-2025-14119,PROD_ELEC_002,2025-12-13 10:39:00,303.13,5.73,NC,digital_wallet,Mobile App,5
ORD-2025-14120,PROD_SPRT_003,2025-12-13 15:29:00,21.2,7.65,CA,debit_card,Affiliate Channel,5
ORD-2025-14121,PROD_ELEC_002,2025-12-13 21:53:00,335.6,9.14,TX,debit_card,Affiliate Channel,4
ORD-2025-14122,PROD_APP_004,2025-12-13 20:25:00,113.55,8.25,CA,digital_wallet,Mobile App,3
ORD-2025-14123,PROD_ELEC_003,2025-12-13 20:25:00,149.05,9.05,FL,debit_card,Amazon Marketplace,4
ORD-2025-14124,PROD_BEAU_003,2025-12-13 15:32:00,29.67,5.77,WA,credit_card,Amazon Marketplace,5
ORD-2025-14125,PROD_APP_001,2025-12-13 09:25:00,67.49,14.68,IL,debit_card,Amazon Marketplace,5
ORD-2025-14126,PROD_SPRT_004,2025-12-13 09:35:00,83.72,10.46,GA,digital_wallet,Affiliate Channel,2
ORD-2025-14127,PROD_HOME_004,2025-12-13 10:10:00,45.94,11.8,IL,digital_wallet,Amazon Marketplace,5
ORD-2025-14128,PROD_ELEC_001,2025-12-13 18:18:00,177.61,7.35,CA,debit_card,Amazon Marketplace,5
ORD-2025-14129,PROD_APP_002,2025-12-13 18:36:00,39.27,8.52,TX,gift_card,Affiliate Channel,5
ORD-2025-14130,PROD_HOME_004,2025-12-13 15:37:00,49.75,14.45,WA,gift_card,Mobile App,5
ORD-2025-14131,PROD_ELEC_001,2025-12-13 13:00:00,167.53,9.85,FL,gift_card,Direct Online Store,5
ORD-2025-14132,PROD_ELEC_001,2025-12-13 11:28:00,177.58,7.35,NY,digital_wallet,Amazon Marketplace,4
ORD-2025-14133,PROD_APP_002,2025-12-13 15:52:00,42.39,13.24,FL,debit_card,Amazon Marketplace,4
ORD-2025-14134,PROD_SPRT_001,2025-12-13 10:31:00,33.0,8.28,NC,debit_card,Amazon Marketplace,4
ORD-2025-14135,PROD_APP_003,2025-12-13 16:13:00,46.95,13.72,TX,digital_wallet,Direct Online Store,4
ORD-2025-14136,PROD_APP_001,2025-12-13 17:53:00,62.78,12.82,WA,credit_card,Affiliate Channel,2
ORD-2025-14137,PROD_SPRT_001,2025-12-13 08:38:00,33.6,13.19,CA,digital_wallet,Direct Online Store,4
ORD-2025-14138,PROD_APP_003,2025-12-13 12:49:00,53.04,6.47,IL,digital_wallet,Amazon Marketplace,5
ORD-2025-14139,PROD_HOME_003,2025-12-13 20:08:00,126.45,9.89,GA,debit_card,Amazon Marketplace,3
ORD-2025-14140,PROD_ELEC_004,2025-12-13 13:03:00,32.02,7.38,NY,gift_card,Amazon Marketplace,4
ORD-2025-14141,PROD_APP_001,2025-12-13 09:05:00,57.29,7.54,NC,digital_wallet,Direct Online Store,5
ORD-2025-14142,PROD_SPRT_002,2025-12-13 17:50:00,236.6,7.96,WA,credit_card,Amazon Marketplace,5
ORD-2025-14143,PROD_BEAU_001,2025-12-13 13:52:00,25.66,14.49,GA,digital_wallet,Amazon Marketplace,4
ORD-2025-14144,PROD_HOME_004,2025-12-13 09:43:00,46.94,14.6,NY,credit_card,Amazon Marketplace,3
ORD-2025-14145,PROD_ELEC_005,2025-12-13 17:07:00,45.46,6.93,NY,digital_wallet,Affiliate Channel,5
ORD-2025-14146,PROD_HOME_003,2025-12-13 14:37:00,109.83,14.37,WA,credit_card,Affiliate Channel,5
ORD-2025-14147,PROD_BEAU_001,2025-12-13 20:37:00,27.83,11.2,NY,gift_card,Affiliate Channel,5
ORD-2025-14148,PROD_HOME_004,2025-12-13 12:19:00,48.15,6.97,WA,credit_card,Mobile App,5
ORD-2025-14149,PROD_ELEC_001,2025-12-13 10:18:00,192.11,11.8,NY,gift_card,Amazon Marketplace,5
ORD-2025-14150,PROD_ELEC_004,2025-12-13 22:17:00,36.24,7.72,TX,debit_card,Amazon Marketplace,5
ORD-2025-14151,PROD_APP_001,2025-12-13 20:45:00,68.15,11.46,GA,debit_card,Direct Online Store,4
ORD-2025-14152,PROD_SPRT_003,2025-12-13 09:29:00,23.83,9.44,WA,credit_card,Direct Online Store,4
ORD-2025-14153,PROD_HOME_003,2025-12-15 16:47:00,111.04,8.27,FL,debit_card,Amazon Marketplace,5
ORD-2025-14154,PROD_ELEC_001,2025-12-15 09:13:00,191.7,14.56,WA,gift_card,Amazon Marketplace,1
ORD-2025-14155,PROD_HOME_001,2025-12-15 09:38:00,98.68,9.39,NY,gift_card,Amazon Marketplace,2
ORD-2025-14156,PROD_APP_002,2025-12-15 19:22:00,42.64,11.28,IL,debit_card,Amazon Marketplace,2
ORD-2025-14157,PROD_SPRT_001,2025-12-15 15:51:00,38.66,8.03,NC,debit_card,Amazon Marketplace,5
ORD-2025-14158,PROD_SPRT_002,2025-12-15 19:16:00,226.98,10.92,WA,credit_card,Amazon Marketplace,2
ORD-2025-14159,PROD_HOME_001,2025-12-15 17:43:00,97.62,10.57,NY,credit_card,Affiliate Channel,4
ORD-2025-14160,PROD_HOME_003,2025-12-15 22:19:00,114.47,6.95,WA,debit_card,Affiliate Channel,5
ORD-2025-14161,PROD_APP_002,2025-12-15 20:14:00,40.34,9.34,NC,gift_card,Mobile App,3
ORD-2025-14162,PROD_ELEC_003,2025-12-15 12:15:00,137.11,5.11,FL,gift_card,Direct Online Store,5
ORD-2025-14163,PROD_APP_003,2025-12-15 12:30:00,54.13,9.98,CA,gift_card,Mobile App,2
ORD-2025-14164,PROD_ELEC_003,2025-12-15 20:38:00,136.39,10.29,IL,credit_card,Affiliate Channel,4
ORD-2025-14165,PROD_BEAU_002,2025-12-15 10:54:00,52.86,9.46,CA,digital_wallet,Direct Online Store,5
ORD-2025-14166,PROD_APP_001,2025-12-15 09:41:00,69.08,12.56,NC,gift_card,Affiliate Channel,5
ORD-2025-14167,PROD_SPRT_002,2025-12-15 08:56:00,265.55,14.65,NY,debit_card,Mobile App,5
ORD-2025-14168,PROD_ELEC_004,2025-12-15 12:25:00,37.31,12.99,NY,gift_card,Direct Online Store,5
ORD-2025-14169,PROD_APP_003,2025-12-15 08:14:00,46.93,14.31,GA,debit_card,Affiliate Channel,5
ORD-2025-14170,PROD_HOME_001,2025-12-15 08:37:00,91.63,10.89,IL,credit_card,Mobile App,5
ORD-2025-14171,PROD_ELEC_002,2025-12-15 19:03:00,322.53,9.09,FL,digital_wallet,Mobile App,5
ORD-2025-14172,PROD_SPRT_001,2025-12-15 17:39:00,39.06,7.1,NC,gift_card,Amazon Marketplace,3
ORD-2025-14173,PROD_HOME_001,2025-12-15 18:23:00,92.81,11.99,NY,gift_card,Affiliate Channel,5
ORD-2025-14174,PROD_SPRT_001,2025-12-15 18:36:00,32.54,12.04,TX,debit_card,Mobile App,4
ORD-2025-14175,PROD_APP_004,2025-12-15 14:11:00,103.38,6.96,GA,credit_card,Direct Online Store,5
ORD-2025-14176,PROD_ELEC_004,2025-12-15 18:21:00,36.49,13.61,WA,digital_wallet,Amazon Marketplace,4
ORD-2025-14177,PROD_HOME_003,2025-12-15 17:21:00,118.94,10.68,TX,digital_wallet,Affiliate Channel,5
ORD-2025-14178,PROD_ELEC_002,2025-12-15 16:21:00,298.82,12.04,WA,digital_wallet,Direct Online Store,5
ORD-2025-14179,PROD_APP_002,2025-12-15 11:05:00,38.07,7.99,IL,credit_card,Mobile App,5
ORD-2025-14180,PROD_ELEC_003,2025-12-15 21:02:00,140.69,13.73,NC,gift_card,Affiliate Channel,5
ORD-2025-14181,PROD_ELEC_005,2025-12-15 08:19:00,40.47,9.95,CA,digital_wallet,Amazon Marketplace,4
ORD-2025-14182,PROD_BEAU_003,2025-12-15 08:12:00,31.73,14.29,WA,digital_wallet,Affiliate Channel,5
ORD-2025-14183,PROD_APP_003,2025-12-15 22:28:00,50.01,14.65,GA,digital_wallet,Direct Online Store,4
ORD-2025-14184,PROD_ELEC_001,2025-12-15 20:52:00,184.18,11.56,NY,digital_wallet,Direct Online Store,5
ORD-2025-14185,PROD_APP_003,2025-12-15 19:02:00,46.14,6.03,IL,credit_card,Direct Online Store,5
ORD-2025-14186,PROD_ELEC_005,2025-12-17 21:20:00,48.6,10.88,NY,debit_card,Direct Online Store,5
ORD-2025-14187,PROD_SPRT_003,2025-12-17 09:19:00,24.77,12.83,GA,digital_wallet,Affiliate Channel,5
ORD-2025-14188,PROD_SPRT_003,2025-12-17 10:15:00,23.25,8.7,GA,debit_card,Direct Online Store,5
ORD-2025-14189,PROD_BEAU_003,2025-12-17 14:59:00,30.08,7.93,IL,digital_wallet,Amazon Marketplace,3
ORD-2025-14190,PROD_APP_003,2025-12-17 22:54:00,45.93,7.46,IL,gift_card,Mobile App,5
ORD-2025-14191,PROD_ELEC_002,2025-12-17 08:35:00,329.62,7.0,TX,digital_wallet,Direct Online Store,5
ORD-2025-14192,PROD_ELEC_004,2025-12-17 20:16:00,39.6,11.62,IL,credit_card,Amazon Marketplace,5
ORD-2025-14193,PROD_SPRT_003,2025-12-17 09:31:00,20.02,14.27,GA,debit_card,Amazon Marketplace,5
ORD-2025-14194,PROD_APP_003,2025-12-17 20:45:00,47.2,5.42,GA,credit_card,Amazon Marketplace,3
ORD-2025-14195,PROD_ELEC_004,2025-12-17 14:42:00,35.74,5.92,CA,gift_card,Amazon Marketplace,5
ORD-2025-14196,PROD_APP_003,2025-12-17 18:42:00,44.78,9.61,NY,credit_card,Direct Online Store,5
ORD-2025-14197,PROD_ELEC_002,2025-12-17 16:15:00,289.08,14.18,NC,gift_card,Direct Online Store,4
ORD-2025-14198,PROD_ELEC_005,2025-12-17 17:56:00,43.29,8.56,WA,debit_card,Mobile App,5
ORD-2025-14199,PROD_APP_004,2025-12-17 18:12:00,98.31,11.06,WA,digital_wallet,Affiliate Channel,4
ORD-2025-14200,PROD_SPRT_001,2025-12-17 14:10:00,35.26,10.66,IL,credit_card,Amazon Marketplace,5
ORD-2025-14201,PROD_APP_004,2025-12-17 15:40:00,116.54,7.25,WA,credit_card,Mobile App,5
ORD-2025-14202,PROD_SPRT_004,2025-12-17 17:43:00,78.42,11.55,WA,gift_card,Amazon Marketplace,5
ORD-2025-14203,PROD_HOME_004,2025-12-17 18:50:00,43.84,7.36,NY,credit_card,Affiliate Channel,3
ORD-2025-14204,PROD_BEAU_003,2025-12-17 15:24:00,33.5,10.2,WA,debit_card,Mobile App,5
ORD-2025-14205,PROD_ELEC_002,2025-12-17 14:33:00,301.53,10.76,TX,debit_card,Mobile App,5
ORD-2025-14206,PROD_HOME_002,2025-12-17 22:07:00,188.96,5.02,WA,digital_wallet,Mobile App,4
ORD-2025-14207,PROD_SPRT_002,2025-12-17 15:17:00,252.48,6.41,CA,digital_wallet,Direct Online Store,4
ORD-2025-14208,PROD_SPRT_002,2025-12-17 18:08:00,253.88,14.74,TX,credit_card,Affiliate Channel,5
ORD-2025-14209,PROD_SPRT_004,2025-12-17 19:57:00,87.58,12.77,FL,credit_card,Direct Online Store,2
ORD-2025-14210,PROD_APP_002,2025-12-17 08:14:00,38.77,6.06,GA,debit_card,Direct Online Store,5
ORD-2025-14211,PROD_ELEC_005,2025-12-17 17:21:00,41.18,9.54,GA,digital_wallet,Mobile App,3
ORD-2025-14212,PROD_ELEC_004,2025-12-17 08:31:00,38.27,5.56,NC,debit_card,Amazon Marketplace,4
ORD-2025-14213,PROD_APP_001,2025-12-17 14:53:00,68.54,8.87,TX,credit_card,Amazon Marketplace,5
ORD-2025-14214,PROD_BEAU_001,2025-12-17 13:36:00,24.87,7.14,WA,debit_card,Mobile App,2
ORD-2025-14215,PROD_HOME_003,2025-12-17 17:59:00,128.33,14.54,WA,credit_card,Mobile App,3
ORD-2025-14216,PROD_ELEC_003,2025-12-17 20:28:00,135.04,14.19,NC,debit_card,Affiliate Channel,4
ORD-2025-14217,PROD_HOME_003,2025-12-19 13:34:00,105.68,12.7,NC,digital_wallet,Affiliate Channel,5
ORD-2025-14218,PROD_SPRT_003,2025-12-19 15:46:00,21.67,11.77,CA,digital_wallet,Direct Online Store,5
ORD-2025-14219,PROD_HOME_003,2025-12-19 19:49:00,128.63,9.64,NC,digital_wallet,Mobile App,5
ORD-2025-14220,PROD_HOME_003,2025-12-19 21:53:00,129.85,11.16,WA,gift_card,Affiliate Channel,5
ORD-2025-14221,PROD_APP_001,2025-12-19 17:22:00,64.7,11.1,CA,credit_card,Mobile App,4
ORD-2025-14222,PROD_BEAU_001,2025-12-19 11:32:00,25.84,11.28,TX,digital_wallet,Direct Online Store,4
ORD-2025-14223,PROD_ELEC_004,2025-12-19 21:51:00,33.89,8.3,TX,credit_card,Amazon Marketplace,5
ORD-2025-14224,PROD_APP_001,2025-12-19 16:00:00,59.27,13.13,TX,digital_wallet,Mobile App,4
ORD-2025-14225,PROD_HOME_004,2025-12-19 15:24:00,41.2,6.34,FL,digital_wallet,Direct Online Store,3
ORD-2025-14226,PROD_HOME_001,2025-12-19 18:05:00,94.72,13.53,WA,credit_card,Amazon Marketplace,4
ORD-2025-14227,PROD_HOME_002,2025-12-19 11:46:00,161.35,10.6,WA,debit_card,Amazon Marketplace,5
ORD-2025-14228,PROD_HOME_001,2025-12-19 17:53:00,87.44,11.03,NY,gift_card,Mobile App,5
ORD-2025-14229,PROD_HOME_003,2025-12-19 13:09:00,113.22,11.0,TX,gift_card,Mobile App,5
ORD-2025-14230,PROD_ELEC_001,2025-12-19 15:42:00,198.22,10.48,IL,gift_card,Amazon Marketplace,4
ORD-2025-14231,PROD_ELEC_004,2025-12-19 11:27:00,32.84,9.23,CA,credit_card,Direct Online Store,5
ORD-2025-14232,PROD_ELEC_001,2025-12-19 20:24:00,160.18,8.22,NY,gift_card,Mobile App,5
ORD-2025-14233,PROD_HOME_003,2025-12-19 12:58:00,120.45,10.2,IL,digital_wallet,Mobile App,5
ORD-2025-14234,PROD_ELEC_001,2025-12-19 22:18:00,193.47,11.76,NY,debit_card,Affiliate Channel,5
ORD-2025-14235,PROD_SPRT_003,2025-12-19 13:21:00,22.66,9.43,CA,digital_wallet,Mobile App,5
ORD-2025-14236,PROD_ELEC_004,2025-12-19 21:28:00,35.4,9.58,GA,credit_card,Affiliate Channel,3
ORD-2025-14237,PROD_HOME_004,2025-12-21 14:05:00,49.69,13.58,NC,digital_wallet,Direct Online Store,5
ORD-2025-14238,PROD_HOME_003,2025-12-21 20:55:00,125.52,10.42,FL,gift_card,Mobile App,1
ORD-2025-14239,PROD_HOME_003,2025-12-21 15:29:00,120.51,14.69,CA,gift_card,Amazon Marketplace,3
ORD-2025-14240,PROD_BEAU_001,2025-12-21 14:36:00,26.05,13.21,IL,credit_card,Affiliate Channel,3
ORD-2025-14241,PROD_SPRT_001,2025-12-21 08:10:00,36.01,6.24,FL,digital_wallet,Direct Online Store,4
ORD-2025-14242,PROD_ELEC_001,2025-12-21 17:45:00,169.48,7.59,NC,credit_card,Mobile App,2
ORD-2025-14243,PROD_BEAU_003,2025-12-21 11:35:00,33.16,7.61,WA,gift_card,Amazon Marketplace,5
ORD-2025-14244,PROD_HOME_003,2025-12-21 17:44:00,116.68,12.21,NY,debit_card,Affiliate Channel,3
ORD-2025-14245,PROD_SPRT_001,2025-12-21 09:40:00,39.97,10.61,NY,credit_card,Amazon Marketplace,5
ORD-2025-14246,PROD_BEAU_003,2025-12-21 11:12:00,28.85,14.36,NY,digital_wallet,Amazon Marketplace,5
ORD-2025-14247,PROD_ELEC_003,2025-12-21 22:48:00,136.73,11.69,NY,debit_card,Affiliate Channel,5
ORD-2025-14248,PROD_SPRT_004,2025-12-21 20:52:00,85.57,10.1,CA,credit_card,Amazon Marketplace,4
ORD-2025-14249,PROD_APP_001,2025-12-21 10:11:00,69.28,10.07,CA,digital_wallet,Mobile App,5
ORD-2025-14250,PROD_APP_003,2025-12-21 20:56:00,53.76,9.91,NY,gift_card,Mobile App,5
ORD-2025-14251,PROD_BEAU_003,2025-12-21 10:42:00,29.68,13.01,WA,credit_card,Direct Online Store,4
ORD-2025-14252,PROD_APP_001,2025-12-21 09:31:00,67.69,7.75,CA,credit_card,Amazon Marketplace,3
ORD-2025-14253,PROD_ELEC_004,2025-12-21 12:02:00,36.05,7.76,FL,credit_card,Mobile App,4
ORD-2025-14254,PROD_BEAU_003,2025-12-21 09:31:00,32.67,13.07,FL,debit_card,Amazon Marketplace,2
ORD-2025-14255,PROD_SPRT_001,2025-12-21 10:03:00,36.72,6.63,NY,digital_wallet,Amazon Marketplace,4
ORD-2025-14256,PROD_BEAU_003,2025-12-21 14:11:00,31.12,14.99,NY,credit_card,Affiliate Channel,2
ORD-2025-14257,PROD_ELEC_001,2025-12-21 10:06:00,183.31,5.44,TX,digital_wallet,Direct Online Store,5
ORD-2025-14258,PROD_HOME_004,2025-12-21 18:52:00,42.8,11.36,FL,gift_card,Amazon Marketplace,3
ORD-2025-14259,PROD_ELEC_005,2025-12-21 13:02:00,43.03,13.89,NY,credit_card,Amazon Marketplace,5
ORD-2025-14260,PROD_SPRT_004,2025-12-21 22:52:00,73.45,14.79,WA,credit_card,Amazon Marketplace,4
ORD-2025-14261,PROD_ELEC_003,2025-12-21 17:59:00,134.19,10.09,IL,digital_wallet,Mobile App,4
ORD-2025-14262,PROD_SPRT_003,2025-12-21 12:29:00,22.02,6.41,TX,credit_card,Mobile App,5
ORD-2025-14263,PROD_HOME_001,2025-12-21 13:26:00,86.41,9.48,FL,digital_wallet,Direct Online Store,2
ORD-2025-14264,PROD_HOME_004,2025-12-21 12:26:00,41.26,8.01,WA,gift_card,Mobile App,5
ORD-2025-14265,PROD_HOME_001,2025-12-21 22:32:00,96.79,6.35,NC,digital_wallet,Affiliate Channel,5
ORD-2025-14266,PROD_ELEC_001,2025-12-21 12:15:00,175.58,13.95,NY,gift_card,Mobile App,5
ORD-2025-14267,PROD_APP_003,2025-12-21 19:38:00,53.91,12.77,GA,digital_wallet,Mobile App,5
ORD-2025-14268,PROD_SPRT_004,2025-12-21 10:47:00,81.26,13.95,GA,credit_card,Mobile App,5
ORD-2025-14269,PROD_ELEC_005,2025-12-21 20:50:00,48.83,14.96,CA,debit_card,Amazon Marketplace,5
ORD-2025-14270,PROD_APP_001,2025-12-23 21:54:00,68.07,7.3,GA,debit_card,Direct Online Store,5
ORD-2025-14271,PROD_ELEC_003,2025-12-23 08:43:00,139.62,13.23,CA,gift_card,Amazon Marketplace,5
ORD-2025-14272,PROD_SPRT_004,2025-12-23 16:57:00,79.12,11.64,GA,gift_card,Amazon Marketplace,5
ORD-2025-14273,PROD_HOME_003,2025-12-23 22:33:00,104.19,10.31,FL,gift_card,Mobile App,5
ORD-2025-14274,PROD_SPRT_002,2025-12-23 11:10:00,236.0,14.69,NY,digital_wallet,Mobile App,3
ORD-2025-14275,PROD_ELEC_002,2025-12-23 19:44:00,325.72,10.07,NY,credit_card,Direct Online Store,4
ORD-2025-14276,PROD_SPRT_004,2025-12-23 21:56:00,86.73,6.2,FL,digital_wallet,Amazon Marketplace,4
ORD-2025-14277,PROD_ELEC_001,2025-12-23 17:47:00,192.4,11.58,WA,digital_wallet,Amazon Marketplace,4
ORD-2025-14278,PROD_APP_002,2025-12-23 09:49:00,39.92,9.54,GA,debit_card,Direct Online Store,5
ORD-2025-14279,PROD_SPRT_003,2025-12-23 12:49:00,23.91,7.91,FL,credit_card,Direct Online Store,4
ORD-2025-14280,PROD_ELEC_003,2025-12-23 09:24:00,121.02,9.6,FL,debit_card,Amazon Marketplace,5
ORD-2025-14281,PROD_APP_003,2025-12-23 15:48:00,49.32,12.96,TX,digital_wallet,Mobile App,5
ORD-2025-14282,PROD_APP_003,2025-12-23 09:57:00,46.89,14.23,TX,credit_card,Amazon Marketplace,5
ORD-2025-14283,PROD_SPRT_004,2025-12-23 17:04:00,73.03,9.32,CA,debit_card,Mobile App,3
ORD-2025-14284,PROD_SPRT_003,2025-12-23 15:48:00,20.81,11.59,TX,digital_wallet,Mobile App,4
ORD-2025-14285,PROD_HOME_003,2025-12-23 17:40:00,129.02,8.84,NY,digital_wallet,Amazon Marketplace,4
ORD-2025-14286,PROD_SPRT_002,2025-12-23 15:31:00,274.95,12.74,WA,credit_card,Affiliate Channel,5
ORD-2025-14287,PROD_ELEC_002,2025-12-23 13:17:00,288.45,5.48,IL,credit_card,Amazon Marketplace,5
ORD-2025-14288,PROD_ELEC_002,2025-12-25 14:08:00,289.42,7.22,WA,gift_card,Mobile App,5
ORD-2025-14289,PROD_ELEC_002,2025-12-25 16:22:00,322.98,9.11,GA,digital_wallet,Amazon Marketplace,5
ORD-2025-14290,PROD_BEAU_003,2025-12-25 20:28:00,33.33,7.7,NY,digital_wallet,Mobile App,5
ORD-2025-14291,PROD_HOME_004,2025-12-25 10:37:00,49.52,6.76,NY,debit_card,Amazon Marketplace,5
ORD-2025-14292,PROD_BEAU_003,2025-12-25 10:38:00,32.68,6.13,CA,debit_card,Direct Online Store,5
ORD-2025-14293,PROD_HOME_004,2025-12-25 14:50:00,45.58,8.63,GA,digital_wallet,Amazon Marketplace,4
ORD-2025-14294,PROD_APP_001,2025-12-25 12:54:00,67.86,6.6,NC,digital_wallet,Mobile App,5
ORD-2025-14295,PROD_APP_003,2025-12-25 13:22:00,50.23,5.92,CA,debit_card,Affiliate Channel,5
ORD-2025-14296,PROD_HOME_003,2025-12-25 10:53:00,105.93,13.89,FL,gift_card,Amazon Marketplace,1
ORD-2025-14297,PROD_APP_004,2025-12-25 21:08:00,109.15,8.84,TX,gift_card,Affiliate Channel,5
ORD-2025-14298,PROD_BEAU_003,2025-12-25 20:22:00,31.91,5.12,WA,debit_card,Amazon Marketplace,5
ORD-2025-14299,PROD_APP_001,2025-12-25 12:09:00,64.95,12.82,WA,digital_wallet,Affiliate Channel,5
ORD-2025-14300,PROD_HOME_004,2025-12-25 18:59:00,45.17,11.17,NC,credit_card,Amazon Marketplace,5
ORD-2025-14301,PROD_SPRT_001,2025-12-25 09:27:00,32.69,7.22,CA,credit_card,Mobile App,5
ORD-2025-14302,PROD_HOME_002,2025-12-25 10:59:00,156.39,11.03,NY,credit_card,Mobile App,5
ORD-2025-14303,PROD_APP_001,2025-12-25 19:16:00,68.68,5.23,FL,gift_card,Direct Online Store,4
ORD-2025-14304,PROD_BEAU_001,2025-12-25 11:21:00,29.83,13.05,WA,digital_wallet,Amazon Marketplace,5
ORD-2025-14305,PROD_HOME_002,2025-12-25 17:28:00,168.64,8.73,GA,digital_wallet,Amazon Marketplace,5
ORD-2025-14306,PROD_HOME_001,2025-12-25 08:46:00,87.35,11.48,IL,debit_card,Affiliate Channel,5
ORD-2025-14307,PROD_BEAU_003,2025-12-25 15:56:00,31.39,10.85,WA,credit_card,Affiliate Channel,5
ORD-2025-14308,PROD_BEAU_001,2025-12-25 13:14:00,27.1,6.81,CA,credit_card,Mobile App,5
ORD-2025-14309,PROD_SPRT_002,2025-12-25 20:59:00,226.04,10.22,IL,digital_wallet,Direct Online Store,5
ORD-2025-14310,PROD_SPRT_004,2025-12-25 20:18:00,77.76,13.56,NC,gift_card,Direct Online Store,4
ORD-2025-14311,PROD_SPRT_003,2025-12-25 11:28:00,24.22,8.36,NY,credit_card,Direct Online Store,4
ORD-2025-14312,PROD_SPRT_004,2025-12-25 14:12:00,83.36,11.12,WA,credit_card,Affiliate Channel,5
ORD-2025-14313,PROD_ELEC_002,2025-12-25 19:15:00,292.97,5.42,NC,credit_card,Amazon Marketplace,4
ORD-2025-14314,PROD_ELEC_001,2025-12-25 20:06:00,187.52,9.07,GA,debit_card,Mobile App,5
ORD-2025-14315,PROD_APP_002,2025-12-27 14:36:00,42.04,14.53,FL,debit_card,Mobile App,5
ORD-2025-14316,PROD_ELEC_003,2025-12-27 20:15:00,125.02,13.85,GA,credit_card,Affiliate Channel,5
ORD-2025-14317,PROD_APP_004,2025-12-27 15:30:00,108.98,5.57,FL,gift_card,Amazon Marketplace,1
ORD-2025-14318,PROD_ELEC_004,2025-12-27 15:22:00,33.58,12.95,TX,gift_card,Mobile App,5
ORD-2025-14319,PROD_ELEC_002,2025-12-27 17:58:00,348.85,9.0,GA,gift_card,Mobile App,5
ORD-2025-14320,PROD_SPRT_004,2025-12-27 10:23:00,89.0,10.14,NC,gift_card,Direct Online Store,5
ORD-2025-14321,PROD_HOME_004,2025-12-27 11:51:00,44.72,8.39,GA,credit_card,Direct Online Store,5
ORD-2025-14322,PROD_ELEC_001,2025-12-27 10:46:00,163.22,12.5,NY,debit_card,Affiliate Channel,5
ORD-2025-14323,PROD_APP_002,2025-12-27 09:54:00,36.5,5.42,CA,credit_card,Direct Online Store,4
ORD-2025-14324,PROD_SPRT_002,2025-12-27 20:17:00,238.89,10.66,NY,credit_card,Affiliate Channel,3
ORD-2025-14325,PROD_BEAU_001,2025-12-27 08:53:00,24.59,13.43,NY,digital_wallet,Mobile App,5
ORD-2025-14326,PROD_BEAU_001,2025-12-27 10:23:00,28.91,6.5,NY,gift_card,Mobile App,4
ORD-2025-14327,PROD_SPRT_003,2025-12-27 14:28:00,22.46,8.86,TX,credit_card,Direct Online Store,3
ORD-2025-14328,PROD_BEAU_003,2025-12-27 12:54:00,29.51,13.13,IL,gift_card,Mobile App,5
ORD-2025-14329,PROD_APP_001,2025-12-27 19:05:00,57.06,6.57,TX,digital_wallet,Mobile App,4
ORD-2025-14330,PROD_ELEC_002,2025-12-27 21:21:00,317.33,8.45,CA,debit_card,Mobile App,5
ORD-2025-14331,PROD_ELEC_005,2025-12-29 11:07:00,47.54,8.75,GA,digital_wallet,Mobile App,5
ORD-2025-14332,PROD_BEAU_003,2025-12-29 10:00:00,29.08,14.62,TX,credit_card,Affiliate Channel,5
ORD-2025-14333,PROD_APP_002,2025-12-29 09:49:00,39.25,5.14,NC,gift_card,Affiliate Channel,3
ORD-2025-14334,PROD_BEAU_002,2025-12-29 16:47:00,53.77,6.67,GA,credit_card,Affiliate Channel,3
ORD-2025-14335,PROD_SPRT_004,2025-12-29 17:27:00,73.41,13.98,FL,credit_card,Affiliate Channel,5
ORD-2025-14336,PROD_BEAU_002,2025-12-29 08:40:00,54.75,10.68,TX,gift_card,Mobile App,3
ORD-2025-14337,PROD_SPRT_004,2025-12-29 20:45:00,72.34,5.42,GA,credit_card,Affiliate Channel,5
ORD-2025-14338,PROD_SPRT_004,2025-12-29 13:40:00,85.36,13.3,IL,digital_wallet,Affiliate Channel,5
ORD-2025-14339,PROD_BEAU_002,2025-12-29 22:40:00,58.57,11.88,GA,credit_card,Mobile App,5
ORD-2025-14340,PROD_APP_001,2025-12-29 21:11:00,59.54,7.12,GA,debit_card,Amazon Marketplace,2
ORD-2025-14341,PROD_APP_001,2025-12-29 13:16:00,59.25,9.26,IL,debit_card,Affiliate Channel,3
ORD-2025-14342,PROD_SPRT_004,2025-12-29 12:21:00,84.78,9.28,IL,credit_card,Amazon Marketplace,3
ORD-2025-14343,PROD_ELEC_001,2025-12-29 12:14:00,193.78,6.0,NC,gift_card,Mobile App,4
ORD-2025-14344,PROD_SPRT_003,2025-12-29 16:11:00,20.5,7.01,FL,debit_card,Amazon Marketplace,5
ORD-2025-14345,PROD_HOME_002,2025-12-29 16:51:00,181.69,8.88,TX,debit_card,Affiliate Channel,4
ORD-2025-14346,PROD_BEAU_003,2025-12-29 10:42:00,32.87,14.02,CA,debit_card,Direct Online Store,5
ORD-2025-14347,PROD_APP_003,2025-12-29 20:39:00,49.86,8.97,NY,digital_wallet,Affiliate Channel,5
ORD-2025-14348,PROD_ELEC_001,2025-12-29 22:05:00,187.56,5.89,WA,credit_card,Affiliate Channel,3
ORD-2025-14349,PROD_APP_002,2025-12-29 16:04:00,42.8,7.73,NY,digital_wallet,Affiliate Channel,3
ORD-2025-14350,PROD_HOME_004,2025-12-29 11:57:00,44.22,5.64,GA,digital_wallet,Direct Online Store,5
ORD-2025-14351,PROD_BEAU_002,2025-12-29 10:07:00,52.73,12.86,WA,credit_card,Direct Online Store,4
ORD-2025-14352,PROD_SPRT_004,2025-12-29 17:54:00,88.33,5.3,IL,digital_wallet,Amazon Marketplace,5
ORD-2025-14353,PROD_ELEC_005,2025-12-29 18:24:00,47.74,12.5,WA,gift_card,Mobile App,5
ORD-2025-14354,PROD_BEAU_001,2025-12-31 16:11:00,26.67,13.34,NC,debit_card,Amazon Marketplace,3
ORD-2025-14355,PROD_BEAU_002,2025-12-31 09:19:00,57.27,11.41,FL,credit_card,Direct Online Store,5
ORD-2025-14356,PROD_APP_003,2025-12-31 21:30:00,49.46,13.53,NY,digital_wallet,Direct Online Store,5
ORD-2025-14357,PROD_APP_001,2025-12-31 11:01:00,57.46,6.34,NC,digital_wallet,Affiliate Channel,3
ORD-2025-14358,PROD_HOME_001,2025-12-31 22:46:00,89.87,7.02,NY,gift_card,Affiliate Channel,5
ORD-2025-14359,PROD_ELEC_005,2025-12-31 22:19:00,42.73,13.33,CA,digital_wallet,Mobile App,4
ORD-2025-14360,PROD_APP_004,2025-12-31 22:21:00,101.02,7.93,TX,gift_card,Amazon Marketplace,4
ORD-2025-14361,PROD_HOME_002,2025-12-31 17:34:00,172.58,10.64,TX,debit_card,Mobile App,5
ORD-2025-14362,PROD_HOME_001,2025-12-31 09:01:00,86.97,7.8,CA,credit_card,Mobile App,4
ORD-2025-14363,PROD_SPRT_004,2025-12-31 15:28:00,88.02,13.3,WA,digital_wallet,Mobile App,5
ORD-2025-14364,PROD_ELEC_002,2025-12-31 14:24:00,319.18,11.2,TX,gift_card,Amazon Marketplace,3
ORD-2025-14365,PROD_APP_002,2025-12-31 22:46:00,41.95,7.41,CA,credit_card,Amazon Marketplace,4
ORD-2025-14366,PROD_HOME_003,2025-12-31 10:55:00,114.53,13.61,WA,gift_card,Amazon Marketplace,5
ORD-2025-14367,PROD_BEAU_003,2025-12-31 13:10:00,33.46,6.76,IL,digital_wallet,Affiliate Channel,4
ORD-2025-14368,PROD_ELEC_004,2025-12-31 09:28:00,39.23,13.14,WA,credit_card,Affiliate Channel,5
ORD-2025-14369,PROD_APP_002,2025-12-31 12:53:00,43.23,6.42,TX,credit_card,Mobile App,5
ORD-2025-14370,PROD_BEAU_001,2025-12-31 22:35:00,28.12,10.53,GA,credit_card,Affiliate Channel,2
ORD-2025-14371,PROD_APP_003,2025-12-31 13:57:00,47.47,11.09,NY,credit_card,Mobile App,4
ORD-2025-14372,PROD_APP_004,2025-12-31 13:27:00,101.48,14.94,TX,gift_card,Amazon Marketplace,4
ORD-2025-14373,PROD_APP_004,2025-12-31 14:05:00,101.3,13.56,TX,credit_card,Amazon Marketplace,2
ORD-2025-14374,PROD_BEAU_001,2025-12-31 16:18:00,26.02,12.04,TX,gift_card,Affiliate Channel,5
ORD-2025-14375,PROD_HOME_002,2025-12-31 08:44:00,165.01,12.9,GA,digital_wallet,Direct Online Store,3
ORD-2025-14376,PROD_HOME_004,2025-12-31 10:46:00,48.95,14.33,WA,gift_card,Mobile App,5
ORD-2025-14377,PROD_APP_004,2025-12-31 11:13:00,109.9,13.22,NY,credit_card,Direct Online Store,5
ORD-2025-14378,PROD_SPRT_002,2025-12-31 19:53:00,225.99,6.7,TX,credit_card,Direct Online Store,5
ORD-2025-14379,PROD_ELEC_001,2025-12-31 10:14:00,169.98,9.09,WA,credit_card,Mobile App,3
ORD-2025-14380,PROD_ELEC_005,2025-12-31 14:05:00,49.1,13.19,FL,credit_card,Affiliate Channel,4
ORD-2025-14381,PROD_APP_003,2025-12-31 18:42:00,49.32,9.38,IL,digital_wallet,Mobile App,2
ORD-2025-14382,PROD_HOME_001,2025-12-31 18:18:00,96.01,5.04,WA,gift_card,Affiliate Channel,5
ORD-2025-14383,PROD_HOME_001,2025-12-31 21:53:00,82.22,13.99,WA,credit_card,Amazon Marketplace,5
ORD-2025-14384,PROD_APP_003,2025-12-31 21:50:00,53.07,8.67,FL,gift_card,Amazon Marketplace,5
ORD-2025-14385,PROD_BEAU_002,2025-12-31 14:25:00,54.43,10.06,CA,gift_card,Direct Online Store,5
ORD-2025-14386,PROD_HOME_002,2025-12-31 14:02:00,162.67,8.82,NC,digital_wallet,Direct Online Store,5
ORD-2025-14387,PROD_HOME_003,2025-12-31 14:32:00,118.9,14.49,NC,digital_wallet,Mobile App,3
ORD-2025-14388,PROD_APP_002,2025-12-31 12:55:00,38.12,7.55,NY,digital_wallet,Direct Online Store,5
