date,store_nbr,product_id,family,sales_units,onpromotion,is_holiday,economic_oil_index
2025-01-01,1,PROD_ELEC_001,Electronics,52,0,1,71.14
2025-01-01,1,PROD_ELEC_002,Electronics,68,1,1,71.14
2025-01-01,1,PROD_ELEC_003,Electronics,64,1,1,71.14
2025-01-01,1,PROD_ELEC_004,Electronics,47,0,1,71.14
2025-01-01,1,PROD_ELEC_005,Electronics,75,1,1,71.14
2025-01-01,1,PROD_APP_001,Apparel,48,0,1,71.14
2025-01-01,1,PROD_APP_002,Apparel,48,0,1,71.14
2025-01-01,1,PROD_APP_003,Apparel,54,0,1,71.14
2025-01-01,1,PROD_APP_004,Apparel,42,0,1,71.14
2025-01-01,1,PROD_HOME_001,Home & Kitchen,42,0,1,71.14
2025-01-01,1,PROD_HOME_002,Home & Kitchen,41,0,1,71.14
2025-01-01,1,PROD_HOME_003,Home & Kitchen,49,0,1,71.14
2025-01-01,1,PROD_HOME_004,Home & Kitchen,48,0,1,71.14
2025-01-01,1,PROD_BEAU_001,Health & Beauty,75,1,1,71.14
2025-01-01,1,PROD_BEAU_002,Health & Beauty,48,0,1,71.14
2025-01-01,1,PROD_BEAU_003,Health & Beauty,46,0,1,71.14
2025-01-01,1,PROD_SPRT_001,Sports & Outdoors,48,0,1,71.14
2025-01-01,1,PROD_SPRT_002,Sports & Outdoors,48,0,1,71.14
2025-01-01,1,PROD_SPRT_003,Sports & Outdoors,41,0,1,71.14
2025-01-01,1,PROD_SPRT_004,Sports & Outdoors,58,0,1,71.14
2025-01-02,1,PROD_ELEC_001,Electronics,30,0,0,72.89
2025-01-02,1,PROD_ELEC_002,Electronics,32,0,0,72.89
2025-01-02,1,PROD_ELEC_003,Electronics,32,0,0,72.89
2025-01-02,1,PROD_ELEC_004,Electronics,29,0,0,72.89
2025-01-02,1,PROD_ELEC_005,Electronics,27,0,0,72.89
2025-01-02,1,PROD_APP_001,Apparel,45,1,0,72.89
2025-01-02,1,PROD_APP_002,Apparel,31,0,0,72.89
2025-01-02,1,PROD_APP_003,Apparel,26,0,0,72.89
2025-01-02,1,PROD_APP_004,Apparel,35,0,0,72.89
2025-01-02,1,PROD_HOME_001,Home & Kitchen,44,1,0,72.89
2025-01-02,1,PROD_HOME_002,Home & Kitchen,32,0,0,72.89
2025-01-02,1,PROD_HOME_003,Home & Kitchen,49,1,0,72.89
2025-01-02,1,PROD_HOME_004,Home & Kitchen,30,0,0,72.89
2025-01-02,1,PROD_BEAU_001,Health & Beauty,44,1,0,72.89
2025-01-02,1,PROD_BEAU_002,Health & Beauty,46,1,0,72.89
2025-01-02,1,PROD_BEAU_003,Health & Beauty,27,0,0,72.89
2025-01-02,1,PROD_SPRT_001,Sports & Outdoors,30,0,0,72.89
2025-01-02,1,PROD_SPRT_002,Sports & Outdoors,30,0,0,72.89
2025-01-02,1,PROD_SPRT_003,Sports & Outdoors,26,0,0,72.89
2025-01-02,1,PROD_SPRT_004,Sports & Outdoors,39,0,0,72.89
2025-01-03,1,PROD_ELEC_001,Electronics,24,0,0,70.84
2025-01-03,1,PROD_ELEC_002,Electronics,48,1,0,70.84
2025-01-03,1,PROD_ELEC_003,Electronics,32,0,0,70.84
2025-01-03,1,PROD_ELEC_004,Electronics,25,0,0,70.84
2025-01-03,1,PROD_ELEC_005,Electronics,32,0,0,70.84
2025-01-03,1,PROD_APP_001,Apparel,35,0,0,70.84
2025-01-03,1,PROD_APP_002,Apparel,29,0,0,70.84
2025-01-03,1,PROD_APP_003,Apparel,40,0,0,70.84
2025-01-03,1,PROD_APP_004,Apparel,23,0,0,70.84
2025-01-03,1,PROD_HOME_001,Home & Kitchen,32,0,0,70.84
2025-01-03,1,PROD_HOME_002,Home & Kitchen,34,0,0,70.84
2025-01-03,1,PROD_HOME_003,Home & Kitchen,33,0,0,70.84
2025-01-03,1,PROD_HOME_004,Home & Kitchen,29,0,0,70.84
2025-01-03,1,PROD_BEAU_001,Health & Beauty,28,0,0,70.84
2025-01-03,1,PROD_BEAU_002,Health & Beauty,45,1,0,70.84
2025-01-03,1,PROD_BEAU_003,Health & Beauty,33,0,0,70.84
2025-01-03,1,PROD_SPRT_001,Sports & Outdoors,32,0,0,70.84
2025-01-03,1,PROD_SPRT_002,Sports & Outdoors,34,0,0,70.84
2025-01-03,1,PROD_SPRT_003,Sports & Outdoors,25,0,0,70.84
2025-01-03,1,PROD_SPRT_004,Sports & Outdoors,29,0,0,70.84
2025-01-04,1,PROD_ELEC_001,Electronics,35,0,0,71.67
2025-01-04,1,PROD_ELEC_002,Electronics,41,0,0,71.67
2025-01-04,1,PROD_ELEC_003,Electronics,37,0,0,71.67
2025-01-04,1,PROD_ELEC_004,Electronics,47,0,0,71.67
2025-01-04,1,PROD_ELEC_005,Electronics,38,0,0,71.67
2025-01-04,1,PROD_APP_001,Apparel,54,1,0,71.67
2025-01-04,1,PROD_APP_002,Apparel,37,0,0,71.67
2025-01-04,1,PROD_APP_003,Apparel,34,0,0,71.67
2025-01-04,1,PROD_APP_004,Apparel,37,0,0,71.67
2025-01-04,1,PROD_HOME_001,Home & Kitchen,42,0,0,71.67
2025-01-04,1,PROD_HOME_002,Home & Kitchen,37,0,0,71.67
2025-01-04,1,PROD_HOME_003,Home & Kitchen,34,0,0,71.67
2025-01-04,1,PROD_HOME_004,Home & Kitchen,33,0,0,71.67
2025-01-04,1,PROD_BEAU_001,Health & Beauty,52,1,0,71.67
2025-01-04,1,PROD_BEAU_002,Health & Beauty,37,0,0,71.67
2025-01-04,1,PROD_BEAU_003,Health & Beauty,42,0,0,71.67
2025-01-04,1,PROD_SPRT_001,Sports & Outdoors,32,0,0,71.67
2025-01-04,1,PROD_SPRT_002,Sports & Outdoors,53,1,0,71.67
2025-01-04,1,PROD_SPRT_003,Sports & Outdoors,38,0,0,71.67
2025-01-04,1,PROD_SPRT_004,Sports & Outdoors,47,1,0,71.67
2025-01-05,1,PROD_ELEC_001,Electronics,34,0,0,72.06
2025-01-05,1,PROD_ELEC_002,Electronics,34,0,0,72.06
2025-01-05,1,PROD_ELEC_003,Electronics,38,0,0,72.06
2025-01-05,1,PROD_ELEC_004,Electronics,36,0,0,72.06
2025-01-05,1,PROD_ELEC_005,Electronics,35,0,0,72.06
2025-01-05,1,PROD_APP_001,Apparel,39,0,0,72.06
2025-01-05,1,PROD_APP_002,Apparel,44,0,0,72.06
2025-01-05,1,PROD_APP_003,Apparel,44,0,0,72.06
2025-01-05,1,PROD_APP_004,Apparel,46,1,0,72.06
2025-01-05,1,PROD_HOME_001,Home & Kitchen,56,1,0,72.06
2025-01-05,1,PROD_HOME_002,Home & Kitchen,53,1,0,72.06
2025-01-05,1,PROD_HOME_003,Home & Kitchen,38,0,0,72.06
2025-01-05,1,PROD_HOME_004,Home & Kitchen,35,0,0,72.06
2025-01-05,1,PROD_BEAU_001,Health & Beauty,37,0,0,72.06
2025-01-05,1,PROD_BEAU_002,Health & Beauty,38,0,0,72.06
2025-01-05,1,PROD_BEAU_003,Health & Beauty,35,0,0,72.06
2025-01-05,1,PROD_SPRT_001,Sports & Outdoors,33,0,0,72.06
2025-01-05,1,PROD_SPRT_002,Sports & Outdoors,35,0,0,72.06
2025-01-05,1,PROD_SPRT_003,Sports & Outdoors,38,0,0,72.06
2025-01-05,1,PROD_SPRT_004,Sports & Outdoors,56,1,0,72.06
2025-01-06,1,PROD_ELEC_001,Electronics,28,0,0,74.35
2025-01-06,1,PROD_ELEC_002,Electronics,31,0,0,74.35
2025-01-06,1,PROD_ELEC_003,Electronics,33,0,0,74.35
2025-01-06,1,PROD_ELEC_004,Electronics,34,0,0,74.35
2025-01-06,1,PROD_ELEC_005,Electronics,29,0,0,74.35
2025-01-06,1,PROD_APP_001,Apparel,42,1,0,74.35
2025-01-06,1,PROD_APP_002,Apparel,30,0,0,74.35
2025-01-06,1,PROD_APP_003,Apparel,25,0,0,74.35
2025-01-06,1,PROD_APP_004,Apparel,42,1,0,74.35
2025-01-06,1,PROD_HOME_001,Home & Kitchen,32,0,0,74.35
2025-01-06,1,PROD_HOME_002,Home & Kitchen,32,0,0,74.35
2025-01-06,1,PROD_HOME_003,Home & Kitchen,42,1,0,74.35
2025-01-06,1,PROD_HOME_004,Home & Kitchen,30,0,0,74.35
2025-01-06,1,PROD_BEAU_001,Health & Beauty,26,0,0,74.35
2025-01-06,1,PROD_BEAU_002,Health & Beauty,46,1,0,74.35
2025-01-06,1,PROD_BEAU_003,Health & Beauty,29,0,0,74.35
2025-01-06,1,PROD_SPRT_001,Sports & Outdoors,42,1,0,74.35
2025-01-06,1,PROD_SPRT_002,Sports & Outdoors,28,0,0,74.35
2025-01-06,1,PROD_SPRT_003,Sports & Outdoors,29,0,0,74.35
2025-01-06,1,PROD_SPRT_004,Sports & Outdoors,28,0,0,74.35
2025-01-07,1,PROD_ELEC_001,Electronics,28,0,0,74.38
2025-01-07,1,PROD_ELEC_002,Electronics,36,0,0,74.38
2025-01-07,1,PROD_ELEC_003,Electronics,49,1,0,74.38
2025-01-07,1,PROD_ELEC_004,Electronics,26,0,0,74.38
2025-01-07,1,PROD_ELEC_005,Electronics,43,1,0,74.38
2025-01-07,1,PROD_APP_001,Apparel,40,1,0,74.38
2025-01-07,1,PROD_APP_002,Apparel,28,0,0,74.38
2025-01-07,1,PROD_APP_003,Apparel,38,0,0,74.38
2025-01-07,1,PROD_APP_004,Apparel,28,0,0,74.38
2025-01-07,1,PROD_HOME_001,Home & Kitchen,31,0,0,74.38
2025-01-07,1,PROD_HOME_002,Home & Kitchen,32,0,0,74.38
2025-01-07,1,PROD_HOME_003,Home & Kitchen,25,0,0,74.38
2025-01-07,1,PROD_HOME_004,Home & Kitchen,40,1,0,74.38
2025-01-07,1,PROD_BEAU_001,Health & Beauty,38,1,0,74.38
2025-01-07,1,PROD_BEAU_002,Health & Beauty,26,0,0,74.38
2025-01-07,1,PROD_BEAU_003,Health & Beauty,18,0,0,74.38
2025-01-07,1,PROD_SPRT_001,Sports & Outdoors,32,0,0,74.38
2025-01-07,1,PROD_SPRT_002,Sports & Outdoors,38,0,0,74.38
2025-01-07,1,PROD_SPRT_003,Sports & Outdoors,30,0,0,74.38
2025-01-07,1,PROD_SPRT_004,Sports & Outdoors,37,1,0,74.38
2025-01-08,1,PROD_ELEC_001,Electronics,28,0,0,73.08
2025-01-08,1,PROD_ELEC_002,Electronics,25,0,0,73.08
2025-01-08,1,PROD_ELEC_003,Electronics,33,0,0,73.08
2025-01-08,1,PROD_ELEC_004,Electronics,33,0,0,73.08
2025-01-08,1,PROD_ELEC_005,Electronics,25,0,0,73.08
2025-01-08,1,PROD_APP_001,Apparel,32,0,0,73.08
2025-01-08,1,PROD_APP_002,Apparel,36,0,0,73.08
2025-01-08,1,PROD_APP_003,Apparel,37,0,0,73.08
2025-01-08,1,PROD_APP_004,Apparel,54,1,0,73.08
2025-01-08,1,PROD_HOME_001,Home & Kitchen,26,0,0,73.08
2025-01-08,1,PROD_HOME_002,Home & Kitchen,54,1,0,73.08
2025-01-08,1,PROD_HOME_003,Home & Kitchen,28,0,0,73.08
2025-01-08,1,PROD_HOME_004,Home & Kitchen,27,0,0,73.08
2025-01-08,1,PROD_BEAU_001,Health & Beauty,31,0,0,73.08
2025-01-08,1,PROD_BEAU_002,Health & Beauty,27,0,0,73.08
2025-01-08,1,PROD_BEAU_003,Health & Beauty,31,0,0,73.08
2025-01-08,1,PROD_SPRT_001,Sports & Outdoors,24,0,0,73.08
2025-01-08,1,PROD_SPRT_002,Sports & Outdoors,29,0,0,73.08
2025-01-08,1,PROD_SPRT_003,Sports & Outdoors,48,1,0,73.08
2025-01-08,1,PROD_SPRT_004,Sports & Outdoors,29,0,0,73.08
2025-01-09,1,PROD_ELEC_001,Electronics,31,0,0,74.28
2025-01-09,1,PROD_ELEC_002,Electronics,34,0,0,74.28
2025-01-09,1,PROD_ELEC_003,Electronics,23,0,0,74.28
2025-01-09,1,PROD_ELEC_004,Electronics,45,1,0,74.28
2025-01-09,1,PROD_ELEC_005,Electronics,28,0,0,74.28
2025-01-09,1,PROD_APP_001,Apparel,30,0,0,74.28
2025-01-09,1,PROD_APP_002,Apparel,34,0,0,74.28
2025-01-09,1,PROD_APP_003,Apparel,25,0,0,74.28
2025-01-09,1,PROD_APP_004,Apparel,25,0,0,74.28
2025-01-09,1,PROD_HOME_001,Home & Kitchen,22,0,0,74.28
2025-01-09,1,PROD_HOME_002,Home & Kitchen,27,0,0,74.28
2025-01-09,1,PROD_HOME_003,Home & Kitchen,35,0,0,74.28
2025-01-09,1,PROD_HOME_004,Home & Kitchen,29,0,0,74.28
2025-01-09,1,PROD_BEAU_001,Health & Beauty,24,0,0,74.28
2025-01-09,1,PROD_BEAU_002,Health & Beauty,28,0,0,74.28
2025-01-09,1,PROD_BEAU_003,Health & Beauty,37,1,0,74.28
2025-01-09,1,PROD_SPRT_001,Sports & Outdoors,38,1,0,74.28
2025-01-09,1,PROD_SPRT_002,Sports & Outdoors,31,0,0,74.28
2025-01-09,1,PROD_SPRT_003,Sports & Outdoors,25,0,0,74.28
2025-01-09,1,PROD_SPRT_004,Sports & Outdoors,34,0,0,74.28
2025-01-10,1,PROD_ELEC_001,Electronics,43,1,0,74.28
2025-01-10,1,PROD_ELEC_002,Electronics,28,0,0,74.28
2025-01-10,1,PROD_ELEC_003,Electronics,33,0,0,74.28
2025-01-10,1,PROD_ELEC_004,Electronics,33,0,0,74.28
2025-01-10,1,PROD_ELEC_005,Electronics,44,1,0,74.28
2025-01-10,1,PROD_APP_001,Apparel,32,0,0,74.28
2025-01-10,1,PROD_APP_002,Apparel,42,1,0,74.28
2025-01-10,1,PROD_APP_003,Apparel,32,0,0,74.28
2025-01-10,1,PROD_APP_004,Apparel,28,0,0,74.28
2025-01-10,1,PROD_HOME_001,Home & Kitchen,30,0,0,74.28
2025-01-10,1,PROD_HOME_002,Home & Kitchen,28,0,0,74.28
2025-01-10,1,PROD_HOME_003,Home & Kitchen,28,0,0,74.28
2025-01-10,1,PROD_HOME_004,Home & Kitchen,27,0,0,74.28
2025-01-10,1,PROD_BEAU_001,Health & Beauty,31,0,0,74.28
2025-01-10,1,PROD_BEAU_002,Health & Beauty,35,0,0,74.28
2025-01-10,1,PROD_BEAU_003,Health & Beauty,34,0,0,74.28
2025-01-10,1,PROD_SPRT_001,Sports & Outdoors,24,0,0,74.28
2025-01-10,1,PROD_SPRT_002,Sports & Outdoors,35,0,0,74.28
2025-01-10,1,PROD_SPRT_003,Sports & Outdoors,28,0,0,74.28
2025-01-10,1,PROD_SPRT_004,Sports & Outdoors,32,0,0,74.28
2025-01-11,1,PROD_ELEC_001,Electronics,54,1,0,73.53
2025-01-11,1,PROD_ELEC_002,Electronics,55,1,0,73.53
2025-01-11,1,PROD_ELEC_003,Electronics,48,1,0,73.53
2025-01-11,1,PROD_ELEC_004,Electronics,39,0,0,73.53
2025-01-11,1,PROD_ELEC_005,Electronics,42,0,0,73.53
2025-01-11,1,PROD_APP_001,Apparel,36,0,0,73.53
2025-01-11,1,PROD_APP_002,Apparel,42,0,0,73.53
2025-01-11,1,PROD_APP_003,Apparel,53,1,0,73.53
2025-01-11,1,PROD_APP_004,Apparel,40,0,0,73.53
2025-01-11,1,PROD_HOME_001,Home & Kitchen,28,0,0,73.53
2025-01-11,1,PROD_HOME_002,Home & Kitchen,47,0,0,73.53
2025-01-11,1,PROD_HOME_003,Home & Kitchen,43,0,0,73.53
2025-01-11,1,PROD_HOME_004,Home & Kitchen,53,1,0,73.53
2025-01-11,1,PROD_BEAU_001,Health & Beauty,29,0,0,73.53
2025-01-11,1,PROD_BEAU_002,Health & Beauty,38,0,0,73.53
2025-01-11,1,PROD_BEAU_003,Health & Beauty,31,0,0,73.53
2025-01-11,1,PROD_SPRT_001,Sports & Outdoors,39,0,0,73.53
2025-01-11,1,PROD_SPRT_002,Sports & Outdoors,39,0,0,73.53
2025-01-11,1,PROD_SPRT_003,Sports & Outdoors,33,0,0,73.53
2025-01-11,1,PROD_SPRT_004,Sports & Outdoors,41,0,0,73.53
2025-01-12,1,PROD_ELEC_001,Electronics,58,1,0,75.83
2025-01-12,1,PROD_ELEC_002,Electronics,54,1,0,75.83
2025-01-12,1,PROD_ELEC_003,Electronics,31,0,0,75.83
2025-01-12,1,PROD_ELEC_004,Electronics,41,0,0,75.83
2025-01-12,1,PROD_ELEC_005,Electronics,36,0,0,75.83
2025-01-12,1,PROD_APP_001,Apparel,31,0,0,75.83
2025-01-12,1,PROD_APP_002,Apparel,42,0,0,75.83
2025-01-12,1,PROD_APP_003,Apparel,45,0,0,75.83
2025-01-12,1,PROD_APP_004,Apparel,37,0,0,75.83
2025-01-12,1,PROD_HOME_001,Home & Kitchen,46,0,0,75.83
2025-01-12,1,PROD_HOME_002,Home & Kitchen,54,1,0,75.83
2025-01-12,1,PROD_HOME_003,Home & Kitchen,35,0,0,75.83
2025-01-12,1,PROD_HOME_004,Home & Kitchen,34,0,0,75.83
2025-01-12,1,PROD_BEAU_001,Health & Beauty,44,0,0,75.83
2025-01-12,1,PROD_BEAU_002,Health & Beauty,34,0,0,75.83
2025-01-12,1,PROD_BEAU_003,Health & Beauty,40,0,0,75.83
2025-01-12,1,PROD_SPRT_001,Sports & Outdoors,35,0,0,75.83
2025-01-12,1,PROD_SPRT_002,Sports & Outdoors,35,0,0,75.83
2025-01-12,1,PROD_SPRT_003,Sports & Outdoors,41,0,0,75.83
2025-01-12,1,PROD_SPRT_004,Sports & Outdoors,35,0,0,75.83
2025-01-13,1,PROD_ELEC_001,Electronics,34,0,0,74.63
2025-01-13,1,PROD_ELEC_002,Electronics,36,0,0,74.63
2025-01-13,1,PROD_ELEC_003,Electronics,32,0,0,74.63
2025-01-13,1,PROD_ELEC_004,Electronics,27,0,0,74.63
2025-01-13,1,PROD_ELEC_005,Electronics,27,0,0,74.63
2025-01-13,1,PROD_APP_001,Apparel,30,0,0,74.63
2025-01-13,1,PROD_APP_002,Apparel,31,0,0,74.63
2025-01-13,1,PROD_APP_003,Apparel,26,0,0,74.63
2025-01-13,1,PROD_APP_004,Apparel,32,0,0,74.63
2025-01-13,1,PROD_HOME_001,Home & Kitchen,30,0,0,74.63
2025-01-13,1,PROD_HOME_002,Home & Kitchen,23,0,0,74.63
2025-01-13,1,PROD_HOME_003,Home & Kitchen,26,0,0,74.63
2025-01-13,1,PROD_HOME_004,Home & Kitchen,27,0,0,74.63
2025-01-13,1,PROD_BEAU_001,Health & Beauty,29,0,0,74.63
2025-01-13,1,PROD_BEAU_002,Health & Beauty,37,0,0,74.63
2025-01-13,1,PROD_BEAU_003,Health & Beauty,44,1,0,74.63
2025-01-13,1,PROD_SPRT_001,Sports & Outdoors,40,1,0,74.63
2025-01-13,1,PROD_SPRT_002,Sports & Outdoors,30,0,0,74.63
2025-01-13,1,PROD_SPRT_003,Sports & Outdoors,42,1,0,74.63
2025-01-13,1,PROD_SPRT_004,Sports & Outdoors,31,0,0,74.63
2025-01-14,1,PROD_ELEC_001,Electronics,34,0,0,76.06
2025-01-14,1,PROD_ELEC_002,Electronics,29,0,0,76.06
2025-01-14,1,PROD_ELEC_003,Electronics,50,1,0,76.06
2025-01-14,1,PROD_ELEC_004,Electronics,33,0,0,76.06
2025-01-14,1,PROD_ELEC_005,Electronics,27,0,0,76.06
2025-01-14,1,PROD_APP_001,Apparel,52,1,0,76.06
2025-01-14,1,PROD_APP_002,Apparel,31,0,0,76.06
2025-01-14,1,PROD_APP_003,Apparel,40,1,0,76.06
2025-01-14,1,PROD_APP_004,Apparel,36,0,0,76.06
2025-01-14,1,PROD_HOME_001,Home & Kitchen,38,0,0,76.06
2025-01-14,1,PROD_HOME_002,Home & Kitchen,29,0,0,76.06
2025-01-14,1,PROD_HOME_003,Home & Kitchen,41,1,0,76.06
2025-01-14,1,PROD_HOME_004,Home & Kitchen,29,0,0,76.06
2025-01-14,1,PROD_BEAU_001,Health & Beauty,32,0,0,76.06
2025-01-14,1,PROD_BEAU_002,Health & Beauty,35,0,0,76.06
2025-01-14,1,PROD_BEAU_003,Health & Beauty,32,0,0,76.06
2025-01-14,1,PROD_SPRT_001,Sports & Outdoors,30,0,0,76.06
2025-01-14,1,PROD_SPRT_002,Sports & Outdoors,35,0,0,76.06
2025-01-14,1,PROD_SPRT_003,Sports & Outdoors,28,0,0,76.06
2025-01-14,1,PROD_SPRT_004,Sports & Outdoors,34,0,0,76.06
2025-01-15,1,PROD_ELEC_001,Electronics,31,0,0,75.25
2025-01-15,1,PROD_ELEC_002,Electronics,29,0,0,75.25
2025-01-15,1,PROD_ELEC_003,Electronics,29,0,0,75.25
2025-01-15,1,PROD_ELEC_004,Electronics,28,0,0,75.25
2025-01-15,1,PROD_ELEC_005,Electronics,35,0,0,75.25
2025-01-15,1,PROD_APP_001,Apparel,27,0,0,75.25
2025-01-15,1,PROD_APP_002,Apparel,27,0,0,75.25
2025-01-15,1,PROD_APP_003,Apparel,38,0,0,75.25
2025-01-15,1,PROD_APP_004,Apparel,33,0,0,75.25
2025-01-15,1,PROD_HOME_001,Home & Kitchen,20,0,0,75.25
2025-01-15,1,PROD_HOME_002,Home & Kitchen,27,0,0,75.25
2025-01-15,1,PROD_HOME_003,Home & Kitchen,22,0,0,75.25
2025-01-15,1,PROD_HOME_004,Home & Kitchen,26,0,0,75.25
2025-01-15,1,PROD_BEAU_001,Health & Beauty,17,0,0,75.25
2025-01-15,1,PROD_BEAU_002,Health & Beauty,29,0,0,75.25
2025-01-15,1,PROD_BEAU_003,Health & Beauty,38,1,0,75.25
2025-01-15,1,PROD_SPRT_001,Sports & Outdoors,30,0,0,75.25
2025-01-15,1,PROD_SPRT_002,Sports & Outdoors,23,0,0,75.25
2025-01-15,1,PROD_SPRT_003,Sports & Outdoors,30,0,0,75.25
2025-01-15,1,PROD_SPRT_004,Sports & Outdoors,28,0,0,75.25
2025-01-16,1,PROD_ELEC_001,Electronics,49,1,0,77.64
2025-01-16,1,PROD_ELEC_002,Electronics,33,0,0,77.64
2025-01-16,1,PROD_ELEC_003,Electronics,28,0,0,77.64
2025-01-16,1,PROD_ELEC_004,Electronics,37,0,0,77.64
2025-01-16,1,PROD_ELEC_005,Electronics,23,0,0,77.64
2025-01-16,1,PROD_APP_001,Apparel,24,0,0,77.64
2025-01-16,1,PROD_APP_002,Apparel,29,0,0,77.64
2025-01-16,1,PROD_APP_003,Apparel,52,1,0,77.64
2025-01-16,1,PROD_APP_004,Apparel,29,0,0,77.64
2025-01-16,1,PROD_HOME_001,Home & Kitchen,29,0,0,77.64
2025-01-16,1,PROD_HOME_002,Home & Kitchen,24,0,0,77.64
2025-01-16,1,PROD_HOME_003,Home & Kitchen,33,0,0,77.64
2025-01-16,1,PROD_HOME_004,Home & Kitchen,33,0,0,77.64
2025-01-16,1,PROD_BEAU_001,Health & Beauty,46,1,0,77.64
2025-01-16,1,PROD_BEAU_002,Health & Beauty,40,1,0,77.64
2025-01-16,1,PROD_BEAU_003,Health & Beauty,27,0,0,77.64
2025-01-16,1,PROD_SPRT_001,Sports & Outdoors,24,0,0,77.64
2025-01-16,1,PROD_SPRT_002,Sports & Outdoors,30,0,0,77.64
2025-01-16,1,PROD_SPRT_003,Sports & Outdoors,25,0,0,77.64
2025-01-16,1,PROD_SPRT_004,Sports & Outdoors,38,1,0,77.64
2025-01-17,1,PROD_ELEC_001,Electronics,28,0,0,75.56
2025-01-17,1,PROD_ELEC_002,Electronics,27,0,0,75.56
2025-01-17,1,PROD_ELEC_003,Electronics,31,0,0,75.56
2025-01-17,1,PROD_ELEC_004,Electronics,30,0,0,75.56
2025-01-17,1,PROD_ELEC_005,Electronics,42,1,0,75.56
2025-01-17,1,PROD_APP_001,Apparel,30,0,0,75.56
2025-01-17,1,PROD_APP_002,Apparel,26,0,0,75.56
2025-01-17,1,PROD_APP_003,Apparel,30,0,0,75.56
2025-01-17,1,PROD_APP_004,Apparel,44,1,0,75.56
2025-01-17,1,PROD_HOME_001,Home & Kitchen,23,0,0,75.56
2025-01-17,1,PROD_HOME_002,Home & Kitchen,33,0,0,75.56
2025-01-17,1,PROD_HOME_003,Home & Kitchen,39,1,0,75.56
2025-01-17,1,PROD_HOME_004,Home & Kitchen,43,1,0,75.56
2025-01-17,1,PROD_BEAU_001,Health & Beauty,34,0,0,75.56
2025-01-17,1,PROD_BEAU_002,Health & Beauty,33,0,0,75.56
2025-01-17,1,PROD_BEAU_003,Health & Beauty,30,0,0,75.56
2025-01-17,1,PROD_SPRT_001,Sports & Outdoors,28,0,0,75.56
2025-01-17,1,PROD_SPRT_002,Sports & Outdoors,33,0,0,75.56
2025-01-17,1,PROD_SPRT_003,Sports & Outdoors,46,1,0,75.56
2025-01-17,1,PROD_SPRT_004,Sports & Outdoors,27,0,0,75.56
2025-01-18,1,PROD_ELEC_001,Electronics,29,0,0,75.34
2025-01-18,1,PROD_ELEC_002,Electronics,54,1,0,75.34
2025-01-18,1,PROD_ELEC_003,Electronics,37,0,0,75.34
2025-01-18,1,PROD_ELEC_004,Electronics,42,0,0,75.34
2025-01-18,1,PROD_ELEC_005,Electronics,38,0,0,75.34
2025-01-18,1,PROD_APP_001,Apparel,59,1,0,75.34
2025-01-18,1,PROD_APP_002,Apparel,34,0,0,75.34
2025-01-18,1,PROD_APP_003,Apparel,42,0,0,75.34
2025-01-18,1,PROD_APP_004,Apparel,52,1,0,75.34
2025-01-18,1,PROD_HOME_001,Home & Kitchen,40,0,0,75.34
2025-01-18,1,PROD_HOME_002,Home & Kitchen,31,0,0,75.34
2025-01-18,1,PROD_HOME_003,Home & Kitchen,55,1,0,75.34
2025-01-18,1,PROD_HOME_004,Home & Kitchen,29,0,0,75.34
2025-01-18,1,PROD_BEAU_001,Health & Beauty,36,0,0,75.34
2025-01-18,1,PROD_BEAU_002,Health & Beauty,39,0,0,75.34
2025-01-18,1,PROD_BEAU_003,Health & Beauty,35,0,0,75.34
2025-01-18,1,PROD_SPRT_001,Sports & Outdoors,33,0,0,75.34
2025-01-18,1,PROD_SPRT_002,Sports & Outdoors,57,1,0,75.34
2025-01-18,1,PROD_SPRT_003,Sports & Outdoors,37,0,0,75.34
2025-01-18,1,PROD_SPRT_004,Sports & Outdoors,52,1,0,75.34
2025-01-19,1,PROD_ELEC_001,Electronics,48,0,0,76.57
2025-01-19,1,PROD_ELEC_002,Electronics,42,0,0,76.57
2025-01-19,1,PROD_ELEC_003,Electronics,42,0,0,76.57
2025-01-19,1,PROD_ELEC_004,Electronics,39,0,0,76.57
2025-01-19,1,PROD_ELEC_005,Electronics,38,0,0,76.57
2025-01-19,1,PROD_APP_001,Apparel,27,0,0,76.57
2025-01-19,1,PROD_APP_002,Apparel,34,0,0,76.57
2025-01-19,1,PROD_APP_003,Apparel,35,0,0,76.57
2025-01-19,1,PROD_APP_004,Apparel,30,0,0,76.57
2025-01-19,1,PROD_HOME_001,Home & Kitchen,49,1,0,76.57
2025-01-19,1,PROD_HOME_002,Home & Kitchen,29,0,0,76.57
2025-01-19,1,PROD_HOME_003,Home & Kitchen,37,0,0,76.57
2025-01-19,1,PROD_HOME_004,Home & Kitchen,40,0,0,76.57
2025-01-19,1,PROD_BEAU_001,Health & Beauty,41,0,0,76.57
2025-01-19,1,PROD_BEAU_002,Health & Beauty,39,0,0,76.57
2025-01-19,1,PROD_BEAU_003,Health & Beauty,33,0,0,76.57
2025-01-19,1,PROD_SPRT_001,Sports & Outdoors,29,0,0,76.57
2025-01-19,1,PROD_SPRT_002,Sports & Outdoors,47,1,0,76.57
2025-01-19,1,PROD_SPRT_003,Sports & Outdoors,32,0,0,76.57
2025-01-19,1,PROD_SPRT_004,Sports & Outdoors,33,0,0,76.57
2025-01-20,1,PROD_ELEC_001,Electronics,39,1,0,76.54
2025-01-20,1,PROD_ELEC_002,Electronics,31,0,0,76.54
2025-01-20,1,PROD_ELEC_003,Electronics,29,0,0,76.54
2025-01-20,1,PROD_ELEC_004,Electronics,30,0,0,76.54
2025-01-20,1,PROD_ELEC_005,Electronics,34,0,0,76.54
2025-01-20,1,PROD_APP_001,Apparel,25,0,0,76.54
2025-01-20,1,PROD_APP_002,Apparel,45,1,0,76.54
2025-01-20,1,PROD_APP_003,Apparel,29,0,0,76.54
2025-01-20,1,PROD_APP_004,Apparel,28,0,0,76.54
2025-01-20,1,PROD_HOME_001,Home & Kitchen,33,0,0,76.54
2025-01-20,1,PROD_HOME_002,Home & Kitchen,47,1,0,76.54
2025-01-20,1,PROD_HOME_003,Home & Kitchen,26,0,0,76.54
2025-01-20,1,PROD_HOME_004,Home & Kitchen,42,1,0,76.54
2025-01-20,1,PROD_BEAU_001,Health & Beauty,31,0,0,76.54
2025-01-20,1,PROD_BEAU_002,Health & Beauty,28,0,0,76.54
2025-01-20,1,PROD_BEAU_003,Health & Beauty,32,0,0,76.54
2025-01-20,1,PROD_SPRT_001,Sports & Outdoors,31,0,0,76.54
2025-01-20,1,PROD_SPRT_002,Sports & Outdoors,37,0,0,76.54
2025-01-20,1,PROD_SPRT_003,Sports & Outdoors,23,0,0,76.54
2025-01-20,1,PROD_SPRT_004,Sports & Outdoors,29,0,0,76.54
2025-01-21,1,PROD_ELEC_001,Electronics,32,0,0,75.86
2025-01-21,1,PROD_ELEC_002,Electronics,23,0,0,75.86
2025-01-21,1,PROD_ELEC_003,Electronics,31,0,0,75.86
2025-01-21,1,PROD_ELEC_004,Electronics,27,0,0,75.86
2025-01-21,1,PROD_ELEC_005,Electronics,40,1,0,75.86
2025-01-21,1,PROD_APP_001,Apparel,24,0,0,75.86
2025-01-21,1,PROD_APP_002,Apparel,28,0,0,75.86
2025-01-21,1,PROD_APP_003,Apparel,34,0,0,75.86
2025-01-21,1,PROD_APP_004,Apparel,29,0,0,75.86
2025-01-21,1,PROD_HOME_001,Home & Kitchen,32,0,0,75.86
2025-01-21,1,PROD_HOME_002,Home & Kitchen,36,0,0,75.86
2025-01-21,1,PROD_HOME_003,Home & Kitchen,31,0,0,75.86
2025-01-21,1,PROD_HOME_004,Home & Kitchen,27,0,0,75.86
2025-01-21,1,PROD_BEAU_001,Health & Beauty,31,0,0,75.86
2025-01-21,1,PROD_BEAU_002,Health & Beauty,27,0,0,75.86
2025-01-21,1,PROD_BEAU_003,Health & Beauty,27,0,0,75.86
2025-01-21,1,PROD_SPRT_001,Sports & Outdoors,23,0,0,75.86
2025-01-21,1,PROD_SPRT_002,Sports & Outdoors,47,1,0,75.86
2025-01-21,1,PROD_SPRT_003,Sports & Outdoors,28,0,0,75.86
2025-01-21,1,PROD_SPRT_004,Sports & Outdoors,30,0,0,75.86
2025-01-22,1,PROD_ELEC_001,Electronics,31,0,0,75.91
2025-01-22,1,PROD_ELEC_002,Electronics,26,0,0,75.91
2025-01-22,1,PROD_ELEC_003,Electronics,42,1,0,75.91
2025-01-22,1,PROD_ELEC_004,Electronics,33,0,0,75.91
2025-01-22,1,PROD_ELEC_005,Electronics,33,0,0,75.91
2025-01-22,1,PROD_APP_001,Apparel,29,0,0,75.91
2025-01-22,1,PROD_APP_002,Apparel,22,0,0,75.91
2025-01-22,1,PROD_APP_003,Apparel,41,0,0,75.91
2025-01-22,1,PROD_APP_004,Apparel,36,0,0,75.91
2025-01-22,1,PROD_HOME_001,Home & Kitchen,46,1,0,75.91
2025-01-22,1,PROD_HOME_002,Home & Kitchen,26,0,0,75.91
2025-01-22,1,PROD_HOME_003,Home & Kitchen,29,0,0,75.91
2025-01-22,1,PROD_HOME_004,Home & Kitchen,27,0,0,75.91
2025-01-22,1,PROD_BEAU_001,Health & Beauty,35,0,0,75.91
2025-01-22,1,PROD_BEAU_002,Health & Beauty,31,0,0,75.91
2025-01-22,1,PROD_BEAU_003,Health & Beauty,26,0,0,75.91
2025-01-22,1,PROD_SPRT_001,Sports & Outdoors,41,1,0,75.91
2025-01-22,1,PROD_SPRT_002,Sports & Outdoors,34,0,0,75.91
2025-01-22,1,PROD_SPRT_003,Sports & Outdoors,36,0,0,75.91
2025-01-22,1,PROD_SPRT_004,Sports & Outdoors,36,0,0,75.91
2025-01-23,1,PROD_ELEC_001,Electronics,28,0,0,78.26
2025-01-23,1,PROD_ELEC_002,Electronics,17,0,0,78.26
2025-01-23,1,PROD_ELEC_003,Electronics,44,1,0,78.26
2025-01-23,1,PROD_ELEC_004,Electronics,29,0,0,78.26
2025-01-23,1,PROD_ELEC_005,Electronics,30,0,0,78.26
2025-01-23,1,PROD_APP_001,Apparel,43,1,0,78.26
2025-01-23,1,PROD_APP_002,Apparel,38,1,0,78.26
2025-01-23,1,PROD_APP_003,Apparel,32,0,0,78.26
2025-01-23,1,PROD_APP_004,Apparel,32,0,0,78.26
2025-01-23,1,PROD_HOME_001,Home & Kitchen,32,0,0,78.26
2025-01-23,1,PROD_HOME_002,Home & Kitchen,33,0,0,78.26
2025-01-23,1,PROD_HOME_003,Home & Kitchen,32,0,0,78.26
2025-01-23,1,PROD_HOME_004,Home & Kitchen,28,0,0,78.26
2025-01-23,1,PROD_BEAU_001,Health & Beauty,29,0,0,78.26
2025-01-23,1,PROD_BEAU_002,Health & Beauty,30,0,0,78.26
2025-01-23,1,PROD_BEAU_003,Health & Beauty,30,0,0,78.26
2025-01-23,1,PROD_SPRT_001,Sports & Outdoors,33,0,0,78.26
2025-01-23,1,PROD_SPRT_002,Sports & Outdoors,32,0,0,78.26
2025-01-23,1,PROD_SPRT_003,Sports & Outdoors,38,0,0,78.26
2025-01-23,1,PROD_SPRT_004,Sports & Outdoors,38,0,0,78.26
2025-01-24,1,PROD_ELEC_001,Electronics,14,0,0,77.65
2025-01-24,1,PROD_ELEC_002,Electronics,48,1,0,77.65
2025-01-24,1,PROD_ELEC_003,Electronics,27,0,0,77.65
2025-01-24,1,PROD_ELEC_004,Electronics,26,0,0,77.65
2025-01-24,1,PROD_ELEC_005,Electronics,28,0,0,77.65
2025-01-24,1,PROD_APP_001,Apparel,28,0,0,77.65
2025-01-24,1,PROD_APP_002,Apparel,32,0,0,77.65
2025-01-24,1,PROD_APP_003,Apparel,23,0,0,77.65
2025-01-24,1,PROD_APP_004,Apparel,25,0,0,77.65
2025-01-24,1,PROD_HOME_001,Home & Kitchen,31,0,0,77.65
2025-01-24,1,PROD_HOME_002,Home & Kitchen,32,0,0,77.65
2025-01-24,1,PROD_HOME_003,Home & Kitchen,32,0,0,77.65
2025-01-24,1,PROD_HOME_004,Home & Kitchen,26,0,0,77.65
2025-01-24,1,PROD_BEAU_001,Health & Beauty,39,1,0,77.65
2025-01-24,1,PROD_BEAU_002,Health & Beauty,27,0,0,77.65
2025-01-24,1,PROD_BEAU_003,Health & Beauty,30,0,0,77.65
2025-01-24,1,PROD_SPRT_001,Sports & Outdoors,35,0,0,77.65
2025-01-24,1,PROD_SPRT_002,Sports & Outdoors,21,0,0,77.65
2025-01-24,1,PROD_SPRT_003,Sports & Outdoors,42,1,0,77.65
2025-01-24,1,PROD_SPRT_004,Sports & Outdoors,24,0,0,77.65
2025-01-25,1,PROD_ELEC_001,Electronics,41,0,0,75.76
2025-01-25,1,PROD_ELEC_002,Electronics,39,0,0,75.76
2025-01-25,1,PROD_ELEC_003,Electronics,39,0,0,75.76
2025-01-25,1,PROD_ELEC_004,Electronics,58,1,0,75.76
2025-01-25,1,PROD_ELEC_005,Electronics,35,0,0,75.76
2025-01-25,1,PROD_APP_001,Apparel,35,0,0,75.76
2025-01-25,1,PROD_APP_002,Apparel,46,0,0,75.76
2025-01-25,1,PROD_APP_003,Apparel,36,0,0,75.76
2025-01-25,1,PROD_APP_004,Apparel,40,0,0,75.76
2025-01-25,1,PROD_HOME_001,Home & Kitchen,37,0,0,75.76
2025-01-25,1,PROD_HOME_002,Home & Kitchen,30,0,0,75.76
2025-01-25,1,PROD_HOME_003,Home & Kitchen,29,0,0,75.76
2025-01-25,1,PROD_HOME_004,Home & Kitchen,52,1,0,75.76
2025-01-25,1,PROD_BEAU_001,Health & Beauty,41,0,0,75.76
2025-01-25,1,PROD_BEAU_002,Health & Beauty,57,1,0,75.76
2025-01-25,1,PROD_BEAU_003,Health & Beauty,41,0,0,75.76
2025-01-25,1,PROD_SPRT_001,Sports & Outdoors,50,1,0,75.76
2025-01-25,1,PROD_SPRT_002,Sports & Outdoors,43,0,0,75.76
2025-01-25,1,PROD_SPRT_003,Sports & Outdoors,33,0,0,75.76
2025-01-25,1,PROD_SPRT_004,Sports & Outdoors,38,0,0,75.76
2025-01-26,1,PROD_ELEC_001,Electronics,36,0,0,77.91
2025-01-26,1,PROD_ELEC_002,Electronics,42,0,0,77.91
2025-01-26,1,PROD_ELEC_003,Electronics,51,1,0,77.91
2025-01-26,1,PROD_ELEC_004,Electronics,32,0,0,77.91
2025-01-26,1,PROD_ELEC_005,Electronics,37,0,0,77.91
2025-01-26,1,PROD_APP_001,Apparel,35,0,0,77.91
2025-01-26,1,PROD_APP_002,Apparel,51,0,0,77.91
2025-01-26,1,PROD_APP_003,Apparel,40,0,0,77.91
2025-01-26,1,PROD_APP_004,Apparel,35,0,0,77.91
2025-01-26,1,PROD_HOME_001,Home & Kitchen,50,1,0,77.91
2025-01-26,1,PROD_HOME_002,Home & Kitchen,29,0,0,77.91
2025-01-26,1,PROD_HOME_003,Home & Kitchen,33,0,0,77.91
2025-01-26,1,PROD_HOME_004,Home & Kitchen,37,0,0,77.91
2025-01-26,1,PROD_BEAU_001,Health & Beauty,43,0,0,77.91
2025-01-26,1,PROD_BEAU_002,Health & Beauty,41,0,0,77.91
2025-01-26,1,PROD_BEAU_003,Health & Beauty,38,0,0,77.91
2025-01-26,1,PROD_SPRT_001,Sports & Outdoors,36,0,0,77.91
2025-01-26,1,PROD_SPRT_002,Sports & Outdoors,38,0,0,77.91
2025-01-26,1,PROD_SPRT_003,Sports & Outdoors,35,0,0,77.91
2025-01-26,1,PROD_SPRT_004,Sports & Outdoors,44,0,0,77.91
2025-01-27,1,PROD_ELEC_001,Electronics,29,0,0,77.87
2025-01-27,1,PROD_ELEC_002,Electronics,21,0,0,77.87
2025-01-27,1,PROD_ELEC_003,Electronics,42,1,0,77.87
2025-01-27,1,PROD_ELEC_004,Electronics,46,1,0,77.87
2025-01-27,1,PROD_ELEC_005,Electronics,39,1,0,77.87
2025-01-27,1,PROD_APP_001,Apparel,40,1,0,77.87
2025-01-27,1,PROD_APP_002,Apparel,33,0,0,77.87
2025-01-27,1,PROD_APP_003,Apparel,24,0,0,77.87
2025-01-27,1,PROD_APP_004,Apparel,34,0,0,77.87
2025-01-27,1,PROD_HOME_001,Home & Kitchen,27,0,0,77.87
2025-01-27,1,PROD_HOME_002,Home & Kitchen,28,0,0,77.87
2025-01-27,1,PROD_HOME_003,Home & Kitchen,25,0,0,77.87
2025-01-27,1,PROD_HOME_004,Home & Kitchen,31,0,0,77.87
2025-01-27,1,PROD_BEAU_001,Health & Beauty,39,0,0,77.87
2025-01-27,1,PROD_BEAU_002,Health & Beauty,33,0,0,77.87
2025-01-27,1,PROD_BEAU_003,Health & Beauty,40,1,0,77.87
2025-01-27,1,PROD_SPRT_001,Sports & Outdoors,34,0,0,77.87
2025-01-27,1,PROD_SPRT_002,Sports & Outdoors,28,0,0,77.87
2025-01-27,1,PROD_SPRT_003,Sports & Outdoors,35,0,0,77.87
2025-01-27,1,PROD_SPRT_004,Sports & Outdoors,46,1,0,77.87
2025-01-28,1,PROD_ELEC_001,Electronics,25,0,0,74.73
2025-01-28,1,PROD_ELEC_002,Electronics,47,1,0,74.73
2025-01-28,1,PROD_ELEC_003,Electronics,30,0,0,74.73
2025-01-28,1,PROD_ELEC_004,Electronics,25,0,0,74.73
2025-01-28,1,PROD_ELEC_005,Electronics,27,0,0,74.73
2025-01-28,1,PROD_APP_001,Apparel,22,0,0,74.73
2025-01-28,1,PROD_APP_002,Apparel,29,0,0,74.73
2025-01-28,1,PROD_APP_003,Apparel,38,0,0,74.73
2025-01-28,1,PROD_APP_004,Apparel,46,1,0,74.73
2025-01-28,1,PROD_HOME_001,Home & Kitchen,52,1,0,74.73
2025-01-28,1,PROD_HOME_002,Home & Kitchen,33,0,0,74.73
2025-01-28,1,PROD_HOME_003,Home & Kitchen,34,0,0,74.73
2025-01-28,1,PROD_HOME_004,Home & Kitchen,37,0,0,74.73
2025-01-28,1,PROD_BEAU_001,Health & Beauty,31,0,0,74.73
2025-01-28,1,PROD_BEAU_002,Health & Beauty,29,0,0,74.73
2025-01-28,1,PROD_BEAU_003,Health & Beauty,34,0,0,74.73
2025-01-28,1,PROD_SPRT_001,Sports & Outdoors,35,0,0,74.73
2025-01-28,1,PROD_SPRT_002,Sports & Outdoors,28,0,0,74.73
2025-01-28,1,PROD_SPRT_003,Sports & Outdoors,27,0,0,74.73
2025-01-28,1,PROD_SPRT_004,Sports & Outdoors,30,0,0,74.73
2025-01-29,1,PROD_ELEC_001,Electronics,33,0,0,79.43
2025-01-29,1,PROD_ELEC_002,Electronics,24,0,0,79.43
2025-01-29,1,PROD_ELEC_003,Electronics,37,0,0,79.43
2025-01-29,1,PROD_ELEC_004,Electronics,27,0,0,79.43
2025-01-29,1,PROD_ELEC_005,Electronics,42,1,0,79.43
2025-01-29,1,PROD_APP_001,Apparel,39,1,0,79.43
2025-01-29,1,PROD_APP_002,Apparel,40,0,0,79.43
2025-01-29,1,PROD_APP_003,Apparel,30,0,0,79.43
2025-01-29,1,PROD_APP_004,Apparel,26,0,0,79.43
2025-01-29,1,PROD_HOME_001,Home & Kitchen,33,0,0,79.43
2025-01-29,1,PROD_HOME_002,Home & Kitchen,33,0,0,79.43
2025-01-29,1,PROD_HOME_003,Home & Kitchen,29,0,0,79.43
2025-01-29,1,PROD_HOME_004,Home & Kitchen,33,0,0,79.43
2025-01-29,1,PROD_BEAU_001,Health & Beauty,26,0,0,79.43
2025-01-29,1,PROD_BEAU_002,Health & Beauty,28,0,0,79.43
2025-01-29,1,PROD_BEAU_003,Health & Beauty,35,1,0,79.43
2025-01-29,1,PROD_SPRT_001,Sports & Outdoors,24,0,0,79.43
2025-01-29,1,PROD_SPRT_002,Sports & Outdoors,37,0,0,79.43
2025-01-29,1,PROD_SPRT_003,Sports & Outdoors,36,0,0,79.43
2025-01-29,1,PROD_SPRT_004,Sports & Outdoors,30,0,0,79.43
2025-01-30,1,PROD_ELEC_001,Electronics,29,0,0,80.58
2025-01-30,1,PROD_ELEC_002,Electronics,29,0,0,80.58
2025-01-30,1,PROD_ELEC_003,Electronics,43,1,0,80.58
2025-01-30,1,PROD_ELEC_004,Electronics,29,0,0,80.58
2025-01-30,1,PROD_ELEC_005,Electronics,29,0,0,80.58
2025-01-30,1,PROD_APP_001,Apparel,34,0,0,80.58
2025-01-30,1,PROD_APP_002,Apparel,30,0,0,80.58
2025-01-30,1,PROD_APP_003,Apparel,32,0,0,80.58
2025-01-30,1,PROD_APP_004,Apparel,47,1,0,80.58
2025-01-30,1,PROD_HOME_001,Home & Kitchen,31,0,0,80.58
2025-01-30,1,PROD_HOME_002,Home & Kitchen,26,0,0,80.58
2025-01-30,1,PROD_HOME_003,Home & Kitchen,24,0,0,80.58
2025-01-30,1,PROD_HOME_004,Home & Kitchen,30,0,0,80.58
2025-01-30,1,PROD_BEAU_001,Health & Beauty,29,0,0,80.58
2025-01-30,1,PROD_BEAU_002,Health & Beauty,30,0,0,80.58
2025-01-30,1,PROD_BEAU_003,Health & Beauty,29,0,0,80.58
2025-01-30,1,PROD_SPRT_001,Sports & Outdoors,40,0,0,80.58
2025-01-30,1,PROD_SPRT_002,Sports & Outdoors,38,1,0,80.58
2025-01-30,1,PROD_SPRT_003,Sports & Outdoors,22,0,0,80.58
2025-01-30,1,PROD_SPRT_004,Sports & Outdoors,31,0,0,80.58
2025-01-31,1,PROD_ELEC_001,Electronics,31,0,0,78.28
2025-01-31,1,PROD_ELEC_002,Electronics,32,0,0,78.28
2025-01-31,1,PROD_ELEC_003,Electronics,35,0,0,78.28
2025-01-31,1,PROD_ELEC_004,Electronics,37,1,0,78.28
2025-01-31,1,PROD_ELEC_005,Electronics,27,0,0,78.28
2025-01-31,1,PROD_APP_001,Apparel,31,0,0,78.28
2025-01-31,1,PROD_APP_002,Apparel,33,0,0,78.28
2025-01-31,1,PROD_APP_003,Apparel,38,0,0,78.28
2025-01-31,1,PROD_APP_004,Apparel,33,0,0,78.28
2025-01-31,1,PROD_HOME_001,Home & Kitchen,29,0,0,78.28
2025-01-31,1,PROD_HOME_002,Home & Kitchen,26,0,0,78.28
2025-01-31,1,PROD_HOME_003,Home & Kitchen,27,0,0,78.28
2025-01-31,1,PROD_HOME_004,Home & Kitchen,27,0,0,78.28
2025-01-31,1,PROD_BEAU_001,Health & Beauty,32,0,0,78.28
2025-01-31,1,PROD_BEAU_002,Health & Beauty,31,0,0,78.28
2025-01-31,1,PROD_BEAU_003,Health & Beauty,24,0,0,78.28
2025-01-31,1,PROD_SPRT_001,Sports & Outdoors,28,0,0,78.28
2025-01-31,1,PROD_SPRT_002,Sports & Outdoors,33,0,0,78.28
2025-01-31,1,PROD_SPRT_003,Sports & Outdoors,31,0,0,78.28
2025-01-31,1,PROD_SPRT_004,Sports & Outdoors,45,1,0,78.28
2025-02-01,1,PROD_ELEC_001,Electronics,44,0,0,79.33
2025-02-01,1,PROD_ELEC_002,Electronics,38,0,0,79.33
2025-02-01,1,PROD_ELEC_003,Electronics,35,0,0,79.33
2025-02-01,1,PROD_ELEC_004,Electronics,33,0,0,79.33
2025-02-01,1,PROD_ELEC_005,Electronics,38,0,0,79.33
2025-02-01,1,PROD_APP_001,Apparel,44,1,0,79.33
2025-02-01,1,PROD_APP_002,Apparel,36,0,0,79.33
2025-02-01,1,PROD_APP_003,Apparel,36,0,0,79.33
2025-02-01,1,PROD_APP_004,Apparel,32,0,0,79.33
2025-02-01,1,PROD_HOME_001,Home & Kitchen,33,0,0,79.33
2025-02-01,1,PROD_HOME_002,Home & Kitchen,40,0,0,79.33
2025-02-01,1,PROD_HOME_003,Home & Kitchen,38,0,0,79.33
2025-02-01,1,PROD_HOME_004,Home & Kitchen,37,0,0,79.33
2025-02-01,1,PROD_BEAU_001,Health & Beauty,38,0,0,79.33
2025-02-01,1,PROD_BEAU_002,Health & Beauty,37,0,0,79.33
2025-02-01,1,PROD_BEAU_003,Health & Beauty,59,1,0,79.33
2025-02-01,1,PROD_SPRT_001,Sports & Outdoors,54,1,0,79.33
2025-02-01,1,PROD_SPRT_002,Sports & Outdoors,31,0,0,79.33
2025-02-01,1,PROD_SPRT_003,Sports & Outdoors,44,0,0,79.33
2025-02-01,1,PROD_SPRT_004,Sports & Outdoors,38,0,0,79.33
2025-02-02,1,PROD_ELEC_001,Electronics,32,0,0,78.3
2025-02-02,1,PROD_ELEC_002,Electronics,39,0,0,78.3
2025-02-02,1,PROD_ELEC_003,Electronics,37,0,0,78.3
2025-02-02,1,PROD_ELEC_004,Electronics,43,0,0,78.3
2025-02-02,1,PROD_ELEC_005,Electronics,52,1,0,78.3
2025-02-02,1,PROD_APP_001,Apparel,34,0,0,78.3
2025-02-02,1,PROD_APP_002,Apparel,41,0,0,78.3
2025-02-02,1,PROD_APP_003,Apparel,41,0,0,78.3
2025-02-02,1,PROD_APP_004,Apparel,38,0,0,78.3
2025-02-02,1,PROD_HOME_001,Home & Kitchen,40,0,0,78.3
2025-02-02,1,PROD_HOME_002,Home & Kitchen,37,0,0,78.3
2025-02-02,1,PROD_HOME_003,Home & Kitchen,38,0,0,78.3
2025-02-02,1,PROD_HOME_004,Home & Kitchen,42,0,0,78.3
2025-02-02,1,PROD_BEAU_001,Health & Beauty,40,0,0,78.3
2025-02-02,1,PROD_BEAU_002,Health & Beauty,36,0,0,78.3
2025-02-02,1,PROD_BEAU_003,Health & Beauty,42,0,0,78.3
2025-02-02,1,PROD_SPRT_001,Sports & Outdoors,28,0,0,78.3
2025-02-02,1,PROD_SPRT_002,Sports & Outdoors,45,0,0,78.3
2025-02-02,1,PROD_SPRT_003,Sports & Outdoors,30,0,0,78.3
2025-02-02,1,PROD_SPRT_004,Sports & Outdoors,34,0,0,78.3
2025-02-03,1,PROD_ELEC_001,Electronics,29,0,0,79.08
2025-02-03,1,PROD_ELEC_002,Electronics,47,1,0,79.08
2025-02-03,1,PROD_ELEC_003,Electronics,25,0,0,79.08
2025-02-03,1,PROD_ELEC_004,Electronics,31,0,0,79.08
2025-02-03,1,PROD_ELEC_005,Electronics,27,0,0,79.08
2025-02-03,1,PROD_APP_001,Apparel,31,0,0,79.08
2025-02-03,1,PROD_APP_002,Apparel,29,0,0,79.08
2025-02-03,1,PROD_APP_003,Apparel,30,0,0,79.08
2025-02-03,1,PROD_APP_004,Apparel,27,0,0,79.08
2025-02-03,1,PROD_HOME_001,Home & Kitchen,41,1,0,79.08
2025-02-03,1,PROD_HOME_002,Home & Kitchen,31,0,0,79.08
2025-02-03,1,PROD_HOME_003,Home & Kitchen,33,0,0,79.08
2025-02-03,1,PROD_HOME_004,Home & Kitchen,27,0,0,79.08
2025-02-03,1,PROD_BEAU_001,Health & Beauty,40,1,0,79.08
2025-02-03,1,PROD_BEAU_002,Health & Beauty,32,0,0,79.08
2025-02-03,1,PROD_BEAU_003,Health & Beauty,43,1,0,79.08
2025-02-03,1,PROD_SPRT_001,Sports & Outdoors,33,0,0,79.08
2025-02-03,1,PROD_SPRT_002,Sports & Outdoors,39,1,0,79.08
2025-02-03,1,PROD_SPRT_003,Sports & Outdoors,36,1,0,79.08
2025-02-03,1,PROD_SPRT_004,Sports & Outdoors,27,0,0,79.08
2025-02-04,1,PROD_ELEC_001,Electronics,43,1,0,78.33
2025-02-04,1,PROD_ELEC_002,Electronics,27,0,0,78.33
2025-02-04,1,PROD_ELEC_003,Electronics,32,0,0,78.33
2025-02-04,1,PROD_ELEC_004,Electronics,28,0,0,78.33
2025-02-04,1,PROD_ELEC_005,Electronics,30,0,0,78.33
2025-02-04,1,PROD_APP_001,Apparel,30,0,0,78.33
2025-02-04,1,PROD_APP_002,Apparel,30,0,0,78.33
2025-02-04,1,PROD_APP_003,Apparel,43,1,0,78.33
2025-02-04,1,PROD_APP_004,Apparel,45,1,0,78.33
2025-02-04,1,PROD_HOME_001,Home & Kitchen,26,0,0,78.33
2025-02-04,1,PROD_HOME_002,Home & Kitchen,35,0,0,78.33
2025-02-04,1,PROD_HOME_003,Home & Kitchen,29,0,0,78.33
2025-02-04,1,PROD_HOME_004,Home & Kitchen,24,0,0,78.33
2025-02-04,1,PROD_BEAU_001,Health & Beauty,30,0,0,78.33
2025-02-04,1,PROD_BEAU_002,Health & Beauty,40,1,0,78.33
2025-02-04,1,PROD_BEAU_003,Health & Beauty,32,0,0,78.33
2025-02-04,1,PROD_SPRT_001,Sports & Outdoors,38,0,0,78.33
2025-02-04,1,PROD_SPRT_002,Sports & Outdoors,26,0,0,78.33
2025-02-04,1,PROD_SPRT_003,Sports & Outdoors,31,0,0,78.33
2025-02-04,1,PROD_SPRT_004,Sports & Outdoors,22,0,0,78.33
2025-02-05,1,PROD_ELEC_001,Electronics,26,0,0,79.9
2025-02-05,1,PROD_ELEC_002,Electronics,27,0,0,79.9
2025-02-05,1,PROD_ELEC_003,Electronics,25,0,0,79.9
2025-02-05,1,PROD_ELEC_004,Electronics,32,0,0,79.9
2025-02-05,1,PROD_ELEC_005,Electronics,34,0,0,79.9
2025-02-05,1,PROD_APP_001,Apparel,30,0,0,79.9
2025-02-05,1,PROD_APP_002,Apparel,26,0,0,79.9
2025-02-05,1,PROD_APP_003,Apparel,36,0,0,79.9
2025-02-05,1,PROD_APP_004,Apparel,26,0,0,79.9
2025-02-05,1,PROD_HOME_001,Home & Kitchen,21,0,0,79.9
2025-02-05,1,PROD_HOME_002,Home & Kitchen,31,0,0,79.9
2025-02-05,1,PROD_HOME_003,Home & Kitchen,25,0,0,79.9
2025-02-05,1,PROD_HOME_004,Home & Kitchen,33,0,0,79.9
2025-02-05,1,PROD_BEAU_001,Health & Beauty,28,0,0,79.9
2025-02-05,1,PROD_BEAU_002,Health & Beauty,32,0,0,79.9
2025-02-05,1,PROD_BEAU_003,Health & Beauty,35,0,0,79.9
2025-02-05,1,PROD_SPRT_001,Sports & Outdoors,25,0,0,79.9
2025-02-05,1,PROD_SPRT_002,Sports & Outdoors,41,1,0,79.9
2025-02-05,1,PROD_SPRT_003,Sports & Outdoors,29,0,0,79.9
2025-02-05,1,PROD_SPRT_004,Sports & Outdoors,36,0,0,79.9
2025-02-06,1,PROD_ELEC_001,Electronics,27,0,0,78.67
2025-02-06,1,PROD_ELEC_002,Electronics,31,0,0,78.67
2025-02-06,1,PROD_ELEC_003,Electronics,27,0,0,78.67
2025-02-06,1,PROD_ELEC_004,Electronics,30,0,0,78.67
2025-02-06,1,PROD_ELEC_005,Electronics,23,0,0,78.67
2025-02-06,1,PROD_APP_001,Apparel,38,0,0,78.67
2025-02-06,1,PROD_APP_002,Apparel,24,0,0,78.67
2025-02-06,1,PROD_APP_003,Apparel,28,0,0,78.67
2025-02-06,1,PROD_APP_004,Apparel,29,0,0,78.67
2025-02-06,1,PROD_HOME_001,Home & Kitchen,37,0,0,78.67
2025-02-06,1,PROD_HOME_002,Home & Kitchen,24,0,0,78.67
2025-02-06,1,PROD_HOME_003,Home & Kitchen,37,0,0,78.67
2025-02-06,1,PROD_HOME_004,Home & Kitchen,33,0,0,78.67
2025-02-06,1,PROD_BEAU_001,Health & Beauty,31,0,0,78.67
2025-02-06,1,PROD_BEAU_002,Health & Beauty,26,0,0,78.67
2025-02-06,1,PROD_BEAU_003,Health & Beauty,45,1,0,78.67
2025-02-06,1,PROD_SPRT_001,Sports & Outdoors,27,0,0,78.67
2025-02-06,1,PROD_SPRT_002,Sports & Outdoors,35,0,0,78.67
2025-02-06,1,PROD_SPRT_003,Sports & Outdoors,26,0,0,78.67
2025-02-06,1,PROD_SPRT_004,Sports & Outdoors,29,0,0,78.67
2025-02-07,1,PROD_ELEC_001,Electronics,26,0,0,78.88
2025-02-07,1,PROD_ELEC_002,Electronics,32,0,0,78.88
2025-02-07,1,PROD_ELEC_003,Electronics,45,1,0,78.88
2025-02-07,1,PROD_ELEC_004,Electronics,34,0,0,78.88
2025-02-07,1,PROD_ELEC_005,Electronics,22,0,0,78.88
2025-02-07,1,PROD_APP_001,Apparel,47,1,0,78.88
2025-02-07,1,PROD_APP_002,Apparel,40,0,0,78.88
2025-02-07,1,PROD_APP_003,Apparel,41,1,0,78.88
2025-02-07,1,PROD_APP_004,Apparel,37,0,0,78.88
2025-02-07,1,PROD_HOME_001,Home & Kitchen,28,0,0,78.88
2025-02-07,1,PROD_HOME_002,Home & Kitchen,24,0,0,78.88
2025-02-07,1,PROD_HOME_003,Home & Kitchen,28,0,0,78.88
2025-02-07,1,PROD_HOME_004,Home & Kitchen,34,0,0,78.88
2025-02-07,1,PROD_BEAU_001,Health & Beauty,26,0,0,78.88
2025-02-07,1,PROD_BEAU_002,Health & Beauty,27,0,0,78.88
2025-02-07,1,PROD_BEAU_003,Health & Beauty,32,0,0,78.88
2025-02-07,1,PROD_SPRT_001,Sports & Outdoors,30,0,0,78.88
2025-02-07,1,PROD_SPRT_002,Sports & Outdoors,32,0,0,78.88
2025-02-07,1,PROD_SPRT_003,Sports & Outdoors,30,0,0,78.88
2025-02-07,1,PROD_SPRT_004,Sports & Outdoors,45,1,0,78.88
2025-02-08,1,PROD_ELEC_001,Electronics,38,0,0,79.11
2025-02-08,1,PROD_ELEC_002,Electronics,33,0,0,79.11
2025-02-08,1,PROD_ELEC_003,Electronics,42,0,0,79.11
2025-02-08,1,PROD_ELEC_004,Electronics,34,0,0,79.11
2025-02-08,1,PROD_ELEC_005,Electronics,42,0,0,79.11
2025-02-08,1,PROD_APP_001,Apparel,53,1,0,79.11
2025-02-08,1,PROD_APP_002,Apparel,38,0,0,79.11
2025-02-08,1,PROD_APP_003,Apparel,52,1,0,79.11
2025-02-08,1,PROD_APP_004,Apparel,33,0,0,79.11
2025-02-08,1,PROD_HOME_001,Home & Kitchen,30,0,0,79.11
2025-02-08,1,PROD_HOME_002,Home & Kitchen,33,0,0,79.11
2025-02-08,1,PROD_HOME_003,Home & Kitchen,36,0,0,79.11
2025-02-08,1,PROD_HOME_004,Home & Kitchen,38,0,0,79.11
2025-02-08,1,PROD_BEAU_001,Health & Beauty,41,0,0,79.11
2025-02-08,1,PROD_BEAU_002,Health & Beauty,35,0,0,79.11
2025-02-08,1,PROD_BEAU_003,Health & Beauty,33,0,0,79.11
2025-02-08,1,PROD_SPRT_001,Sports & Outdoors,48,1,0,79.11
2025-02-08,1,PROD_SPRT_002,Sports & Outdoors,39,0,0,79.11
2025-02-08,1,PROD_SPRT_003,Sports & Outdoors,59,1,0,79.11
2025-02-08,1,PROD_SPRT_004,Sports & Outdoors,42,0,0,79.11
2025-02-09,1,PROD_ELEC_001,Electronics,40,0,0,80.56
2025-02-09,1,PROD_ELEC_002,Electronics,44,0,0,80.56
2025-02-09,1,PROD_ELEC_003,Electronics,38,0,0,80.56
2025-02-09,1,PROD_ELEC_004,Electronics,40,0,0,80.56
2025-02-09,1,PROD_ELEC_005,Electronics,36,0,0,80.56
2025-02-09,1,PROD_APP_001,Apparel,32,0,0,80.56
2025-02-09,1,PROD_APP_002,Apparel,34,0,0,80.56
2025-02-09,1,PROD_APP_003,Apparel,37,0,0,80.56
2025-02-09,1,PROD_APP_004,Apparel,54,1,0,80.56
2025-02-09,1,PROD_HOME_001,Home & Kitchen,62,1,0,80.56
2025-02-09,1,PROD_HOME_002,Home & Kitchen,37,0,0,80.56
2025-02-09,1,PROD_HOME_003,Home & Kitchen,42,0,0,80.56
2025-02-09,1,PROD_HOME_004,Home & Kitchen,35,0,0,80.56
2025-02-09,1,PROD_BEAU_001,Health & Beauty,36,0,0,80.56
2025-02-09,1,PROD_BEAU_002,Health & Beauty,32,0,0,80.56
2025-02-09,1,PROD_BEAU_003,Health & Beauty,34,0,0,80.56
2025-02-09,1,PROD_SPRT_001,Sports & Outdoors,39,0,0,80.56
2025-02-09,1,PROD_SPRT_002,Sports & Outdoors,54,1,0,80.56
2025-02-09,1,PROD_SPRT_003,Sports & Outdoors,41,0,0,80.56
2025-02-09,1,PROD_SPRT_004,Sports & Outdoors,38,0,0,80.56
2025-02-10,1,PROD_ELEC_001,Electronics,38,0,0,79.35
2025-02-10,1,PROD_ELEC_002,Electronics,29,0,0,79.35
2025-02-10,1,PROD_ELEC_003,Electronics,48,1,0,79.35
2025-02-10,1,PROD_ELEC_004,Electronics,28,0,0,79.35
2025-02-10,1,PROD_ELEC_005,Electronics,32,0,0,79.35
2025-02-10,1,PROD_APP_001,Apparel,47,1,0,79.35
2025-02-10,1,PROD_APP_002,Apparel,30,0,0,79.35
2025-02-10,1,PROD_APP_003,Apparel,20,0,0,79.35
2025-02-10,1,PROD_APP_004,Apparel,30,0,0,79.35
2025-02-10,1,PROD_HOME_001,Home & Kitchen,34,0,0,79.35
2025-02-10,1,PROD_HOME_002,Home & Kitchen,32,0,0,79.35
2025-02-10,1,PROD_HOME_003,Home & Kitchen,31,0,0,79.35
2025-02-10,1,PROD_HOME_004,Home & Kitchen,23,0,0,79.35
2025-02-10,1,PROD_BEAU_001,Health & Beauty,27,0,0,79.35
2025-02-10,1,PROD_BEAU_002,Health & Beauty,45,1,0,79.35
2025-02-10,1,PROD_BEAU_003,Health & Beauty,31,0,0,79.35
2025-02-10,1,PROD_SPRT_001,Sports & Outdoors,34,0,0,79.35
2025-02-10,1,PROD_SPRT_002,Sports & Outdoors,42,1,0,79.35
2025-02-10,1,PROD_SPRT_003,Sports & Outdoors,45,1,0,79.35
2025-02-10,1,PROD_SPRT_004,Sports & Outdoors,30,0,0,79.35
2025-02-11,1,PROD_ELEC_001,Electronics,20,0,0,78.65
2025-02-11,1,PROD_ELEC_002,Electronics,31,0,0,78.65
2025-02-11,1,PROD_ELEC_003,Electronics,30,0,0,78.65
2025-02-11,1,PROD_ELEC_004,Electronics,27,0,0,78.65
2025-02-11,1,PROD_ELEC_005,Electronics,23,0,0,78.65
2025-02-11,1,PROD_APP_001,Apparel,46,1,0,78.65
2025-02-11,1,PROD_APP_002,Apparel,28,0,0,78.65
2025-02-11,1,PROD_APP_003,Apparel,32,0,0,78.65
2025-02-11,1,PROD_APP_004,Apparel,37,0,0,78.65
2025-02-11,1,PROD_HOME_001,Home & Kitchen,21,0,0,78.65
2025-02-11,1,PROD_HOME_002,Home & Kitchen,40,1,0,78.65
2025-02-11,1,PROD_HOME_003,Home & Kitchen,42,1,0,78.65
2025-02-11,1,PROD_HOME_004,Home & Kitchen,35,0,0,78.65
2025-02-11,1,PROD_BEAU_001,Health & Beauty,23,0,0,78.65
2025-02-11,1,PROD_BEAU_002,Health & Beauty,37,0,0,78.65
2025-02-11,1,PROD_BEAU_003,Health & Beauty,30,0,0,78.65
2025-02-11,1,PROD_SPRT_001,Sports & Outdoors,29,0,0,78.65
2025-02-11,1,PROD_SPRT_002,Sports & Outdoors,29,0,0,78.65
2025-02-11,1,PROD_SPRT_003,Sports & Outdoors,28,0,0,78.65
2025-02-11,1,PROD_SPRT_004,Sports & Outdoors,34,0,0,78.65
2025-02-12,1,PROD_ELEC_001,Electronics,31,0,0,78.6
2025-02-12,1,PROD_ELEC_002,Electronics,28,0,0,78.6
2025-02-12,1,PROD_ELEC_003,Electronics,26,0,0,78.6
2025-02-12,1,PROD_ELEC_004,Electronics,53,1,0,78.6
2025-02-12,1,PROD_ELEC_005,Electronics,31,0,0,78.6
2025-02-12,1,PROD_APP_001,Apparel,32,0,0,78.6
2025-02-12,1,PROD_APP_002,Apparel,48,1,0,78.6
2025-02-12,1,PROD_APP_003,Apparel,24,0,0,78.6
2025-02-12,1,PROD_APP_004,Apparel,50,1,0,78.6
2025-02-12,1,PROD_HOME_001,Home & Kitchen,19,0,0,78.6
2025-02-12,1,PROD_HOME_002,Home & Kitchen,26,0,0,78.6
2025-02-12,1,PROD_HOME_003,Home & Kitchen,28,0,0,78.6
2025-02-12,1,PROD_HOME_004,Home & Kitchen,45,1,0,78.6
2025-02-12,1,PROD_BEAU_001,Health & Beauty,30,0,0,78.6
2025-02-12,1,PROD_BEAU_002,Health & Beauty,29,0,0,78.6
2025-02-12,1,PROD_BEAU_003,Health & Beauty,43,1,0,78.6
2025-02-12,1,PROD_SPRT_001,Sports & Outdoors,26,0,0,78.6
2025-02-12,1,PROD_SPRT_002,Sports & Outdoors,24,0,0,78.6
2025-02-12,1,PROD_SPRT_003,Sports & Outdoors,46,1,0,78.6
2025-02-12,1,PROD_SPRT_004,Sports & Outdoors,32,0,0,78.6
2025-02-13,1,PROD_ELEC_001,Electronics,26,0,0,81.83
2025-02-13,1,PROD_ELEC_002,Electronics,32,0,0,81.83
2025-02-13,1,PROD_ELEC_003,Electronics,28,0,0,81.83
2025-02-13,1,PROD_ELEC_004,Electronics,34,0,0,81.83
2025-02-13,1,PROD_ELEC_005,Electronics,47,1,0,81.83
2025-02-13,1,PROD_APP_001,Apparel,30,0,0,81.83
2025-02-13,1,PROD_APP_002,Apparel,28,0,0,81.83
2025-02-13,1,PROD_APP_003,Apparel,33,0,0,81.83
2025-02-13,1,PROD_APP_004,Apparel,32,0,0,81.83
2025-02-13,1,PROD_HOME_001,Home & Kitchen,27,0,0,81.83
2025-02-13,1,PROD_HOME_002,Home & Kitchen,24,0,0,81.83
2025-02-13,1,PROD_HOME_003,Home & Kitchen,28,0,0,81.83
2025-02-13,1,PROD_HOME_004,Home & Kitchen,49,1,0,81.83
2025-02-13,1,PROD_BEAU_001,Health & Beauty,34,0,0,81.83
2025-02-13,1,PROD_BEAU_002,Health & Beauty,39,1,0,81.83
2025-02-13,1,PROD_BEAU_003,Health & Beauty,25,0,0,81.83
2025-02-13,1,PROD_SPRT_001,Sports & Outdoors,35,0,0,81.83
2025-02-13,1,PROD_SPRT_002,Sports & Outdoors,38,1,0,81.83
2025-02-13,1,PROD_SPRT_003,Sports & Outdoors,32,0,0,81.83
2025-02-13,1,PROD_SPRT_004,Sports & Outdoors,41,1,0,81.83
2025-02-14,1,PROD_ELEC_001,Electronics,26,0,0,81.9
2025-02-14,1,PROD_ELEC_002,Electronics,34,0,0,81.9
2025-02-14,1,PROD_ELEC_003,Electronics,30,0,0,81.9
2025-02-14,1,PROD_ELEC_004,Electronics,31,0,0,81.9
2025-02-14,1,PROD_ELEC_005,Electronics,22,0,0,81.9
2025-02-14,1,PROD_APP_001,Apparel,21,0,0,81.9
2025-02-14,1,PROD_APP_002,Apparel,29,0,0,81.9
2025-02-14,1,PROD_APP_003,Apparel,30,0,0,81.9
2025-02-14,1,PROD_APP_004,Apparel,25,0,0,81.9
2025-02-14,1,PROD_HOME_001,Home & Kitchen,25,0,0,81.9
2025-02-14,1,PROD_HOME_002,Home & Kitchen,32,0,0,81.9
2025-02-14,1,PROD_HOME_003,Home & Kitchen,32,0,0,81.9
2025-02-14,1,PROD_HOME_004,Home & Kitchen,29,0,0,81.9
2025-02-14,1,PROD_BEAU_001,Health & Beauty,33,0,0,81.9
2025-02-14,1,PROD_BEAU_002,Health & Beauty,25,0,0,81.9
2025-02-14,1,PROD_BEAU_003,Health & Beauty,28,0,0,81.9
2025-02-14,1,PROD_SPRT_001,Sports & Outdoors,50,1,0,81.9
2025-02-14,1,PROD_SPRT_002,Sports & Outdoors,30,0,0,81.9
2025-02-14,1,PROD_SPRT_003,Sports & Outdoors,30,0,0,81.9
2025-02-14,1,PROD_SPRT_004,Sports & Outdoors,39,0,0,81.9
2025-02-15,1,PROD_ELEC_001,Electronics,40,0,0,78.3
2025-02-15,1,PROD_ELEC_002,Electronics,61,1,0,78.3
2025-02-15,1,PROD_ELEC_003,Electronics,53,1,0,78.3
2025-02-15,1,PROD_ELEC_004,Electronics,40,0,0,78.3
2025-02-15,1,PROD_ELEC_005,Electronics,33,0,0,78.3
2025-02-15,1,PROD_APP_001,Apparel,34,0,0,78.3
2025-02-15,1,PROD_APP_002,Apparel,39,0,0,78.3
2025-02-15,1,PROD_APP_003,Apparel,40,0,0,78.3
2025-02-15,1,PROD_APP_004,Apparel,41,0,0,78.3
2025-02-15,1,PROD_HOME_001,Home & Kitchen,43,0,0,78.3
2025-02-15,1,PROD_HOME_002,Home & Kitchen,37,0,0,78.3
2025-02-15,1,PROD_HOME_003,Home & Kitchen,42,0,0,78.3
2025-02-15,1,PROD_HOME_004,Home & Kitchen,36,0,0,78.3
2025-02-15,1,PROD_BEAU_001,Health & Beauty,57,1,0,78.3
2025-02-15,1,PROD_BEAU_002,Health & Beauty,38,0,0,78.3
2025-02-15,1,PROD_BEAU_003,Health & Beauty,39,0,0,78.3
2025-02-15,1,PROD_SPRT_001,Sports & Outdoors,39,0,0,78.3
2025-02-15,1,PROD_SPRT_002,Sports & Outdoors,31,0,0,78.3
2025-02-15,1,PROD_SPRT_003,Sports & Outdoors,49,1,0,78.3
2025-02-15,1,PROD_SPRT_004,Sports & Outdoors,37,0,0,78.3
2025-02-16,1,PROD_ELEC_001,Electronics,57,1,0,77.97
2025-02-16,1,PROD_ELEC_002,Electronics,57,1,0,77.97
2025-02-16,1,PROD_ELEC_003,Electronics,38,0,0,77.97
2025-02-16,1,PROD_ELEC_004,Electronics,33,0,0,77.97
2025-02-16,1,PROD_ELEC_005,Electronics,59,1,0,77.97
2025-02-16,1,PROD_APP_001,Apparel,45,0,0,77.97
2025-02-16,1,PROD_APP_002,Apparel,38,0,0,77.97
2025-02-16,1,PROD_APP_003,Apparel,39,0,0,77.97
2025-02-16,1,PROD_APP_004,Apparel,38,0,0,77.97
2025-02-16,1,PROD_HOME_001,Home & Kitchen,39,0,0,77.97
2025-02-16,1,PROD_HOME_002,Home & Kitchen,53,1,0,77.97
2025-02-16,1,PROD_HOME_003,Home & Kitchen,37,0,0,77.97
2025-02-16,1,PROD_HOME_004,Home & Kitchen,41,0,0,77.97
2025-02-16,1,PROD_BEAU_001,Health & Beauty,46,0,0,77.97
2025-02-16,1,PROD_BEAU_002,Health & Beauty,31,0,0,77.97
2025-02-16,1,PROD_BEAU_003,Health & Beauty,37,0,0,77.97
2025-02-16,1,PROD_SPRT_001,Sports & Outdoors,32,0,0,77.97
2025-02-16,1,PROD_SPRT_002,Sports & Outdoors,43,0,0,77.97
2025-02-16,1,PROD_SPRT_003,Sports & Outdoors,35,0,0,77.97
2025-02-16,1,PROD_SPRT_004,Sports & Outdoors,31,0,0,77.97
2025-02-17,1,PROD_ELEC_001,Electronics,50,1,0,80.77
2025-02-17,1,PROD_ELEC_002,Electronics,32,0,0,80.77
2025-02-17,1,PROD_ELEC_003,Electronics,30,0,0,80.77
2025-02-17,1,PROD_ELEC_004,Electronics,31,0,0,80.77
2025-02-17,1,PROD_ELEC_005,Electronics,49,1,0,80.77
2025-02-17,1,PROD_APP_001,Apparel,26,0,0,80.77
2025-02-17,1,PROD_APP_002,Apparel,29,0,0,80.77
2025-02-17,1,PROD_APP_003,Apparel,28,0,0,80.77
2025-02-17,1,PROD_APP_004,Apparel,25,0,0,80.77
2025-02-17,1,PROD_HOME_001,Home & Kitchen,28,0,0,80.77
2025-02-17,1,PROD_HOME_002,Home & Kitchen,34,0,0,80.77
2025-02-17,1,PROD_HOME_003,Home & Kitchen,32,0,0,80.77
2025-02-17,1,PROD_HOME_004,Home & Kitchen,32,0,0,80.77
2025-02-17,1,PROD_BEAU_001,Health & Beauty,30,0,0,80.77
2025-02-17,1,PROD_BEAU_002,Health & Beauty,32,0,0,80.77
2025-02-17,1,PROD_BEAU_003,Health & Beauty,26,0,0,80.77
2025-02-17,1,PROD_SPRT_001,Sports & Outdoors,28,0,0,80.77
2025-02-17,1,PROD_SPRT_002,Sports & Outdoors,44,1,0,80.77
2025-02-17,1,PROD_SPRT_003,Sports & Outdoors,31,0,0,80.77
2025-02-17,1,PROD_SPRT_004,Sports & Outdoors,31,0,0,80.77
2025-02-18,1,PROD_ELEC_001,Electronics,28,0,0,79.83
2025-02-18,1,PROD_ELEC_002,Electronics,42,0,0,79.83
2025-02-18,1,PROD_ELEC_003,Electronics,33,0,0,79.83
2025-02-18,1,PROD_ELEC_004,Electronics,31,0,0,79.83
2025-02-18,1,PROD_ELEC_005,Electronics,29,0,0,79.83
2025-02-18,1,PROD_APP_001,Apparel,28,0,0,79.83
2025-02-18,1,PROD_APP_002,Apparel,29,0,0,79.83
2025-02-18,1,PROD_APP_003,Apparel,31,0,0,79.83
2025-02-18,1,PROD_APP_004,Apparel,22,0,0,79.83
2025-02-18,1,PROD_HOME_001,Home & Kitchen,37,1,0,79.83
2025-02-18,1,PROD_HOME_002,Home & Kitchen,27,0,0,79.83
2025-02-18,1,PROD_HOME_003,Home & Kitchen,30,0,0,79.83
2025-02-18,1,PROD_HOME_004,Home & Kitchen,29,0,0,79.83
2025-02-18,1,PROD_BEAU_001,Health & Beauty,35,0,0,79.83
2025-02-18,1,PROD_BEAU_002,Health & Beauty,24,0,0,79.83
2025-02-18,1,PROD_BEAU_003,Health & Beauty,40,1,0,79.83
2025-02-18,1,PROD_SPRT_001,Sports & Outdoors,36,0,0,79.83
2025-02-18,1,PROD_SPRT_002,Sports & Outdoors,30,0,0,79.83
2025-02-18,1,PROD_SPRT_003,Sports & Outdoors,33,0,0,79.83
2025-02-18,1,PROD_SPRT_004,Sports & Outdoors,38,0,0,79.83
2025-02-19,1,PROD_ELEC_001,Electronics,29,0,0,79.15
2025-02-19,1,PROD_ELEC_002,Electronics,28,0,0,79.15
2025-02-19,1,PROD_ELEC_003,Electronics,22,0,0,79.15
2025-02-19,1,PROD_ELEC_004,Electronics,28,0,0,79.15
2025-02-19,1,PROD_ELEC_005,Electronics,33,0,0,79.15
2025-02-19,1,PROD_APP_001,Apparel,32,0,0,79.15
2025-02-19,1,PROD_APP_002,Apparel,32,0,0,79.15
2025-02-19,1,PROD_APP_003,Apparel,28,0,0,79.15
2025-02-19,1,PROD_APP_004,Apparel,27,0,0,79.15
2025-02-19,1,PROD_HOME_001,Home & Kitchen,35,0,0,79.15
2025-02-19,1,PROD_HOME_002,Home & Kitchen,41,1,0,79.15
2025-02-19,1,PROD_HOME_003,Home & Kitchen,31,0,0,79.15
2025-02-19,1,PROD_HOME_004,Home & Kitchen,30,0,0,79.15
2025-02-19,1,PROD_BEAU_001,Health & Beauty,49,1,0,79.15
2025-02-19,1,PROD_BEAU_002,Health & Beauty,33,0,0,79.15
2025-02-19,1,PROD_BEAU_003,Health & Beauty,24,0,0,79.15
2025-02-19,1,PROD_SPRT_001,Sports & Outdoors,25,0,0,79.15
2025-02-19,1,PROD_SPRT_002,Sports & Outdoors,32,0,0,79.15
2025-02-19,1,PROD_SPRT_003,Sports & Outdoors,29,0,0,79.15
2025-02-19,1,PROD_SPRT_004,Sports & Outdoors,28,0,0,79.15
2025-02-20,1,PROD_ELEC_001,Electronics,30,0,0,81.18
2025-02-20,1,PROD_ELEC_002,Electronics,30,0,0,81.18
2025-02-20,1,PROD_ELEC_003,Electronics,33,0,0,81.18
2025-02-20,1,PROD_ELEC_004,Electronics,28,0,0,81.18
2025-02-20,1,PROD_ELEC_005,Electronics,36,0,0,81.18
2025-02-20,1,PROD_APP_001,Apparel,26,0,0,81.18
2025-02-20,1,PROD_APP_002,Apparel,32,0,0,81.18
2025-02-20,1,PROD_APP_003,Apparel,35,0,0,81.18
2025-02-20,1,PROD_APP_004,Apparel,37,1,0,81.18
2025-02-20,1,PROD_HOME_001,Home & Kitchen,28,0,0,81.18
2025-02-20,1,PROD_HOME_002,Home & Kitchen,34,0,0,81.18
2025-02-20,1,PROD_HOME_003,Home & Kitchen,34,0,0,81.18
2025-02-20,1,PROD_HOME_004,Home & Kitchen,29,0,0,81.18
2025-02-20,1,PROD_BEAU_001,Health & Beauty,27,0,0,81.18
2025-02-20,1,PROD_BEAU_002,Health & Beauty,33,0,0,81.18
2025-02-20,1,PROD_BEAU_003,Health & Beauty,34,0,0,81.18
2025-02-20,1,PROD_SPRT_001,Sports & Outdoors,25,0,0,81.18
2025-02-20,1,PROD_SPRT_002,Sports & Outdoors,38,1,0,81.18
2025-02-20,1,PROD_SPRT_003,Sports & Outdoors,30,0,0,81.18
2025-02-20,1,PROD_SPRT_004,Sports & Outdoors,32,0,0,81.18
2025-02-21,1,PROD_ELEC_001,Electronics,32,0,0,79.57
2025-02-21,1,PROD_ELEC_002,Electronics,27,0,0,79.57
2025-02-21,1,PROD_ELEC_003,Electronics,35,1,0,79.57
2025-02-21,1,PROD_ELEC_004,Electronics,28,0,0,79.57
2025-02-21,1,PROD_ELEC_005,Electronics,30,0,0,79.57
2025-02-21,1,PROD_APP_001,Apparel,28,0,0,79.57
2025-02-21,1,PROD_APP_002,Apparel,25,0,0,79.57
2025-02-21,1,PROD_APP_003,Apparel,22,0,0,79.57
2025-02-21,1,PROD_APP_004,Apparel,27,0,0,79.57
2025-02-21,1,PROD_HOME_001,Home & Kitchen,33,0,0,79.57
2025-02-21,1,PROD_HOME_002,Home & Kitchen,35,0,0,79.57
2025-02-21,1,PROD_HOME_003,Home & Kitchen,34,0,0,79.57
2025-02-21,1,PROD_HOME_004,Home & Kitchen,26,0,0,79.57
2025-02-21,1,PROD_BEAU_001,Health & Beauty,25,0,0,79.57
2025-02-21,1,PROD_BEAU_002,Health & Beauty,45,1,0,79.57
2025-02-21,1,PROD_BEAU_003,Health & Beauty,32,0,0,79.57
2025-02-21,1,PROD_SPRT_001,Sports & Outdoors,45,1,0,79.57
2025-02-21,1,PROD_SPRT_002,Sports & Outdoors,21,0,0,79.57
2025-02-21,1,PROD_SPRT_003,Sports & Outdoors,26,0,0,79.57
2025-02-21,1,PROD_SPRT_004,Sports & Outdoors,29,0,0,79.57
2025-02-22,1,PROD_ELEC_001,Electronics,40,0,0,80.48
2025-02-22,1,PROD_ELEC_002,Electronics,38,0,0,80.48
2025-02-22,1,PROD_ELEC_003,Electronics,55,1,0,80.48
2025-02-22,1,PROD_ELEC_004,Electronics,54,1,0,80.48
2025-02-22,1,PROD_ELEC_005,Electronics,40,0,0,80.48
2025-02-22,1,PROD_APP_001,Apparel,38,0,0,80.48
2025-02-22,1,PROD_APP_002,Apparel,37,0,0,80.48
2025-02-22,1,PROD_APP_003,Apparel,36,0,0,80.48
2025-02-22,1,PROD_APP_004,Apparel,37,0,0,80.48
2025-02-22,1,PROD_HOME_001,Home & Kitchen,39,0,0,80.48
2025-02-22,1,PROD_HOME_002,Home & Kitchen,38,0,0,80.48
2025-02-22,1,PROD_HOME_003,Home & Kitchen,39,0,0,80.48
2025-02-22,1,PROD_HOME_004,Home & Kitchen,59,1,0,80.48
2025-02-22,1,PROD_BEAU_001,Health & Beauty,38,0,0,80.48
2025-02-22,1,PROD_BEAU_002,Health & Beauty,34,0,0,80.48
2025-02-22,1,PROD_BEAU_003,Health & Beauty,41,0,0,80.48
2025-02-22,1,PROD_SPRT_001,Sports & Outdoors,32,0,0,80.48
2025-02-22,1,PROD_SPRT_002,Sports & Outdoors,33,0,0,80.48
2025-02-22,1,PROD_SPRT_003,Sports & Outdoors,38,0,0,80.48
2025-02-22,1,PROD_SPRT_004,Sports & Outdoors,39,0,0,80.48
2025-02-23,1,PROD_ELEC_001,Electronics,52,1,0,78.35
2025-02-23,1,PROD_ELEC_002,Electronics,35,0,0,78.35
2025-02-23,1,PROD_ELEC_003,Electronics,52,1,0,78.35
2025-02-23,1,PROD_ELEC_004,Electronics,41,0,0,78.35
2025-02-23,1,PROD_ELEC_005,Electronics,40,0,0,78.35
2025-02-23,1,PROD_APP_001,Apparel,37,0,0,78.35
2025-02-23,1,PROD_APP_002,Apparel,52,1,0,78.35
2025-02-23,1,PROD_APP_003,Apparel,32,0,0,78.35
2025-02-23,1,PROD_APP_004,Apparel,43,0,0,78.35
2025-02-23,1,PROD_HOME_001,Home & Kitchen,39,0,0,78.35
2025-02-23,1,PROD_HOME_002,Home & Kitchen,34,0,0,78.35
2025-02-23,1,PROD_HOME_003,Home & Kitchen,57,1,0,78.35
2025-02-23,1,PROD_HOME_004,Home & Kitchen,54,1,0,78.35
2025-02-23,1,PROD_BEAU_001,Health & Beauty,53,1,0,78.35
2025-02-23,1,PROD_BEAU_002,Health & Beauty,39,0,0,78.35
2025-02-23,1,PROD_BEAU_003,Health & Beauty,34,0,0,78.35
2025-02-23,1,PROD_SPRT_001,Sports & Outdoors,36,0,0,78.35
2025-02-23,1,PROD_SPRT_002,Sports & Outdoors,37,0,0,78.35
2025-02-23,1,PROD_SPRT_003,Sports & Outdoors,35,0,0,78.35
2025-02-23,1,PROD_SPRT_004,Sports & Outdoors,40,0,0,78.35
2025-02-24,1,PROD_ELEC_001,Electronics,26,0,0,82.03
2025-02-24,1,PROD_ELEC_002,Electronics,23,0,0,82.03
2025-02-24,1,PROD_ELEC_003,Electronics,21,0,0,82.03
2025-02-24,1,PROD_ELEC_004,Electronics,29,0,0,82.03
2025-02-24,1,PROD_ELEC_005,Electronics,27,0,0,82.03
2025-02-24,1,PROD_APP_001,Apparel,30,0,0,82.03
2025-02-24,1,PROD_APP_002,Apparel,30,0,0,82.03
2025-02-24,1,PROD_APP_003,Apparel,23,0,0,82.03
2025-02-24,1,PROD_APP_004,Apparel,22,0,0,82.03
2025-02-24,1,PROD_HOME_001,Home & Kitchen,44,1,0,82.03
2025-02-24,1,PROD_HOME_002,Home & Kitchen,30,0,0,82.03
2025-02-24,1,PROD_HOME_003,Home & Kitchen,28,0,0,82.03
2025-02-24,1,PROD_HOME_004,Home & Kitchen,36,1,0,82.03
2025-02-24,1,PROD_BEAU_001,Health & Beauty,45,1,0,82.03
2025-02-24,1,PROD_BEAU_002,Health & Beauty,48,1,0,82.03
2025-02-24,1,PROD_BEAU_003,Health & Beauty,31,0,0,82.03
2025-02-24,1,PROD_SPRT_001,Sports & Outdoors,26,0,0,82.03
2025-02-24,1,PROD_SPRT_002,Sports & Outdoors,30,0,0,82.03
2025-02-24,1,PROD_SPRT_003,Sports & Outdoors,24,0,0,82.03
2025-02-24,1,PROD_SPRT_004,Sports & Outdoors,34,0,0,82.03
2025-02-25,1,PROD_ELEC_001,Electronics,36,1,0,79.82
2025-02-25,1,PROD_ELEC_002,Electronics,28,0,0,79.82
2025-02-25,1,PROD_ELEC_003,Electronics,45,1,0,79.82
2025-02-25,1,PROD_ELEC_004,Electronics,28,0,0,79.82
2025-02-25,1,PROD_ELEC_005,Electronics,28,0,0,79.82
2025-02-25,1,PROD_APP_001,Apparel,25,0,0,79.82
2025-02-25,1,PROD_APP_002,Apparel,32,0,0,79.82
2025-02-25,1,PROD_APP_003,Apparel,40,1,0,79.82
2025-02-25,1,PROD_APP_004,Apparel,34,1,0,79.82
2025-02-25,1,PROD_HOME_001,Home & Kitchen,28,0,0,79.82
2025-02-25,1,PROD_HOME_002,Home & Kitchen,33,0,0,79.82
2025-02-25,1,PROD_HOME_003,Home & Kitchen,28,0,0,79.82
2025-02-25,1,PROD_HOME_004,Home & Kitchen,50,1,0,79.82
2025-02-25,1,PROD_BEAU_001,Health & Beauty,31,0,0,79.82
2025-02-25,1,PROD_BEAU_002,Health & Beauty,31,0,0,79.82
2025-02-25,1,PROD_BEAU_003,Health & Beauty,29,0,0,79.82
2025-02-25,1,PROD_SPRT_001,Sports & Outdoors,29,0,0,79.82
2025-02-25,1,PROD_SPRT_002,Sports & Outdoors,28,0,0,79.82
2025-02-25,1,PROD_SPRT_003,Sports & Outdoors,28,0,0,79.82
2025-02-25,1,PROD_SPRT_004,Sports & Outdoors,32,0,0,79.82
2025-02-26,1,PROD_ELEC_001,Electronics,39,1,0,78.53
2025-02-26,1,PROD_ELEC_002,Electronics,39,1,0,78.53
2025-02-26,1,PROD_ELEC_003,Electronics,38,0,0,78.53
2025-02-26,1,PROD_ELEC_004,Electronics,32,0,0,78.53
2025-02-26,1,PROD_ELEC_005,Electronics,31,0,0,78.53
2025-02-26,1,PROD_APP_001,Apparel,25,0,0,78.53
2025-02-26,1,PROD_APP_002,Apparel,32,0,0,78.53
2025-02-26,1,PROD_APP_003,Apparel,29,0,0,78.53
2025-02-26,1,PROD_APP_004,Apparel,44,1,0,78.53
2025-02-26,1,PROD_HOME_001,Home & Kitchen,26,0,0,78.53
2025-02-26,1,PROD_HOME_002,Home & Kitchen,30,0,0,78.53
2025-02-26,1,PROD_HOME_003,Home & Kitchen,28,0,0,78.53
2025-02-26,1,PROD_HOME_004,Home & Kitchen,26,0,0,78.53
2025-02-26,1,PROD_BEAU_001,Health & Beauty,46,1,0,78.53
2025-02-26,1,PROD_BEAU_002,Health & Beauty,23,0,0,78.53
2025-02-26,1,PROD_BEAU_003,Health & Beauty,32,0,0,78.53
2025-02-26,1,PROD_SPRT_001,Sports & Outdoors,32,0,0,78.53
2025-02-26,1,PROD_SPRT_002,Sports & Outdoors,26,0,0,78.53
2025-02-26,1,PROD_SPRT_003,Sports & Outdoors,26,0,0,78.53
2025-02-26,1,PROD_SPRT_004,Sports & Outdoors,29,0,0,78.53
2025-02-27,1,PROD_ELEC_001,Electronics,29,0,0,79.91
2025-02-27,1,PROD_ELEC_002,Electronics,45,1,0,79.91
2025-02-27,1,PROD_ELEC_003,Electronics,37,0,0,79.91
2025-02-27,1,PROD_ELEC_004,Electronics,27,0,0,79.91
2025-02-27,1,PROD_ELEC_005,Electronics,23,0,0,79.91
2025-02-27,1,PROD_APP_001,Apparel,33,0,0,79.91
2025-02-27,1,PROD_APP_002,Apparel,36,0,0,79.91
2025-02-27,1,PROD_APP_003,Apparel,31,0,0,79.91
2025-02-27,1,PROD_APP_004,Apparel,25,0,0,79.91
2025-02-27,1,PROD_HOME_001,Home & Kitchen,29,0,0,79.91
2025-02-27,1,PROD_HOME_002,Home & Kitchen,39,1,0,79.91
2025-02-27,1,PROD_HOME_003,Home & Kitchen,32,0,0,79.91
2025-02-27,1,PROD_HOME_004,Home & Kitchen,24,0,0,79.91
2025-02-27,1,PROD_BEAU_001,Health & Beauty,28,0,0,79.91
2025-02-27,1,PROD_BEAU_002,Health & Beauty,39,1,0,79.91
2025-02-27,1,PROD_BEAU_003,Health & Beauty,44,1,0,79.91
2025-02-27,1,PROD_SPRT_001,Sports & Outdoors,28,0,0,79.91
2025-02-27,1,PROD_SPRT_002,Sports & Outdoors,30,0,0,79.91
2025-02-27,1,PROD_SPRT_003,Sports & Outdoors,30,0,0,79.91
2025-02-27,1,PROD_SPRT_004,Sports & Outdoors,26,0,0,79.91
2025-02-28,1,PROD_ELEC_001,Electronics,43,1,0,80.23
2025-02-28,1,PROD_ELEC_002,Electronics,39,1,0,80.23
2025-02-28,1,PROD_ELEC_003,Electronics,38,0,0,80.23
2025-02-28,1,PROD_ELEC_004,Electronics,31,0,0,80.23
2025-02-28,1,PROD_ELEC_005,Electronics,29,0,0,80.23
2025-02-28,1,PROD_APP_001,Apparel,49,1,0,80.23
2025-02-28,1,PROD_APP_002,Apparel,37,0,0,80.23
2025-02-28,1,PROD_APP_003,Apparel,29,0,0,80.23
2025-02-28,1,PROD_APP_004,Apparel,31,0,0,80.23
2025-02-28,1,PROD_HOME_001,Home & Kitchen,26,0,0,80.23
2025-02-28,1,PROD_HOME_002,Home & Kitchen,42,1,0,80.23
2025-02-28,1,PROD_HOME_003,Home & Kitchen,29,0,0,80.23
2025-02-28,1,PROD_HOME_004,Home & Kitchen,44,1,0,80.23
2025-02-28,1,PROD_BEAU_001,Health & Beauty,31,0,0,80.23
2025-02-28,1,PROD_BEAU_002,Health & Beauty,32,0,0,80.23
2025-02-28,1,PROD_BEAU_003,Health & Beauty,30,0,0,80.23
2025-02-28,1,PROD_SPRT_001,Sports & Outdoors,25,0,0,80.23
2025-02-28,1,PROD_SPRT_002,Sports & Outdoors,26,0,0,80.23
2025-02-28,1,PROD_SPRT_003,Sports & Outdoors,41,1,0,80.23
2025-02-28,1,PROD_SPRT_004,Sports & Outdoors,28,0,0,80.23
2025-03-01,1,PROD_ELEC_001,Electronics,32,0,0,80.64
2025-03-01,1,PROD_ELEC_002,Electronics,36,0,0,80.64
2025-03-01,1,PROD_ELEC_003,Electronics,41,0,0,80.64
2025-03-01,1,PROD_ELEC_004,Electronics,53,1,0,80.64
2025-03-01,1,PROD_ELEC_005,Electronics,39,0,0,80.64
2025-03-01,1,PROD_APP_001,Apparel,53,1,0,80.64
2025-03-01,1,PROD_APP_002,Apparel,38,0,0,80.64
2025-03-01,1,PROD_APP_003,Apparel,36,0,0,80.64
2025-03-01,1,PROD_APP_004,Apparel,57,1,0,80.64
2025-03-01,1,PROD_HOME_001,Home & Kitchen,31,0,0,80.64
2025-03-01,1,PROD_HOME_002,Home & Kitchen,36,0,0,80.64
2025-03-01,1,PROD_HOME_003,Home & Kitchen,38,0,0,80.64
2025-03-01,1,PROD_HOME_004,Home & Kitchen,56,1,0,80.64
2025-03-01,1,PROD_BEAU_001,Health & Beauty,43,0,0,80.64
2025-03-01,1,PROD_BEAU_002,Health & Beauty,35,0,0,80.64
2025-03-01,1,PROD_BEAU_003,Health & Beauty,43,0,0,80.64
2025-03-01,1,PROD_SPRT_001,Sports & Outdoors,34,0,0,80.64
2025-03-01,1,PROD_SPRT_002,Sports & Outdoors,42,0,0,80.64
2025-03-01,1,PROD_SPRT_003,Sports & Outdoors,57,1,0,80.64
2025-03-01,1,PROD_SPRT_004,Sports & Outdoors,33,0,0,80.64
2025-03-02,1,PROD_ELEC_001,Electronics,37,0,0,79.64
2025-03-02,1,PROD_ELEC_002,Electronics,40,0,0,79.64
2025-03-02,1,PROD_ELEC_003,Electronics,36,0,0,79.64
2025-03-02,1,PROD_ELEC_004,Electronics,36,0,0,79.64
2025-03-02,1,PROD_ELEC_005,Electronics,42,0,0,79.64
2025-03-02,1,PROD_APP_001,Apparel,37,0,0,79.64
2025-03-02,1,PROD_APP_002,Apparel,40,0,0,79.64
2025-03-02,1,PROD_APP_003,Apparel,36,0,0,79.64
2025-03-02,1,PROD_APP_004,Apparel,44,0,0,79.64
2025-03-02,1,PROD_HOME_001,Home & Kitchen,51,1,0,79.64
2025-03-02,1,PROD_HOME_002,Home & Kitchen,35,0,0,79.64
2025-03-02,1,PROD_HOME_003,Home & Kitchen,43,0,0,79.64
2025-03-02,1,PROD_HOME_004,Home & Kitchen,35,0,0,79.64
2025-03-02,1,PROD_BEAU_001,Health & Beauty,43,0,0,79.64
2025-03-02,1,PROD_BEAU_002,Health & Beauty,41,0,0,79.64
2025-03-02,1,PROD_BEAU_003,Health & Beauty,36,0,0,79.64
2025-03-02,1,PROD_SPRT_001,Sports & Outdoors,30,0,0,79.64
2025-03-02,1,PROD_SPRT_002,Sports & Outdoors,37,0,0,79.64
2025-03-02,1,PROD_SPRT_003,Sports & Outdoors,37,0,0,79.64
2025-03-02,1,PROD_SPRT_004,Sports & Outdoors,42,0,0,79.64
2025-03-03,1,PROD_ELEC_001,Electronics,27,0,0,81.07
2025-03-03,1,PROD_ELEC_002,Electronics,33,0,0,81.07
2025-03-03,1,PROD_ELEC_003,Electronics,33,0,0,81.07
2025-03-03,1,PROD_ELEC_004,Electronics,34,0,0,81.07
2025-03-03,1,PROD_ELEC_005,Electronics,45,1,0,81.07
2025-03-03,1,PROD_APP_001,Apparel,22,0,0,81.07
2025-03-03,1,PROD_APP_002,Apparel,29,0,0,81.07
2025-03-03,1,PROD_APP_003,Apparel,25,0,0,81.07
2025-03-03,1,PROD_APP_004,Apparel,29,0,0,81.07
2025-03-03,1,PROD_HOME_001,Home & Kitchen,33,0,0,81.07
2025-03-03,1,PROD_HOME_002,Home & Kitchen,31,0,0,81.07
2025-03-03,1,PROD_HOME_003,Home & Kitchen,34,0,0,81.07
2025-03-03,1,PROD_HOME_004,Home & Kitchen,31,0,0,81.07
2025-03-03,1,PROD_BEAU_001,Health & Beauty,24,0,0,81.07
2025-03-03,1,PROD_BEAU_002,Health & Beauty,19,0,0,81.07
2025-03-03,1,PROD_BEAU_003,Health & Beauty,30,0,0,81.07
2025-03-03,1,PROD_SPRT_001,Sports & Outdoors,29,0,0,81.07
2025-03-03,1,PROD_SPRT_002,Sports & Outdoors,26,0,0,81.07
2025-03-03,1,PROD_SPRT_003,Sports & Outdoors,23,0,0,81.07
2025-03-03,1,PROD_SPRT_004,Sports & Outdoors,27,0,0,81.07
2025-03-04,1,PROD_ELEC_001,Electronics,32,0,0,78.8
2025-03-04,1,PROD_ELEC_002,Electronics,30,0,0,78.8
2025-03-04,1,PROD_ELEC_003,Electronics,36,0,0,78.8
2025-03-04,1,PROD_ELEC_004,Electronics,25,0,0,78.8
2025-03-04,1,PROD_ELEC_005,Electronics,33,0,0,78.8
2025-03-04,1,PROD_APP_001,Apparel,43,1,0,78.8
2025-03-04,1,PROD_APP_002,Apparel,32,0,0,78.8
2025-03-04,1,PROD_APP_003,Apparel,28,0,0,78.8
2025-03-04,1,PROD_APP_004,Apparel,34,0,0,78.8
2025-03-04,1,PROD_HOME_001,Home & Kitchen,31,0,0,78.8
2025-03-04,1,PROD_HOME_002,Home & Kitchen,27,0,0,78.8
2025-03-04,1,PROD_HOME_003,Home & Kitchen,29,0,0,78.8
2025-03-04,1,PROD_HOME_004,Home & Kitchen,29,0,0,78.8
2025-03-04,1,PROD_BEAU_001,Health & Beauty,31,0,0,78.8
2025-03-04,1,PROD_BEAU_002,Health & Beauty,25,0,0,78.8
2025-03-04,1,PROD_BEAU_003,Health & Beauty,29,0,0,78.8
2025-03-04,1,PROD_SPRT_001,Sports & Outdoors,31,0,0,78.8
2025-03-04,1,PROD_SPRT_002,Sports & Outdoors,30,0,0,78.8
2025-03-04,1,PROD_SPRT_003,Sports & Outdoors,48,1,0,78.8
2025-03-04,1,PROD_SPRT_004,Sports & Outdoors,33,0,0,78.8
2025-03-05,1,PROD_ELEC_001,Electronics,30,0,0,78.9
2025-03-05,1,PROD_ELEC_002,Electronics,31,0,0,78.9
2025-03-05,1,PROD_ELEC_003,Electronics,31,0,0,78.9
2025-03-05,1,PROD_ELEC_004,Electronics,36,1,0,78.9
2025-03-05,1,PROD_ELEC_005,Electronics,28,0,0,78.9
2025-03-05,1,PROD_APP_001,Apparel,24,0,0,78.9
2025-03-05,1,PROD_APP_002,Apparel,35,0,0,78.9
2025-03-05,1,PROD_APP_003,Apparel,29,0,0,78.9
2025-03-05,1,PROD_APP_004,Apparel,29,0,0,78.9
2025-03-05,1,PROD_HOME_001,Home & Kitchen,33,0,0,78.9
2025-03-05,1,PROD_HOME_002,Home & Kitchen,45,1,0,78.9
2025-03-05,1,PROD_HOME_003,Home & Kitchen,25,0,0,78.9
2025-03-05,1,PROD_HOME_004,Home & Kitchen,29,0,0,78.9
2025-03-05,1,PROD_BEAU_001,Health & Beauty,28,0,0,78.9
2025-03-05,1,PROD_BEAU_002,Health & Beauty,23,0,0,78.9
2025-03-05,1,PROD_BEAU_003,Health & Beauty,27,0,0,78.9
2025-03-05,1,PROD_SPRT_001,Sports & Outdoors,29,0,0,78.9
2025-03-05,1,PROD_SPRT_002,Sports & Outdoors,29,0,0,78.9
2025-03-05,1,PROD_SPRT_003,Sports & Outdoors,24,0,0,78.9
2025-03-05,1,PROD_SPRT_004,Sports & Outdoors,34,0,0,78.9
2025-03-06,1,PROD_ELEC_001,Electronics,30,0,0,78.64
2025-03-06,1,PROD_ELEC_002,Electronics,31,0,0,78.64
2025-03-06,1,PROD_ELEC_003,Electronics,40,1,0,78.64
2025-03-06,1,PROD_ELEC_004,Electronics,45,1,0,78.64
2025-03-06,1,PROD_ELEC_005,Electronics,28,0,0,78.64
2025-03-06,1,PROD_APP_001,Apparel,26,0,0,78.64
2025-03-06,1,PROD_APP_002,Apparel,45,1,0,78.64
2025-03-06,1,PROD_APP_003,Apparel,35,0,0,78.64
2025-03-06,1,PROD_APP_004,Apparel,46,1,0,78.64
2025-03-06,1,PROD_HOME_001,Home & Kitchen,33,0,0,78.64
2025-03-06,1,PROD_HOME_002,Home & Kitchen,27,0,0,78.64
2025-03-06,1,PROD_HOME_003,Home & Kitchen,23,0,0,78.64
2025-03-06,1,PROD_HOME_004,Home & Kitchen,35,0,0,78.64
2025-03-06,1,PROD_BEAU_001,Health & Beauty,38,0,0,78.64
2025-03-06,1,PROD_BEAU_002,Health & Beauty,36,0,0,78.64
2025-03-06,1,PROD_BEAU_003,Health & Beauty,28,0,0,78.64
2025-03-06,1,PROD_SPRT_001,Sports & Outdoors,25,0,0,78.64
2025-03-06,1,PROD_SPRT_002,Sports & Outdoors,25,0,0,78.64
2025-03-06,1,PROD_SPRT_003,Sports & Outdoors,23,0,0,78.64
2025-03-06,1,PROD_SPRT_004,Sports & Outdoors,43,1,0,78.64
2025-03-07,1,PROD_ELEC_001,Electronics,29,0,0,80.55
2025-03-07,1,PROD_ELEC_002,Electronics,31,0,0,80.55
2025-03-07,1,PROD_ELEC_003,Electronics,35,0,0,80.55
2025-03-07,1,PROD_ELEC_004,Electronics,41,1,0,80.55
2025-03-07,1,PROD_ELEC_005,Electronics,38,0,0,80.55
2025-03-07,1,PROD_APP_001,Apparel,37,0,0,80.55
2025-03-07,1,PROD_APP_002,Apparel,42,1,0,80.55
2025-03-07,1,PROD_APP_003,Apparel,41,1,0,80.55
2025-03-07,1,PROD_APP_004,Apparel,32,0,0,80.55
2025-03-07,1,PROD_HOME_001,Home & Kitchen,28,0,0,80.55
2025-03-07,1,PROD_HOME_002,Home & Kitchen,25,0,0,80.55
2025-03-07,1,PROD_HOME_003,Home & Kitchen,35,0,0,80.55
2025-03-07,1,PROD_HOME_004,Home & Kitchen,34,0,0,80.55
2025-03-07,1,PROD_BEAU_001,Health & Beauty,30,0,0,80.55
2025-03-07,1,PROD_BEAU_002,Health & Beauty,24,0,0,80.55
2025-03-07,1,PROD_BEAU_003,Health & Beauty,38,1,0,80.55
2025-03-07,1,PROD_SPRT_001,Sports & Outdoors,30,0,0,80.55
2025-03-07,1,PROD_SPRT_002,Sports & Outdoors,28,0,0,80.55
2025-03-07,1,PROD_SPRT_003,Sports & Outdoors,28,0,0,80.55
2025-03-07,1,PROD_SPRT_004,Sports & Outdoors,34,0,0,80.55
2025-03-08,1,PROD_ELEC_001,Electronics,43,0,0,79.35
2025-03-08,1,PROD_ELEC_002,Electronics,33,0,0,79.35
2025-03-08,1,PROD_ELEC_003,Electronics,36,0,0,79.35
2025-03-08,1,PROD_ELEC_004,Electronics,40,0,0,79.35
2025-03-08,1,PROD_ELEC_005,Electronics,56,1,0,79.35
2025-03-08,1,PROD_APP_001,Apparel,60,1,0,79.35
2025-03-08,1,PROD_APP_002,Apparel,39,0,0,79.35
2025-03-08,1,PROD_APP_003,Apparel,44,0,0,79.35
2025-03-08,1,PROD_APP_004,Apparel,39,0,0,79.35
2025-03-08,1,PROD_HOME_001,Home & Kitchen,41,0,0,79.35
2025-03-08,1,PROD_HOME_002,Home & Kitchen,36,0,0,79.35
2025-03-08,1,PROD_HOME_003,Home & Kitchen,37,0,0,79.35
2025-03-08,1,PROD_HOME_004,Home & Kitchen,41,0,0,79.35
2025-03-08,1,PROD_BEAU_001,Health & Beauty,43,0,0,79.35
2025-03-08,1,PROD_BEAU_002,Health & Beauty,40,0,0,79.35
2025-03-08,1,PROD_BEAU_003,Health & Beauty,37,0,0,79.35
2025-03-08,1,PROD_SPRT_001,Sports & Outdoors,43,0,0,79.35
2025-03-08,1,PROD_SPRT_002,Sports & Outdoors,28,0,0,79.35
2025-03-08,1,PROD_SPRT_003,Sports & Outdoors,31,0,0,79.35
2025-03-08,1,PROD_SPRT_004,Sports & Outdoors,40,0,0,79.35
2025-03-09,1,PROD_ELEC_001,Electronics,39,0,0,78.32
2025-03-09,1,PROD_ELEC_002,Electronics,37,0,0,78.32
2025-03-09,1,PROD_ELEC_003,Electronics,39,0,0,78.32
2025-03-09,1,PROD_ELEC_004,Electronics,34,0,0,78.32
2025-03-09,1,PROD_ELEC_005,Electronics,56,1,0,78.32
2025-03-09,1,PROD_APP_001,Apparel,58,1,0,78.32
2025-03-09,1,PROD_APP_002,Apparel,59,1,0,78.32
2025-03-09,1,PROD_APP_003,Apparel,45,0,0,78.32
2025-03-09,1,PROD_APP_004,Apparel,38,0,0,78.32
2025-03-09,1,PROD_HOME_001,Home & Kitchen,38,0,0,78.32
2025-03-09,1,PROD_HOME_002,Home & Kitchen,31,0,0,78.32
2025-03-09,1,PROD_HOME_003,Home & Kitchen,35,0,0,78.32
2025-03-09,1,PROD_HOME_004,Home & Kitchen,53,1,0,78.32
2025-03-09,1,PROD_BEAU_001,Health & Beauty,41,0,0,78.32
2025-03-09,1,PROD_BEAU_002,Health & Beauty,35,0,0,78.32
2025-03-09,1,PROD_BEAU_003,Health & Beauty,40,0,0,78.32
2025-03-09,1,PROD_SPRT_001,Sports & Outdoors,37,0,0,78.32
2025-03-09,1,PROD_SPRT_002,Sports & Outdoors,36,0,0,78.32
2025-03-09,1,PROD_SPRT_003,Sports & Outdoors,38,0,0,78.32
2025-03-09,1,PROD_SPRT_004,Sports & Outdoors,35,0,0,78.32
2025-03-10,1,PROD_ELEC_001,Electronics,23,0,0,77.63
2025-03-10,1,PROD_ELEC_002,Electronics,42,1,0,77.63
2025-03-10,1,PROD_ELEC_003,Electronics,28,0,0,77.63
2025-03-10,1,PROD_ELEC_004,Electronics,27,0,0,77.63
2025-03-10,1,PROD_ELEC_005,Electronics,45,1,0,77.63
2025-03-10,1,PROD_APP_001,Apparel,32,0,0,77.63
2025-03-10,1,PROD_APP_002,Apparel,44,1,0,77.63
2025-03-10,1,PROD_APP_003,Apparel,47,1,0,77.63
2025-03-10,1,PROD_APP_004,Apparel,32,0,0,77.63
2025-03-10,1,PROD_HOME_001,Home & Kitchen,28,0,0,77.63
2025-03-10,1,PROD_HOME_002,Home & Kitchen,28,0,0,77.63
2025-03-10,1,PROD_HOME_003,Home & Kitchen,31,0,0,77.63
2025-03-10,1,PROD_HOME_004,Home & Kitchen,32,0,0,77.63
2025-03-10,1,PROD_BEAU_001,Health & Beauty,35,0,0,77.63
2025-03-10,1,PROD_BEAU_002,Health & Beauty,34,0,0,77.63
2025-03-10,1,PROD_BEAU_003,Health & Beauty,27,0,0,77.63
2025-03-10,1,PROD_SPRT_001,Sports & Outdoors,43,1,0,77.63
2025-03-10,1,PROD_SPRT_002,Sports & Outdoors,46,1,0,77.63
2025-03-10,1,PROD_SPRT_003,Sports & Outdoors,34,0,0,77.63
2025-03-10,1,PROD_SPRT_004,Sports & Outdoors,33,0,0,77.63
2025-03-11,1,PROD_ELEC_001,Electronics,24,0,0,77.89
2025-03-11,1,PROD_ELEC_002,Electronics,26,0,0,77.89
2025-03-11,1,PROD_ELEC_003,Electronics,44,1,0,77.89
2025-03-11,1,PROD_ELEC_004,Electronics,31,0,0,77.89
2025-03-11,1,PROD_ELEC_005,Electronics,25,0,0,77.89
2025-03-11,1,PROD_APP_001,Apparel,30,0,0,77.89
2025-03-11,1,PROD_APP_002,Apparel,32,0,0,77.89
2025-03-11,1,PROD_APP_003,Apparel,38,1,0,77.89
2025-03-11,1,PROD_APP_004,Apparel,47,1,0,77.89
2025-03-11,1,PROD_HOME_001,Home & Kitchen,28,0,0,77.89
2025-03-11,1,PROD_HOME_002,Home & Kitchen,35,0,0,77.89
2025-03-11,1,PROD_HOME_003,Home & Kitchen,27,0,0,77.89
2025-03-11,1,PROD_HOME_004,Home & Kitchen,25,0,0,77.89
2025-03-11,1,PROD_BEAU_001,Health & Beauty,41,1,0,77.89
2025-03-11,1,PROD_BEAU_002,Health & Beauty,29,0,0,77.89
2025-03-11,1,PROD_BEAU_003,Health & Beauty,28,0,0,77.89
2025-03-11,1,PROD_SPRT_001,Sports & Outdoors,29,0,0,77.89
2025-03-11,1,PROD_SPRT_002,Sports & Outdoors,44,1,0,77.89
2025-03-11,1,PROD_SPRT_003,Sports & Outdoors,29,0,0,77.89
2025-03-11,1,PROD_SPRT_004,Sports & Outdoors,29,0,0,77.89
2025-03-12,1,PROD_ELEC_001,Electronics,31,0,0,75.73
2025-03-12,1,PROD_ELEC_002,Electronics,29,0,0,75.73
2025-03-12,1,PROD_ELEC_003,Electronics,36,0,0,75.73
2025-03-12,1,PROD_ELEC_004,Electronics,26,0,0,75.73
2025-03-12,1,PROD_ELEC_005,Electronics,22,0,0,75.73
2025-03-12,1,PROD_APP_001,Apparel,32,0,0,75.73
2025-03-12,1,PROD_APP_002,Apparel,31,0,0,75.73
2025-03-12,1,PROD_APP_003,Apparel,25,0,0,75.73
2025-03-12,1,PROD_APP_004,Apparel,23,0,0,75.73
2025-03-12,1,PROD_HOME_001,Home & Kitchen,36,0,0,75.73
2025-03-12,1,PROD_HOME_002,Home & Kitchen,35,0,0,75.73
2025-03-12,1,PROD_HOME_003,Home & Kitchen,20,0,0,75.73
2025-03-12,1,PROD_HOME_004,Home & Kitchen,28,0,0,75.73
2025-03-12,1,PROD_BEAU_001,Health & Beauty,36,0,0,75.73
2025-03-12,1,PROD_BEAU_002,Health & Beauty,41,1,0,75.73
2025-03-12,1,PROD_BEAU_003,Health & Beauty,41,1,0,75.73
2025-03-12,1,PROD_SPRT_001,Sports & Outdoors,28,0,0,75.73
2025-03-12,1,PROD_SPRT_002,Sports & Outdoors,25,0,0,75.73
2025-03-12,1,PROD_SPRT_003,Sports & Outdoors,36,1,0,75.73
2025-03-12,1,PROD_SPRT_004,Sports & Outdoors,34,0,0,75.73
2025-03-13,1,PROD_ELEC_001,Electronics,30,0,0,75.39
2025-03-13,1,PROD_ELEC_002,Electronics,33,0,0,75.39
2025-03-13,1,PROD_ELEC_003,Electronics,24,0,0,75.39
2025-03-13,1,PROD_ELEC_004,Electronics,26,0,0,75.39
2025-03-13,1,PROD_ELEC_005,Electronics,34,0,0,75.39
2025-03-13,1,PROD_APP_001,Apparel,32,0,0,75.39
2025-03-13,1,PROD_APP_002,Apparel,27,0,0,75.39
2025-03-13,1,PROD_APP_003,Apparel,34,0,0,75.39
2025-03-13,1,PROD_APP_004,Apparel,34,0,0,75.39
2025-03-13,1,PROD_HOME_001,Home & Kitchen,44,1,0,75.39
2025-03-13,1,PROD_HOME_002,Home & Kitchen,26,0,0,75.39
2025-03-13,1,PROD_HOME_003,Home & Kitchen,28,0,0,75.39
2025-03-13,1,PROD_HOME_004,Home & Kitchen,31,0,0,75.39
2025-03-13,1,PROD_BEAU_001,Health & Beauty,29,0,0,75.39
2025-03-13,1,PROD_BEAU_002,Health & Beauty,33,0,0,75.39
2025-03-13,1,PROD_BEAU_003,Health & Beauty,37,1,0,75.39
2025-03-13,1,PROD_SPRT_001,Sports & Outdoors,24,0,0,75.39
2025-03-13,1,PROD_SPRT_002,Sports & Outdoors,30,0,0,75.39
2025-03-13,1,PROD_SPRT_003,Sports & Outdoors,28,0,0,75.39
2025-03-13,1,PROD_SPRT_004,Sports & Outdoors,27,0,0,75.39
2025-03-14,1,PROD_ELEC_001,Electronics,30,0,0,75.28
2025-03-14,1,PROD_ELEC_002,Electronics,29,0,0,75.28
2025-03-14,1,PROD_ELEC_003,Electronics,32,0,0,75.28
2025-03-14,1,PROD_ELEC_004,Electronics,30,0,0,75.28
2025-03-14,1,PROD_ELEC_005,Electronics,29,0,0,75.28
2025-03-14,1,PROD_APP_001,Apparel,34,0,0,75.28
2025-03-14,1,PROD_APP_002,Apparel,24,0,0,75.28
2025-03-14,1,PROD_APP_003,Apparel,32,0,0,75.28
2025-03-14,1,PROD_APP_004,Apparel,23,0,0,75.28
2025-03-14,1,PROD_HOME_001,Home & Kitchen,40,1,0,75.28
2025-03-14,1,PROD_HOME_002,Home & Kitchen,25,0,0,75.28
2025-03-14,1,PROD_HOME_003,Home & Kitchen,33,0,0,75.28
2025-03-14,1,PROD_HOME_004,Home & Kitchen,29,0,0,75.28
2025-03-14,1,PROD_BEAU_001,Health & Beauty,29,0,0,75.28
2025-03-14,1,PROD_BEAU_002,Health & Beauty,25,0,0,75.28
2025-03-14,1,PROD_BEAU_003,Health & Beauty,28,0,0,75.28
2025-03-14,1,PROD_SPRT_001,Sports & Outdoors,40,1,0,75.28
2025-03-14,1,PROD_SPRT_002,Sports & Outdoors,31,0,0,75.28
2025-03-14,1,PROD_SPRT_003,Sports & Outdoors,26,0,0,75.28
2025-03-14,1,PROD_SPRT_004,Sports & Outdoors,35,0,0,75.28
2025-03-15,1,PROD_ELEC_001,Electronics,34,0,0,75.19
2025-03-15,1,PROD_ELEC_002,Electronics,44,0,0,75.19
2025-03-15,1,PROD_ELEC_003,Electronics,35,0,0,75.19
2025-03-15,1,PROD_ELEC_004,Electronics,49,1,0,75.19
2025-03-15,1,PROD_ELEC_005,Electronics,38,0,0,75.19
2025-03-15,1,PROD_APP_001,Apparel,35,0,0,75.19
2025-03-15,1,PROD_APP_002,Apparel,34,0,0,75.19
2025-03-15,1,PROD_APP_003,Apparel,33,0,0,75.19
2025-03-15,1,PROD_APP_004,Apparel,48,0,0,75.19
2025-03-15,1,PROD_HOME_001,Home & Kitchen,36,0,0,75.19
2025-03-15,1,PROD_HOME_002,Home & Kitchen,29,0,0,75.19
2025-03-15,1,PROD_HOME_003,Home & Kitchen,43,0,0,75.19
2025-03-15,1,PROD_HOME_004,Home & Kitchen,39,0,0,75.19
2025-03-15,1,PROD_BEAU_001,Health & Beauty,34,0,0,75.19
2025-03-15,1,PROD_BEAU_002,Health & Beauty,33,0,0,75.19
2025-03-15,1,PROD_BEAU_003,Health & Beauty,40,0,0,75.19
2025-03-15,1,PROD_SPRT_001,Sports & Outdoors,53,1,0,75.19
2025-03-15,1,PROD_SPRT_002,Sports & Outdoors,46,1,0,75.19
2025-03-15,1,PROD_SPRT_003,Sports & Outdoors,44,0,0,75.19
2025-03-15,1,PROD_SPRT_004,Sports & Outdoors,35,0,0,75.19
2025-03-16,1,PROD_ELEC_001,Electronics,59,1,0,78.79
2025-03-16,1,PROD_ELEC_002,Electronics,33,0,0,78.79
2025-03-16,1,PROD_ELEC_003,Electronics,41,0,0,78.79
2025-03-16,1,PROD_ELEC_004,Electronics,51,1,0,78.79
2025-03-16,1,PROD_ELEC_005,Electronics,30,0,0,78.79
2025-03-16,1,PROD_APP_001,Apparel,35,0,0,78.79
2025-03-16,1,PROD_APP_002,Apparel,39,0,0,78.79
2025-03-16,1,PROD_APP_003,Apparel,52,1,0,78.79
2025-03-16,1,PROD_APP_004,Apparel,36,0,0,78.79
2025-03-16,1,PROD_HOME_001,Home & Kitchen,58,1,0,78.79
2025-03-16,1,PROD_HOME_002,Home & Kitchen,37,0,0,78.79
2025-03-16,1,PROD_HOME_003,Home & Kitchen,34,0,0,78.79
2025-03-16,1,PROD_HOME_004,Home & Kitchen,40,0,0,78.79
2025-03-16,1,PROD_BEAU_001,Health & Beauty,38,0,0,78.79
2025-03-16,1,PROD_BEAU_002,Health & Beauty,27,0,0,78.79
2025-03-16,1,PROD_BEAU_003,Health & Beauty,39,0,0,78.79
2025-03-16,1,PROD_SPRT_001,Sports & Outdoors,55,1,0,78.79
2025-03-16,1,PROD_SPRT_002,Sports & Outdoors,37,0,0,78.79
2025-03-16,1,PROD_SPRT_003,Sports & Outdoors,41,0,0,78.79
2025-03-16,1,PROD_SPRT_004,Sports & Outdoors,34,0,0,78.79
2025-03-17,1,PROD_ELEC_001,Electronics,23,0,0,77.19
2025-03-17,1,PROD_ELEC_002,Electronics,31,0,0,77.19
2025-03-17,1,PROD_ELEC_003,Electronics,37,0,0,77.19
2025-03-17,1,PROD_ELEC_004,Electronics,39,1,0,77.19
2025-03-17,1,PROD_ELEC_005,Electronics,26,0,0,77.19
2025-03-17,1,PROD_APP_001,Apparel,40,1,0,77.19
2025-03-17,1,PROD_APP_002,Apparel,30,0,0,77.19
2025-03-17,1,PROD_APP_003,Apparel,25,0,0,77.19
2025-03-17,1,PROD_APP_004,Apparel,45,1,0,77.19
2025-03-17,1,PROD_HOME_001,Home & Kitchen,33,0,0,77.19
2025-03-17,1,PROD_HOME_002,Home & Kitchen,32,0,0,77.19
2025-03-17,1,PROD_HOME_003,Home & Kitchen,22,0,0,77.19
2025-03-17,1,PROD_HOME_004,Home & Kitchen,33,0,0,77.19
2025-03-17,1,PROD_BEAU_001,Health & Beauty,47,1,0,77.19
2025-03-17,1,PROD_BEAU_002,Health & Beauty,46,1,0,77.19
2025-03-17,1,PROD_BEAU_003,Health & Beauty,31,0,0,77.19
2025-03-17,1,PROD_SPRT_001,Sports & Outdoors,30,0,0,77.19
2025-03-17,1,PROD_SPRT_002,Sports & Outdoors,47,1,0,77.19
2025-03-17,1,PROD_SPRT_003,Sports & Outdoors,37,0,0,77.19
2025-03-17,1,PROD_SPRT_004,Sports & Outdoors,26,0,0,77.19
2025-03-18,1,PROD_ELEC_001,Electronics,43,1,0,77.87
2025-03-18,1,PROD_ELEC_002,Electronics,29,0,0,77.87
2025-03-18,1,PROD_ELEC_003,Electronics,23,0,0,77.87
2025-03-18,1,PROD_ELEC_004,Electronics,42,1,0,77.87
2025-03-18,1,PROD_ELEC_005,Electronics,26,0,0,77.87
2025-03-18,1,PROD_APP_001,Apparel,41,1,0,77.87
2025-03-18,1,PROD_APP_002,Apparel,25,0,0,77.87
2025-03-18,1,PROD_APP_003,Apparel,41,1,0,77.87
2025-03-18,1,PROD_APP_004,Apparel,28,0,0,77.87
2025-03-18,1,PROD_HOME_001,Home & Kitchen,30,0,0,77.87
2025-03-18,1,PROD_HOME_002,Home & Kitchen,23,0,0,77.87
2025-03-18,1,PROD_HOME_003,Home & Kitchen,24,0,0,77.87
2025-03-18,1,PROD_HOME_004,Home & Kitchen,44,1,0,77.87
2025-03-18,1,PROD_BEAU_001,Health & Beauty,26,0,0,77.87
2025-03-18,1,PROD_BEAU_002,Health & Beauty,34,0,0,77.87
2025-03-18,1,PROD_BEAU_003,Health & Beauty,30,0,0,77.87
2025-03-18,1,PROD_SPRT_001,Sports & Outdoors,45,1,0,77.87
2025-03-18,1,PROD_SPRT_002,Sports & Outdoors,49,1,0,77.87
2025-03-18,1,PROD_SPRT_003,Sports & Outdoors,28,0,0,77.87
2025-03-18,1,PROD_SPRT_004,Sports & Outdoors,27,0,0,77.87
2025-03-19,1,PROD_ELEC_001,Electronics,32,0,0,77.4
2025-03-19,1,PROD_ELEC_002,Electronics,29,0,0,77.4
2025-03-19,1,PROD_ELEC_003,Electronics,35,0,0,77.4
2025-03-19,1,PROD_ELEC_004,Electronics,42,1,0,77.4
2025-03-19,1,PROD_ELEC_005,Electronics,30,0,0,77.4
2025-03-19,1,PROD_APP_001,Apparel,43,1,0,77.4
2025-03-19,1,PROD_APP_002,Apparel,26,0,0,77.4
2025-03-19,1,PROD_APP_003,Apparel,30,0,0,77.4
2025-03-19,1,PROD_APP_004,Apparel,35,0,0,77.4
2025-03-19,1,PROD_HOME_001,Home & Kitchen,31,0,0,77.4
2025-03-19,1,PROD_HOME_002,Home & Kitchen,30,0,0,77.4
2025-03-19,1,PROD_HOME_003,Home & Kitchen,29,0,0,77.4
2025-03-19,1,PROD_HOME_004,Home & Kitchen,31,0,0,77.4
2025-03-19,1,PROD_BEAU_001,Health & Beauty,32,0,0,77.4
2025-03-19,1,PROD_BEAU_002,Health & Beauty,32,0,0,77.4
2025-03-19,1,PROD_BEAU_003,Health & Beauty,28,0,0,77.4
2025-03-19,1,PROD_SPRT_001,Sports & Outdoors,31,0,0,77.4
2025-03-19,1,PROD_SPRT_002,Sports & Outdoors,31,0,0,77.4
2025-03-19,1,PROD_SPRT_003,Sports & Outdoors,39,1,0,77.4
2025-03-19,1,PROD_SPRT_004,Sports & Outdoors,30,0,0,77.4
2025-03-20,1,PROD_ELEC_001,Electronics,31,0,0,73.53
2025-03-20,1,PROD_ELEC_002,Electronics,32,0,0,73.53
2025-03-20,1,PROD_ELEC_003,Electronics,46,1,0,73.53
2025-03-20,1,PROD_ELEC_004,Electronics,28,0,0,73.53
2025-03-20,1,PROD_ELEC_005,Electronics,31,0,0,73.53
2025-03-20,1,PROD_APP_001,Apparel,35,0,0,73.53
2025-03-20,1,PROD_APP_002,Apparel,35,0,0,73.53
2025-03-20,1,PROD_APP_003,Apparel,29,0,0,73.53
2025-03-20,1,PROD_APP_004,Apparel,30,0,0,73.53
2025-03-20,1,PROD_HOME_001,Home & Kitchen,47,1,0,73.53
2025-03-20,1,PROD_HOME_002,Home & Kitchen,23,0,0,73.53
2025-03-20,1,PROD_HOME_003,Home & Kitchen,28,0,0,73.53
2025-03-20,1,PROD_HOME_004,Home & Kitchen,35,0,0,73.53
2025-03-20,1,PROD_BEAU_001,Health & Beauty,33,0,0,73.53
2025-03-20,1,PROD_BEAU_002,Health & Beauty,31,0,0,73.53
2025-03-20,1,PROD_BEAU_003,Health & Beauty,23,0,0,73.53
2025-03-20,1,PROD_SPRT_001,Sports & Outdoors,29,0,0,73.53
2025-03-20,1,PROD_SPRT_002,Sports & Outdoors,41,1,0,73.53
2025-03-20,1,PROD_SPRT_003,Sports & Outdoors,44,1,0,73.53
2025-03-20,1,PROD_SPRT_004,Sports & Outdoors,26,0,0,73.53
2025-03-21,1,PROD_ELEC_001,Electronics,35,1,0,74.66
2025-03-21,1,PROD_ELEC_002,Electronics,48,1,0,74.66
2025-03-21,1,PROD_ELEC_003,Electronics,28,0,0,74.66
2025-03-21,1,PROD_ELEC_004,Electronics,30,0,0,74.66
2025-03-21,1,PROD_ELEC_005,Electronics,29,0,0,74.66
2025-03-21,1,PROD_APP_001,Apparel,25,0,0,74.66
2025-03-21,1,PROD_APP_002,Apparel,24,0,0,74.66
2025-03-21,1,PROD_APP_003,Apparel,25,0,0,74.66
2025-03-21,1,PROD_APP_004,Apparel,40,1,0,74.66
2025-03-21,1,PROD_HOME_001,Home & Kitchen,31,0,0,74.66
2025-03-21,1,PROD_HOME_002,Home & Kitchen,26,0,0,74.66
2025-03-21,1,PROD_HOME_003,Home & Kitchen,36,0,0,74.66
2025-03-21,1,PROD_HOME_004,Home & Kitchen,34,0,0,74.66
2025-03-21,1,PROD_BEAU_001,Health & Beauty,33,0,0,74.66
2025-03-21,1,PROD_BEAU_002,Health & Beauty,29,0,0,74.66
2025-03-21,1,PROD_BEAU_003,Health & Beauty,36,0,0,74.66
2025-03-21,1,PROD_SPRT_001,Sports & Outdoors,29,0,0,74.66
2025-03-21,1,PROD_SPRT_002,Sports & Outdoors,29,0,0,74.66
2025-03-21,1,PROD_SPRT_003,Sports & Outdoors,30,0,0,74.66
2025-03-21,1,PROD_SPRT_004,Sports & Outdoors,32,0,0,74.66
2025-03-22,1,PROD_ELEC_001,Electronics,35,0,0,76.42
2025-03-22,1,PROD_ELEC_002,Electronics,52,1,0,76.42
2025-03-22,1,PROD_ELEC_003,Electronics,40,0,0,76.42
2025-03-22,1,PROD_ELEC_004,Electronics,40,0,0,76.42
2025-03-22,1,PROD_ELEC_005,Electronics,35,0,0,76.42
2025-03-22,1,PROD_APP_001,Apparel,48,1,0,76.42
2025-03-22,1,PROD_APP_002,Apparel,53,1,0,76.42
2025-03-22,1,PROD_APP_003,Apparel,39,0,0,76.42
2025-03-22,1,PROD_APP_004,Apparel,44,0,0,76.42
2025-03-22,1,PROD_HOME_001,Home & Kitchen,32,0,0,76.42
2025-03-22,1,PROD_HOME_002,Home & Kitchen,35,0,0,76.42
2025-03-22,1,PROD_HOME_003,Home & Kitchen,35,0,0,76.42
2025-03-22,1,PROD_HOME_004,Home & Kitchen,42,0,0,76.42
2025-03-22,1,PROD_BEAU_001,Health & Beauty,54,1,0,76.42
2025-03-22,1,PROD_BEAU_002,Health & Beauty,33,0,0,76.42
2025-03-22,1,PROD_BEAU_003,Health & Beauty,39,0,0,76.42
2025-03-22,1,PROD_SPRT_001,Sports & Outdoors,52,1,0,76.42
2025-03-22,1,PROD_SPRT_002,Sports & Outdoors,32,0,0,76.42
2025-03-22,1,PROD_SPRT_003,Sports & Outdoors,33,0,0,76.42
2025-03-22,1,PROD_SPRT_004,Sports & Outdoors,44,0,0,76.42
2025-03-23,1,PROD_ELEC_001,Electronics,37,0,0,75.88
2025-03-23,1,PROD_ELEC_002,Electronics,53,1,0,75.88
2025-03-23,1,PROD_ELEC_003,Electronics,55,1,0,75.88
2025-03-23,1,PROD_ELEC_004,Electronics,38,0,0,75.88
2025-03-23,1,PROD_ELEC_005,Electronics,38,0,0,75.88
2025-03-23,1,PROD_APP_001,Apparel,37,0,0,75.88
2025-03-23,1,PROD_APP_002,Apparel,40,0,0,75.88
2025-03-23,1,PROD_APP_003,Apparel,54,1,0,75.88
2025-03-23,1,PROD_APP_004,Apparel,33,0,0,75.88
2025-03-23,1,PROD_HOME_001,Home & Kitchen,35,0,0,75.88
2025-03-23,1,PROD_HOME_002,Home & Kitchen,46,1,0,75.88
2025-03-23,1,PROD_HOME_003,Home & Kitchen,45,0,0,75.88
2025-03-23,1,PROD_HOME_004,Home & Kitchen,40,0,0,75.88
2025-03-23,1,PROD_BEAU_001,Health & Beauty,51,1,0,75.88
2025-03-23,1,PROD_BEAU_002,Health & Beauty,36,0,0,75.88
2025-03-23,1,PROD_BEAU_003,Health & Beauty,34,0,0,75.88
2025-03-23,1,PROD_SPRT_001,Sports & Outdoors,43,0,0,75.88
2025-03-23,1,PROD_SPRT_002,Sports & Outdoors,31,0,0,75.88
2025-03-23,1,PROD_SPRT_003,Sports & Outdoors,37,0,0,75.88
2025-03-23,1,PROD_SPRT_004,Sports & Outdoors,37,0,0,75.88
2025-03-24,1,PROD_ELEC_001,Electronics,43,1,0,76.17
2025-03-24,1,PROD_ELEC_002,Electronics,22,0,0,76.17
2025-03-24,1,PROD_ELEC_003,Electronics,28,0,0,76.17
2025-03-24,1,PROD_ELEC_004,Electronics,26,0,0,76.17
2025-03-24,1,PROD_ELEC_005,Electronics,30,0,0,76.17
2025-03-24,1,PROD_APP_001,Apparel,49,1,0,76.17
2025-03-24,1,PROD_APP_002,Apparel,23,0,0,76.17
2025-03-24,1,PROD_APP_003,Apparel,26,0,0,76.17
2025-03-24,1,PROD_APP_004,Apparel,27,0,0,76.17
2025-03-24,1,PROD_HOME_001,Home & Kitchen,28,0,0,76.17
2025-03-24,1,PROD_HOME_002,Home & Kitchen,46,1,0,76.17
2025-03-24,1,PROD_HOME_003,Home & Kitchen,29,0,0,76.17
2025-03-24,1,PROD_HOME_004,Home & Kitchen,31,0,0,76.17
2025-03-24,1,PROD_BEAU_001,Health & Beauty,27,0,0,76.17
2025-03-24,1,PROD_BEAU_002,Health & Beauty,30,0,0,76.17
2025-03-24,1,PROD_BEAU_003,Health & Beauty,33,0,0,76.17
2025-03-24,1,PROD_SPRT_001,Sports & Outdoors,27,0,0,76.17
2025-03-24,1,PROD_SPRT_002,Sports & Outdoors,33,0,0,76.17
2025-03-24,1,PROD_SPRT_003,Sports & Outdoors,30,0,0,76.17
2025-03-24,1,PROD_SPRT_004,Sports & Outdoors,34,0,0,76.17
2025-03-25,1,PROD_ELEC_001,Electronics,31,0,0,74.69
2025-03-25,1,PROD_ELEC_002,Electronics,43,1,0,74.69
2025-03-25,1,PROD_ELEC_003,Electronics,29,0,0,74.69
2025-03-25,1,PROD_ELEC_004,Electronics,31,0,0,74.69
2025-03-25,1,PROD_ELEC_005,Electronics,32,0,0,74.69
2025-03-25,1,PROD_APP_001,Apparel,38,1,0,74.69
2025-03-25,1,PROD_APP_002,Apparel,35,0,0,74.69
2025-03-25,1,PROD_APP_003,Apparel,22,0,0,74.69
2025-03-25,1,PROD_APP_004,Apparel,27,0,0,74.69
2025-03-25,1,PROD_HOME_001,Home & Kitchen,43,1,0,74.69
2025-03-25,1,PROD_HOME_002,Home & Kitchen,31,0,0,74.69
2025-03-25,1,PROD_HOME_003,Home & Kitchen,36,0,0,74.69
2025-03-25,1,PROD_HOME_004,Home & Kitchen,22,0,0,74.69
2025-03-25,1,PROD_BEAU_001,Health & Beauty,27,0,0,74.69
2025-03-25,1,PROD_BEAU_002,Health & Beauty,21,0,0,74.69
2025-03-25,1,PROD_BEAU_003,Health & Beauty,43,1,0,74.69
2025-03-25,1,PROD_SPRT_001,Sports & Outdoors,31,0,0,74.69
2025-03-25,1,PROD_SPRT_002,Sports & Outdoors,36,0,0,74.69
2025-03-25,1,PROD_SPRT_003,Sports & Outdoors,30,0,0,74.69
2025-03-25,1,PROD_SPRT_004,Sports & Outdoors,34,0,0,74.69
2025-03-26,1,PROD_ELEC_001,Electronics,28,0,0,75.38
2025-03-26,1,PROD_ELEC_002,Electronics,24,0,0,75.38
2025-03-26,1,PROD_ELEC_003,Electronics,31,0,0,75.38
2025-03-26,1,PROD_ELEC_004,Electronics,24,0,0,75.38
2025-03-26,1,PROD_ELEC_005,Electronics,35,0,0,75.38
2025-03-26,1,PROD_APP_001,Apparel,29,0,0,75.38
2025-03-26,1,PROD_APP_002,Apparel,34,0,0,75.38
2025-03-26,1,PROD_APP_003,Apparel,28,0,0,75.38
2025-03-26,1,PROD_APP_004,Apparel,44,1,0,75.38
2025-03-26,1,PROD_HOME_001,Home & Kitchen,30,0,0,75.38
2025-03-26,1,PROD_HOME_002,Home & Kitchen,29,0,0,75.38
2025-03-26,1,PROD_HOME_003,Home & Kitchen,28,0,0,75.38
2025-03-26,1,PROD_HOME_004,Home & Kitchen,31,0,0,75.38
2025-03-26,1,PROD_BEAU_001,Health & Beauty,26,0,0,75.38
2025-03-26,1,PROD_BEAU_002,Health & Beauty,25,0,0,75.38
2025-03-26,1,PROD_BEAU_003,Health & Beauty,48,1,0,75.38
2025-03-26,1,PROD_SPRT_001,Sports & Outdoors,32,0,0,75.38
2025-03-26,1,PROD_SPRT_002,Sports & Outdoors,30,0,0,75.38
2025-03-26,1,PROD_SPRT_003,Sports & Outdoors,36,0,0,75.38
2025-03-26,1,PROD_SPRT_004,Sports & Outdoors,42,1,0,75.38
2025-03-27,1,PROD_ELEC_001,Electronics,30,0,0,76.01
2025-03-27,1,PROD_ELEC_002,Electronics,25,0,0,76.01
2025-03-27,1,PROD_ELEC_003,Electronics,37,0,0,76.01
2025-03-27,1,PROD_ELEC_004,Electronics,47,1,0,76.01
2025-03-27,1,PROD_ELEC_005,Electronics,29,0,0,76.01
2025-03-27,1,PROD_APP_001,Apparel,32,0,0,76.01
2025-03-27,1,PROD_APP_002,Apparel,41,1,0,76.01
2025-03-27,1,PROD_APP_003,Apparel,33,0,0,76.01
2025-03-27,1,PROD_APP_004,Apparel,20,0,0,76.01
2025-03-27,1,PROD_HOME_001,Home & Kitchen,25,0,0,76.01
2025-03-27,1,PROD_HOME_002,Home & Kitchen,33,0,0,76.01
2025-03-27,1,PROD_HOME_003,Home & Kitchen,29,0,0,76.01
2025-03-27,1,PROD_HOME_004,Home & Kitchen,30,0,0,76.01
2025-03-27,1,PROD_BEAU_001,Health & Beauty,38,1,0,76.01
2025-03-27,1,PROD_BEAU_002,Health & Beauty,50,1,0,76.01
2025-03-27,1,PROD_BEAU_003,Health & Beauty,48,1,0,76.01
2025-03-27,1,PROD_SPRT_001,Sports & Outdoors,29,0,0,76.01
2025-03-27,1,PROD_SPRT_002,Sports & Outdoors,41,1,0,76.01
2025-03-27,1,PROD_SPRT_003,Sports & Outdoors,34,0,0,76.01
2025-03-27,1,PROD_SPRT_004,Sports & Outdoors,37,0,0,76.01
2025-03-28,1,PROD_ELEC_001,Electronics,38,0,0,75.32
2025-03-28,1,PROD_ELEC_002,Electronics,26,0,0,75.32
2025-03-28,1,PROD_ELEC_003,Electronics,26,0,0,75.32
2025-03-28,1,PROD_ELEC_004,Electronics,25,0,0,75.32
2025-03-28,1,PROD_ELEC_005,Electronics,31,0,0,75.32
2025-03-28,1,PROD_APP_001,Apparel,30,0,0,75.32
2025-03-28,1,PROD_APP_002,Apparel,29,0,0,75.32
2025-03-28,1,PROD_APP_003,Apparel,33,0,0,75.32
2025-03-28,1,PROD_APP_004,Apparel,34,0,0,75.32
2025-03-28,1,PROD_HOME_001,Home & Kitchen,37,1,0,75.32
2025-03-28,1,PROD_HOME_002,Home & Kitchen,27,0,0,75.32
2025-03-28,1,PROD_HOME_003,Home & Kitchen,33,0,0,75.32
2025-03-28,1,PROD_HOME_004,Home & Kitchen,28,0,0,75.32
2025-03-28,1,PROD_BEAU_001,Health & Beauty,40,1,0,75.32
2025-03-28,1,PROD_BEAU_002,Health & Beauty,47,1,0,75.32
2025-03-28,1,PROD_BEAU_003,Health & Beauty,24,0,0,75.32
2025-03-28,1,PROD_SPRT_001,Sports & Outdoors,28,0,0,75.32
2025-03-28,1,PROD_SPRT_002,Sports & Outdoors,31,0,0,75.32
2025-03-28,1,PROD_SPRT_003,Sports & Outdoors,27,0,0,75.32
2025-03-28,1,PROD_SPRT_004,Sports & Outdoors,33,0,0,75.32
2025-03-29,1,PROD_ELEC_001,Electronics,43,0,0,73.23
2025-03-29,1,PROD_ELEC_002,Electronics,36,0,0,73.23
2025-03-29,1,PROD_ELEC_003,Electronics,57,1,0,73.23
2025-03-29,1,PROD_ELEC_004,Electronics,57,1,0,73.23
2025-03-29,1,PROD_ELEC_005,Electronics,34,0,0,73.23
2025-03-29,1,PROD_APP_001,Apparel,29,0,0,73.23
2025-03-29,1,PROD_APP_002,Apparel,38,0,0,73.23
2025-03-29,1,PROD_APP_003,Apparel,54,1,0,73.23
2025-03-29,1,PROD_APP_004,Apparel,39,0,0,73.23
2025-03-29,1,PROD_HOME_001,Home & Kitchen,36,0,0,73.23
2025-03-29,1,PROD_HOME_002,Home & Kitchen,52,1,0,73.23
2025-03-29,1,PROD_HOME_003,Home & Kitchen,45,0,0,73.23
2025-03-29,1,PROD_HOME_004,Home & Kitchen,31,0,0,73.23
2025-03-29,1,PROD_BEAU_001,Health & Beauty,40,0,0,73.23
2025-03-29,1,PROD_BEAU_002,Health & Beauty,35,0,0,73.23
2025-03-29,1,PROD_BEAU_003,Health & Beauty,36,0,0,73.23
2025-03-29,1,PROD_SPRT_001,Sports & Outdoors,36,0,0,73.23
2025-03-29,1,PROD_SPRT_002,Sports & Outdoors,51,1,0,73.23
2025-03-29,1,PROD_SPRT_003,Sports & Outdoors,39,0,0,73.23
2025-03-29,1,PROD_SPRT_004,Sports & Outdoors,43,0,0,73.23
2025-03-30,1,PROD_ELEC_001,Electronics,37,0,0,74.22
2025-03-30,1,PROD_ELEC_002,Electronics,33,0,0,74.22
2025-03-30,1,PROD_ELEC_003,Electronics,39,0,0,74.22
2025-03-30,1,PROD_ELEC_004,Electronics,46,0,0,74.22
2025-03-30,1,PROD_ELEC_005,Electronics,52,1,0,74.22
2025-03-30,1,PROD_APP_001,Apparel,52,1,0,74.22
2025-03-30,1,PROD_APP_002,Apparel,35,0,0,74.22
2025-03-30,1,PROD_APP_003,Apparel,35,0,0,74.22
2025-03-30,1,PROD_APP_004,Apparel,43,1,0,74.22
2025-03-30,1,PROD_HOME_001,Home & Kitchen,39,0,0,74.22
2025-03-30,1,PROD_HOME_002,Home & Kitchen,34,0,0,74.22
2025-03-30,1,PROD_HOME_003,Home & Kitchen,31,0,0,74.22
2025-03-30,1,PROD_HOME_004,Home & Kitchen,40,0,0,74.22
2025-03-30,1,PROD_BEAU_001,Health & Beauty,33,0,0,74.22
2025-03-30,1,PROD_BEAU_002,Health & Beauty,36,0,0,74.22
2025-03-30,1,PROD_BEAU_003,Health & Beauty,43,0,0,74.22
2025-03-30,1,PROD_SPRT_001,Sports & Outdoors,48,1,0,74.22
2025-03-30,1,PROD_SPRT_002,Sports & Outdoors,48,1,0,74.22
2025-03-30,1,PROD_SPRT_003,Sports & Outdoors,38,0,0,74.22
2025-03-30,1,PROD_SPRT_004,Sports & Outdoors,42,0,0,74.22
2025-03-31,1,PROD_ELEC_001,Electronics,45,1,0,71.5
2025-03-31,1,PROD_ELEC_002,Electronics,32,0,0,71.5
2025-03-31,1,PROD_ELEC_003,Electronics,21,0,0,71.5
2025-03-31,1,PROD_ELEC_004,Electronics,33,0,0,71.5
2025-03-31,1,PROD_ELEC_005,Electronics,47,1,0,71.5
2025-03-31,1,PROD_APP_001,Apparel,28,0,0,71.5
2025-03-31,1,PROD_APP_002,Apparel,48,1,0,71.5
2025-03-31,1,PROD_APP_003,Apparel,34,0,0,71.5
2025-03-31,1,PROD_APP_004,Apparel,30,0,0,71.5
2025-03-31,1,PROD_HOME_001,Home & Kitchen,28,0,0,71.5
2025-03-31,1,PROD_HOME_002,Home & Kitchen,39,1,0,71.5
2025-03-31,1,PROD_HOME_003,Home & Kitchen,29,0,0,71.5
2025-03-31,1,PROD_HOME_004,Home & Kitchen,45,1,0,71.5
2025-03-31,1,PROD_BEAU_001,Health & Beauty,28,0,0,71.5
2025-03-31,1,PROD_BEAU_002,Health & Beauty,21,0,0,71.5
2025-03-31,1,PROD_BEAU_003,Health & Beauty,35,0,0,71.5
2025-03-31,1,PROD_SPRT_001,Sports & Outdoors,30,0,0,71.5
2025-03-31,1,PROD_SPRT_002,Sports & Outdoors,41,1,0,71.5
2025-03-31,1,PROD_SPRT_003,Sports & Outdoors,33,0,0,71.5
2025-03-31,1,PROD_SPRT_004,Sports & Outdoors,36,0,0,71.5
2025-04-01,1,PROD_ELEC_001,Electronics,31,0,0,69.77
2025-04-01,1,PROD_ELEC_002,Electronics,24,0,0,69.77
2025-04-01,1,PROD_ELEC_003,Electronics,31,0,0,69.77
2025-04-01,1,PROD_ELEC_004,Electronics,44,1,0,69.77
2025-04-01,1,PROD_ELEC_005,Electronics,32,0,0,69.77
2025-04-01,1,PROD_APP_001,Apparel,41,1,0,69.77
2025-04-01,1,PROD_APP_002,Apparel,22,0,0,69.77
2025-04-01,1,PROD_APP_003,Apparel,28,0,0,69.77
2025-04-01,1,PROD_APP_004,Apparel,31,0,0,69.77
2025-04-01,1,PROD_HOME_001,Home & Kitchen,34,0,0,69.77
2025-04-01,1,PROD_HOME_002,Home & Kitchen,25,0,0,69.77
2025-04-01,1,PROD_HOME_003,Home & Kitchen,34,0,0,69.77
2025-04-01,1,PROD_HOME_004,Home & Kitchen,27,0,0,69.77
2025-04-01,1,PROD_BEAU_001,Health & Beauty,31,0,0,69.77
2025-04-01,1,PROD_BEAU_002,Health & Beauty,27,0,0,69.77
2025-04-01,1,PROD_BEAU_003,Health & Beauty,30,0,0,69.77
2025-04-01,1,PROD_SPRT_001,Sports & Outdoors,33,0,0,69.77
2025-04-01,1,PROD_SPRT_002,Sports & Outdoors,25,0,0,69.77
2025-04-01,1,PROD_SPRT_003,Sports & Outdoors,27,0,0,69.77
2025-04-01,1,PROD_SPRT_004,Sports & Outdoors,30,0,0,69.77
2025-04-02,1,PROD_ELEC_001,Electronics,40,1,0,75.75
2025-04-02,1,PROD_ELEC_002,Electronics,38,0,0,75.75
2025-04-02,1,PROD_ELEC_003,Electronics,38,0,0,75.75
2025-04-02,1,PROD_ELEC_004,Electronics,29,0,0,75.75
2025-04-02,1,PROD_ELEC_005,Electronics,28,0,0,75.75
2025-04-02,1,PROD_APP_001,Apparel,40,1,0,75.75
2025-04-02,1,PROD_APP_002,Apparel,29,0,0,75.75
2025-04-02,1,PROD_APP_003,Apparel,24,0,0,75.75
2025-04-02,1,PROD_APP_004,Apparel,29,0,0,75.75
2025-04-02,1,PROD_HOME_001,Home & Kitchen,35,0,0,75.75
2025-04-02,1,PROD_HOME_002,Home & Kitchen,27,0,0,75.75
2025-04-02,1,PROD_HOME_003,Home & Kitchen,42,1,0,75.75
2025-04-02,1,PROD_HOME_004,Home & Kitchen,23,0,0,75.75
2025-04-02,1,PROD_BEAU_001,Health & Beauty,31,0,0,75.75
2025-04-02,1,PROD_BEAU_002,Health & Beauty,31,0,0,75.75
2025-04-02,1,PROD_BEAU_003,Health & Beauty,30,0,0,75.75
2025-04-02,1,PROD_SPRT_001,Sports & Outdoors,42,1,0,75.75
2025-04-02,1,PROD_SPRT_002,Sports & Outdoors,28,0,0,75.75
2025-04-02,1,PROD_SPRT_003,Sports & Outdoors,32,0,0,75.75
2025-04-02,1,PROD_SPRT_004,Sports & Outdoors,29,0,0,75.75
2025-04-03,1,PROD_ELEC_001,Electronics,30,0,0,72.98
2025-04-03,1,PROD_ELEC_002,Electronics,34,0,0,72.98
2025-04-03,1,PROD_ELEC_003,Electronics,32,0,0,72.98
2025-04-03,1,PROD_ELEC_004,Electronics,30,0,0,72.98
2025-04-03,1,PROD_ELEC_005,Electronics,49,1,0,72.98
2025-04-03,1,PROD_APP_001,Apparel,31,0,0,72.98
2025-04-03,1,PROD_APP_002,Apparel,35,0,0,72.98
2025-04-03,1,PROD_APP_003,Apparel,32,0,0,72.98
2025-04-03,1,PROD_APP_004,Apparel,22,0,0,72.98
2025-04-03,1,PROD_HOME_001,Home & Kitchen,48,1,0,72.98
2025-04-03,1,PROD_HOME_002,Home & Kitchen,30,0,0,72.98
2025-04-03,1,PROD_HOME_003,Home & Kitchen,29,0,0,72.98
2025-04-03,1,PROD_HOME_004,Home & Kitchen,31,0,0,72.98
2025-04-03,1,PROD_BEAU_001,Health & Beauty,28,0,0,72.98
2025-04-03,1,PROD_BEAU_002,Health & Beauty,30,0,0,72.98
2025-04-03,1,PROD_BEAU_003,Health & Beauty,27,0,0,72.98
2025-04-03,1,PROD_SPRT_001,Sports & Outdoors,35,0,0,72.98
2025-04-03,1,PROD_SPRT_002,Sports & Outdoors,29,0,0,72.98
2025-04-03,1,PROD_SPRT_003,Sports & Outdoors,28,0,0,72.98
2025-04-03,1,PROD_SPRT_004,Sports & Outdoors,26,0,0,72.98
2025-04-04,1,PROD_ELEC_001,Electronics,44,1,0,72.66
2025-04-04,1,PROD_ELEC_002,Electronics,31,0,0,72.66
2025-04-04,1,PROD_ELEC_003,Electronics,25,0,0,72.66
2025-04-04,1,PROD_ELEC_004,Electronics,23,0,0,72.66
2025-04-04,1,PROD_ELEC_005,Electronics,46,1,0,72.66
2025-04-04,1,PROD_APP_001,Apparel,35,0,0,72.66
2025-04-04,1,PROD_APP_002,Apparel,25,0,0,72.66
2025-04-04,1,PROD_APP_003,Apparel,49,1,0,72.66
2025-04-04,1,PROD_APP_004,Apparel,31,0,0,72.66
2025-04-04,1,PROD_HOME_001,Home & Kitchen,29,0,0,72.66
2025-04-04,1,PROD_HOME_002,Home & Kitchen,28,0,0,72.66
2025-04-04,1,PROD_HOME_003,Home & Kitchen,24,0,0,72.66
2025-04-04,1,PROD_HOME_004,Home & Kitchen,47,1,0,72.66
2025-04-04,1,PROD_BEAU_001,Health & Beauty,26,0,0,72.66
2025-04-04,1,PROD_BEAU_002,Health & Beauty,26,0,0,72.66
2025-04-04,1,PROD_BEAU_003,Health & Beauty,33,0,0,72.66
2025-04-04,1,PROD_SPRT_001,Sports & Outdoors,22,0,0,72.66
2025-04-04,1,PROD_SPRT_002,Sports & Outdoors,23,0,0,72.66
2025-04-04,1,PROD_SPRT_003,Sports & Outdoors,29,0,0,72.66
2025-04-04,1,PROD_SPRT_004,Sports & Outdoors,31,0,0,72.66
2025-04-05,1,PROD_ELEC_001,Electronics,36,0,0,72.65
2025-04-05,1,PROD_ELEC_002,Electronics,47,0,0,72.65
2025-04-05,1,PROD_ELEC_003,Electronics,53,1,0,72.65
2025-04-05,1,PROD_ELEC_004,Electronics,36,0,0,72.65
2025-04-05,1,PROD_ELEC_005,Electronics,51,1,0,72.65
2025-04-05,1,PROD_APP_001,Apparel,54,1,0,72.65
2025-04-05,1,PROD_APP_002,Apparel,39,0,0,72.65
2025-04-05,1,PROD_APP_003,Apparel,42,0,0,72.65
2025-04-05,1,PROD_APP_004,Apparel,31,0,0,72.65
2025-04-05,1,PROD_HOME_001,Home & Kitchen,36,0,0,72.65
2025-04-05,1,PROD_HOME_002,Home & Kitchen,56,1,0,72.65
2025-04-05,1,PROD_HOME_003,Home & Kitchen,39,0,0,72.65
2025-04-05,1,PROD_HOME_004,Home & Kitchen,37,0,0,72.65
2025-04-05,1,PROD_BEAU_001,Health & Beauty,39,0,0,72.65
2025-04-05,1,PROD_BEAU_002,Health & Beauty,34,0,0,72.65
2025-04-05,1,PROD_BEAU_003,Health & Beauty,43,0,0,72.65
2025-04-05,1,PROD_SPRT_001,Sports & Outdoors,41,0,0,72.65
2025-04-05,1,PROD_SPRT_002,Sports & Outdoors,48,1,0,72.65
2025-04-05,1,PROD_SPRT_003,Sports & Outdoors,33,0,0,72.65
2025-04-05,1,PROD_SPRT_004,Sports & Outdoors,33,0,0,72.65
2025-04-06,1,PROD_ELEC_001,Electronics,49,1,0,72.61
2025-04-06,1,PROD_ELEC_002,Electronics,36,0,0,72.61
2025-04-06,1,PROD_ELEC_003,Electronics,39,0,0,72.61
2025-04-06,1,PROD_ELEC_004,Electronics,37,0,0,72.61
2025-04-06,1,PROD_ELEC_005,Electronics,38,0,0,72.61
2025-04-06,1,PROD_APP_001,Apparel,33,0,0,72.61
2025-04-06,1,PROD_APP_002,Apparel,39,0,0,72.61
2025-04-06,1,PROD_APP_003,Apparel,51,1,0,72.61
2025-04-06,1,PROD_APP_004,Apparel,36,0,0,72.61
2025-04-06,1,PROD_HOME_001,Home & Kitchen,38,0,0,72.61
2025-04-06,1,PROD_HOME_002,Home & Kitchen,37,0,0,72.61
2025-04-06,1,PROD_HOME_003,Home & Kitchen,37,0,0,72.61
2025-04-06,1,PROD_HOME_004,Home & Kitchen,34,0,0,72.61
2025-04-06,1,PROD_BEAU_001,Health & Beauty,36,0,0,72.61
2025-04-06,1,PROD_BEAU_002,Health & Beauty,54,1,0,72.61
2025-04-06,1,PROD_BEAU_003,Health & Beauty,31,0,0,72.61
2025-04-06,1,PROD_SPRT_001,Sports & Outdoors,35,0,0,72.61
2025-04-06,1,PROD_SPRT_002,Sports & Outdoors,39,0,0,72.61
2025-04-06,1,PROD_SPRT_003,Sports & Outdoors,49,1,0,72.61
2025-04-06,1,PROD_SPRT_004,Sports & Outdoors,42,0,0,72.61
2025-04-07,1,PROD_ELEC_001,Electronics,38,1,0,73.06
2025-04-07,1,PROD_ELEC_002,Electronics,35,0,0,73.06
2025-04-07,1,PROD_ELEC_003,Electronics,29,0,0,73.06
2025-04-07,1,PROD_ELEC_004,Electronics,31,0,0,73.06
2025-04-07,1,PROD_ELEC_005,Electronics,28,0,0,73.06
2025-04-07,1,PROD_APP_001,Apparel,33,0,0,73.06
2025-04-07,1,PROD_APP_002,Apparel,31,0,0,73.06
2025-04-07,1,PROD_APP_003,Apparel,40,1,0,73.06
2025-04-07,1,PROD_APP_004,Apparel,25,0,0,73.06
2025-04-07,1,PROD_HOME_001,Home & Kitchen,37,1,0,73.06
2025-04-07,1,PROD_HOME_002,Home & Kitchen,44,1,0,73.06
2025-04-07,1,PROD_HOME_003,Home & Kitchen,32,0,0,73.06
2025-04-07,1,PROD_HOME_004,Home & Kitchen,32,0,0,73.06
2025-04-07,1,PROD_BEAU_001,Health & Beauty,29,0,0,73.06
2025-04-07,1,PROD_BEAU_002,Health & Beauty,25,0,0,73.06
2025-04-07,1,PROD_BEAU_003,Health & Beauty,27,0,0,73.06
2025-04-07,1,PROD_SPRT_001,Sports & Outdoors,34,0,0,73.06
2025-04-07,1,PROD_SPRT_002,Sports & Outdoors,28,0,0,73.06
2025-04-07,1,PROD_SPRT_003,Sports & Outdoors,44,1,0,73.06
2025-04-07,1,PROD_SPRT_004,Sports & Outdoors,25,0,0,73.06
2025-04-08,1,PROD_ELEC_001,Electronics,28,0,0,71.67
2025-04-08,1,PROD_ELEC_002,Electronics,34,0,0,71.67
2025-04-08,1,PROD_ELEC_003,Electronics,33,0,0,71.67
2025-04-08,1,PROD_ELEC_004,Electronics,41,1,0,71.67
2025-04-08,1,PROD_ELEC_005,Electronics,42,1,0,71.67
2025-04-08,1,PROD_APP_001,Apparel,27,0,0,71.67
2025-04-08,1,PROD_APP_002,Apparel,24,0,0,71.67
2025-04-08,1,PROD_APP_003,Apparel,26,0,0,71.67
2025-04-08,1,PROD_APP_004,Apparel,30,0,0,71.67
2025-04-08,1,PROD_HOME_001,Home & Kitchen,44,1,0,71.67
2025-04-08,1,PROD_HOME_002,Home & Kitchen,44,1,0,71.67
2025-04-08,1,PROD_HOME_003,Home & Kitchen,28,0,0,71.67
2025-04-08,1,PROD_HOME_004,Home & Kitchen,33,0,0,71.67
2025-04-08,1,PROD_BEAU_001,Health & Beauty,30,0,0,71.67
2025-04-08,1,PROD_BEAU_002,Health & Beauty,32,0,0,71.67
2025-04-08,1,PROD_BEAU_003,Health & Beauty,36,1,0,71.67
2025-04-08,1,PROD_SPRT_001,Sports & Outdoors,14,0,0,71.67
2025-04-08,1,PROD_SPRT_002,Sports & Outdoors,31,0,0,71.67
2025-04-08,1,PROD_SPRT_003,Sports & Outdoors,24,0,0,71.67
2025-04-08,1,PROD_SPRT_004,Sports & Outdoors,42,1,0,71.67
2025-04-09,1,PROD_ELEC_001,Electronics,36,0,0,70.64
2025-04-09,1,PROD_ELEC_002,Electronics,45,1,0,70.64
2025-04-09,1,PROD_ELEC_003,Electronics,30,0,0,70.64
2025-04-09,1,PROD_ELEC_004,Electronics,46,1,0,70.64
2025-04-09,1,PROD_ELEC_005,Electronics,44,1,0,70.64
2025-04-09,1,PROD_APP_001,Apparel,28,0,0,70.64
2025-04-09,1,PROD_APP_002,Apparel,34,0,0,70.64
2025-04-09,1,PROD_APP_003,Apparel,25,0,0,70.64
2025-04-09,1,PROD_APP_004,Apparel,31,0,0,70.64
2025-04-09,1,PROD_HOME_001,Home & Kitchen,23,0,0,70.64
2025-04-09,1,PROD_HOME_002,Home & Kitchen,30,0,0,70.64
2025-04-09,1,PROD_HOME_003,Home & Kitchen,30,0,0,70.64
2025-04-09,1,PROD_HOME_004,Home & Kitchen,36,0,0,70.64
2025-04-09,1,PROD_BEAU_001,Health & Beauty,37,1,0,70.64
2025-04-09,1,PROD_BEAU_002,Health & Beauty,27,0,0,70.64
2025-04-09,1,PROD_BEAU_003,Health & Beauty,33,0,0,70.64
2025-04-09,1,PROD_SPRT_001,Sports & Outdoors,44,1,0,70.64
2025-04-09,1,PROD_SPRT_002,Sports & Outdoors,30,0,0,70.64
2025-04-09,1,PROD_SPRT_003,Sports & Outdoors,26,0,0,70.64
2025-04-09,1,PROD_SPRT_004,Sports & Outdoors,27,0,0,70.64
2025-04-10,1,PROD_ELEC_001,Electronics,29,0,0,72.23
2025-04-10,1,PROD_ELEC_002,Electronics,31,0,0,72.23
2025-04-10,1,PROD_ELEC_003,Electronics,29,0,0,72.23
2025-04-10,1,PROD_ELEC_004,Electronics,38,1,0,72.23
2025-04-10,1,PROD_ELEC_005,Electronics,47,1,0,72.23
2025-04-10,1,PROD_APP_001,Apparel,32,0,0,72.23
2025-04-10,1,PROD_APP_002,Apparel,52,1,0,72.23
2025-04-10,1,PROD_APP_003,Apparel,25,0,0,72.23
2025-04-10,1,PROD_APP_004,Apparel,33,0,0,72.23
2025-04-10,1,PROD_HOME_001,Home & Kitchen,24,0,0,72.23
2025-04-10,1,PROD_HOME_002,Home & Kitchen,30,0,0,72.23
2025-04-10,1,PROD_HOME_003,Home & Kitchen,33,0,0,72.23
2025-04-10,1,PROD_HOME_004,Home & Kitchen,35,1,0,72.23
2025-04-10,1,PROD_BEAU_001,Health & Beauty,29,0,0,72.23
2025-04-10,1,PROD_BEAU_002,Health & Beauty,27,0,0,72.23
2025-04-10,1,PROD_BEAU_003,Health & Beauty,27,0,0,72.23
2025-04-10,1,PROD_SPRT_001,Sports & Outdoors,31,0,0,72.23
2025-04-10,1,PROD_SPRT_002,Sports & Outdoors,34,0,0,72.23
2025-04-10,1,PROD_SPRT_003,Sports & Outdoors,29,0,0,72.23
2025-04-10,1,PROD_SPRT_004,Sports & Outdoors,30,0,0,72.23
2025-04-11,1,PROD_ELEC_001,Electronics,30,0,0,70.61
2025-04-11,1,PROD_ELEC_002,Electronics,25,0,0,70.61
2025-04-11,1,PROD_ELEC_003,Electronics,47,1,0,70.61
2025-04-11,1,PROD_ELEC_004,Electronics,31,0,0,70.61
2025-04-11,1,PROD_ELEC_005,Electronics,31,0,0,70.61
2025-04-11,1,PROD_APP_001,Apparel,40,1,0,70.61
2025-04-11,1,PROD_APP_002,Apparel,28,0,0,70.61
2025-04-11,1,PROD_APP_003,Apparel,29,0,0,70.61
2025-04-11,1,PROD_APP_004,Apparel,23,0,0,70.61
2025-04-11,1,PROD_HOME_001,Home & Kitchen,23,0,0,70.61
2025-04-11,1,PROD_HOME_002,Home & Kitchen,27,0,0,70.61
2025-04-11,1,PROD_HOME_003,Home & Kitchen,32,0,0,70.61
2025-04-11,1,PROD_HOME_004,Home & Kitchen,27,0,0,70.61
2025-04-11,1,PROD_BEAU_001,Health & Beauty,25,0,0,70.61
2025-04-11,1,PROD_BEAU_002,Health & Beauty,26,0,0,70.61
2025-04-11,1,PROD_BEAU_003,Health & Beauty,28,0,0,70.61
2025-04-11,1,PROD_SPRT_001,Sports & Outdoors,28,0,0,70.61
2025-04-11,1,PROD_SPRT_002,Sports & Outdoors,38,0,0,70.61
2025-04-11,1,PROD_SPRT_003,Sports & Outdoors,34,0,0,70.61
2025-04-11,1,PROD_SPRT_004,Sports & Outdoors,47,1,0,70.61
2025-04-12,1,PROD_ELEC_001,Electronics,33,0,0,71.62
2025-04-12,1,PROD_ELEC_002,Electronics,32,0,0,71.62
2025-04-12,1,PROD_ELEC_003,Electronics,33,0,0,71.62
2025-04-12,1,PROD_ELEC_004,Electronics,42,0,0,71.62
2025-04-12,1,PROD_ELEC_005,Electronics,35,0,0,71.62
2025-04-12,1,PROD_APP_001,Apparel,32,0,0,71.62
2025-04-12,1,PROD_APP_002,Apparel,35,0,0,71.62
2025-04-12,1,PROD_APP_003,Apparel,53,1,0,71.62
2025-04-12,1,PROD_APP_004,Apparel,38,0,0,71.62
2025-04-12,1,PROD_HOME_001,Home & Kitchen,55,1,0,71.62
2025-04-12,1,PROD_HOME_002,Home & Kitchen,34,0,0,71.62
2025-04-12,1,PROD_HOME_003,Home & Kitchen,40,0,0,71.62
2025-04-12,1,PROD_HOME_004,Home & Kitchen,34,0,0,71.62
2025-04-12,1,PROD_BEAU_001,Health & Beauty,53,1,0,71.62
2025-04-12,1,PROD_BEAU_002,Health & Beauty,40,0,0,71.62
2025-04-12,1,PROD_BEAU_003,Health & Beauty,34,0,0,71.62
2025-04-12,1,PROD_SPRT_001,Sports & Outdoors,35,0,0,71.62
2025-04-12,1,PROD_SPRT_002,Sports & Outdoors,39,0,0,71.62
2025-04-12,1,PROD_SPRT_003,Sports & Outdoors,34,0,0,71.62
2025-04-12,1,PROD_SPRT_004,Sports & Outdoors,35,0,0,71.62
2025-04-13,1,PROD_ELEC_001,Electronics,45,0,0,70.62
2025-04-13,1,PROD_ELEC_002,Electronics,39,0,0,70.62
2025-04-13,1,PROD_ELEC_003,Electronics,39,0,0,70.62
2025-04-13,1,PROD_ELEC_004,Electronics,56,1,0,70.62
2025-04-13,1,PROD_ELEC_005,Electronics,33,0,0,70.62
2025-04-13,1,PROD_APP_001,Apparel,37,0,0,70.62
2025-04-13,1,PROD_APP_002,Apparel,37,0,0,70.62
2025-04-13,1,PROD_APP_003,Apparel,38,0,0,70.62
2025-04-13,1,PROD_APP_004,Apparel,37,0,0,70.62
2025-04-13,1,PROD_HOME_001,Home & Kitchen,39,0,0,70.62
2025-04-13,1,PROD_HOME_002,Home & Kitchen,36,0,0,70.62
2025-04-13,1,PROD_HOME_003,Home & Kitchen,37,0,0,70.62
2025-04-13,1,PROD_HOME_004,Home & Kitchen,32,0,0,70.62
2025-04-13,1,PROD_BEAU_001,Health & Beauty,36,0,0,70.62
2025-04-13,1,PROD_BEAU_002,Health & Beauty,43,0,0,70.62
2025-04-13,1,PROD_BEAU_003,Health & Beauty,55,1,0,70.62
2025-04-13,1,PROD_SPRT_001,Sports & Outdoors,37,0,0,70.62
2025-04-13,1,PROD_SPRT_002,Sports & Outdoors,45,0,0,70.62
2025-04-13,1,PROD_SPRT_003,Sports & Outdoors,32,0,0,70.62
2025-04-13,1,PROD_SPRT_004,Sports & Outdoors,33,0,0,70.62
2025-04-14,1,PROD_ELEC_001,Electronics,30,0,0,71.75
2025-04-14,1,PROD_ELEC_002,Electronics,42,1,0,71.75
2025-04-14,1,PROD_ELEC_003,Electronics,25,0,0,71.75
2025-04-14,1,PROD_ELEC_004,Electronics,31,0,0,71.75
2025-04-14,1,PROD_ELEC_005,Electronics,32,0,0,71.75
2025-04-14,1,PROD_APP_001,Apparel,25,0,0,71.75
2025-04-14,1,PROD_APP_002,Apparel,29,0,0,71.75
2025-04-14,1,PROD_APP_003,Apparel,28,0,0,71.75
2025-04-14,1,PROD_APP_004,Apparel,31,0,0,71.75
2025-04-14,1,PROD_HOME_001,Home & Kitchen,39,1,0,71.75
2025-04-14,1,PROD_HOME_002,Home & Kitchen,35,0,0,71.75
2025-04-14,1,PROD_HOME_003,Home & Kitchen,47,1,0,71.75
2025-04-14,1,PROD_HOME_004,Home & Kitchen,28,0,0,71.75
2025-04-14,1,PROD_BEAU_001,Health & Beauty,29,0,0,71.75
2025-04-14,1,PROD_BEAU_002,Health & Beauty,42,1,0,71.75
2025-04-14,1,PROD_BEAU_003,Health & Beauty,26,0,0,71.75
2025-04-14,1,PROD_SPRT_001,Sports & Outdoors,28,0,0,71.75
2025-04-14,1,PROD_SPRT_002,Sports & Outdoors,28,0,0,71.75
2025-04-14,1,PROD_SPRT_003,Sports & Outdoors,36,0,0,71.75
2025-04-14,1,PROD_SPRT_004,Sports & Outdoors,33,0,0,71.75
2025-04-15,1,PROD_ELEC_001,Electronics,31,0,0,70.57
2025-04-15,1,PROD_ELEC_002,Electronics,39,1,0,70.57
2025-04-15,1,PROD_ELEC_003,Electronics,29,0,0,70.57
2025-04-15,1,PROD_ELEC_004,Electronics,33,0,0,70.57
2025-04-15,1,PROD_ELEC_005,Electronics,24,0,0,70.57
2025-04-15,1,PROD_APP_001,Apparel,32,0,0,70.57
2025-04-15,1,PROD_APP_002,Apparel,39,0,0,70.57
2025-04-15,1,PROD_APP_003,Apparel,47,1,0,70.57
2025-04-15,1,PROD_APP_004,Apparel,35,0,0,70.57
2025-04-15,1,PROD_HOME_001,Home & Kitchen,44,1,0,70.57
2025-04-15,1,PROD_HOME_002,Home & Kitchen,33,0,0,70.57
2025-04-15,1,PROD_HOME_003,Home & Kitchen,27,0,0,70.57
2025-04-15,1,PROD_HOME_004,Home & Kitchen,33,0,0,70.57
2025-04-15,1,PROD_BEAU_001,Health & Beauty,32,0,0,70.57
2025-04-15,1,PROD_BEAU_002,Health & Beauty,31,0,0,70.57
2025-04-15,1,PROD_BEAU_003,Health & Beauty,35,0,0,70.57
2025-04-15,1,PROD_SPRT_001,Sports & Outdoors,27,0,0,70.57
2025-04-15,1,PROD_SPRT_002,Sports & Outdoors,29,0,0,70.57
2025-04-15,1,PROD_SPRT_003,Sports & Outdoors,30,0,0,70.57
2025-04-15,1,PROD_SPRT_004,Sports & Outdoors,25,0,0,70.57
2025-04-16,1,PROD_ELEC_001,Electronics,23,0,0,69.47
2025-04-16,1,PROD_ELEC_002,Electronics,34,0,0,69.47
2025-04-16,1,PROD_ELEC_003,Electronics,30,0,0,69.47
2025-04-16,1,PROD_ELEC_004,Electronics,27,0,0,69.47
2025-04-16,1,PROD_ELEC_005,Electronics,40,1,0,69.47
2025-04-16,1,PROD_APP_001,Apparel,29,0,0,69.47
2025-04-16,1,PROD_APP_002,Apparel,32,0,0,69.47
2025-04-16,1,PROD_APP_003,Apparel,45,1,0,69.47
2025-04-16,1,PROD_APP_004,Apparel,27,0,0,69.47
2025-04-16,1,PROD_HOME_001,Home & Kitchen,26,0,0,69.47
2025-04-16,1,PROD_HOME_002,Home & Kitchen,46,1,0,69.47
2025-04-16,1,PROD_HOME_003,Home & Kitchen,27,0,0,69.47
2025-04-16,1,PROD_HOME_004,Home & Kitchen,30,0,0,69.47
2025-04-16,1,PROD_BEAU_001,Health & Beauty,30,0,0,69.47
2025-04-16,1,PROD_BEAU_002,Health & Beauty,31,0,0,69.47
2025-04-16,1,PROD_BEAU_003,Health & Beauty,33,0,0,69.47
2025-04-16,1,PROD_SPRT_001,Sports & Outdoors,24,0,0,69.47
2025-04-16,1,PROD_SPRT_002,Sports & Outdoors,22,0,0,69.47
2025-04-16,1,PROD_SPRT_003,Sports & Outdoors,27,0,0,69.47
2025-04-16,1,PROD_SPRT_004,Sports & Outdoors,37,0,0,69.47
2025-04-17,1,PROD_ELEC_001,Electronics,37,0,0,71.37
2025-04-17,1,PROD_ELEC_002,Electronics,29,0,0,71.37
2025-04-17,1,PROD_ELEC_003,Electronics,36,1,0,71.37
2025-04-17,1,PROD_ELEC_004,Electronics,34,1,0,71.37
2025-04-17,1,PROD_ELEC_005,Electronics,27,0,0,71.37
2025-04-17,1,PROD_APP_001,Apparel,29,0,0,71.37
2025-04-17,1,PROD_APP_002,Apparel,48,1,0,71.37
2025-04-17,1,PROD_APP_003,Apparel,33,0,0,71.37
2025-04-17,1,PROD_APP_004,Apparel,30,0,0,71.37
2025-04-17,1,PROD_HOME_001,Home & Kitchen,26,0,0,71.37
2025-04-17,1,PROD_HOME_002,Home & Kitchen,39,1,0,71.37
2025-04-17,1,PROD_HOME_003,Home & Kitchen,31,0,0,71.37
2025-04-17,1,PROD_HOME_004,Home & Kitchen,32,0,0,71.37
2025-04-17,1,PROD_BEAU_001,Health & Beauty,31,0,0,71.37
2025-04-17,1,PROD_BEAU_002,Health & Beauty,25,0,0,71.37
2025-04-17,1,PROD_BEAU_003,Health & Beauty,32,0,0,71.37
2025-04-17,1,PROD_SPRT_001,Sports & Outdoors,45,1,0,71.37
2025-04-17,1,PROD_SPRT_002,Sports & Outdoors,25,0,0,71.37
2025-04-17,1,PROD_SPRT_003,Sports & Outdoors,26,0,0,71.37
2025-04-17,1,PROD_SPRT_004,Sports & Outdoors,32,0,0,71.37
2025-04-18,1,PROD_ELEC_001,Electronics,36,0,0,68.42
2025-04-18,1,PROD_ELEC_002,Electronics,32,0,0,68.42
2025-04-18,1,PROD_ELEC_003,Electronics,28,0,0,68.42
2025-04-18,1,PROD_ELEC_004,Electronics,29,0,0,68.42
2025-04-18,1,PROD_ELEC_005,Electronics,43,1,0,68.42
2025-04-18,1,PROD_APP_001,Apparel,27,0,0,68.42
2025-04-18,1,PROD_APP_002,Apparel,26,0,0,68.42
2025-04-18,1,PROD_APP_003,Apparel,46,1,0,68.42
2025-04-18,1,PROD_APP_004,Apparel,33,0,0,68.42
2025-04-18,1,PROD_HOME_001,Home & Kitchen,32,0,0,68.42
2025-04-18,1,PROD_HOME_002,Home & Kitchen,36,0,0,68.42
2025-04-18,1,PROD_HOME_003,Home & Kitchen,41,1,0,68.42
2025-04-18,1,PROD_HOME_004,Home & Kitchen,36,0,0,68.42
2025-04-18,1,PROD_BEAU_001,Health & Beauty,26,0,0,68.42
2025-04-18,1,PROD_BEAU_002,Health & Beauty,25,0,0,68.42
2025-04-18,1,PROD_BEAU_003,Health & Beauty,22,0,0,68.42
2025-04-18,1,PROD_SPRT_001,Sports & Outdoors,28,0,0,68.42
2025-04-18,1,PROD_SPRT_002,Sports & Outdoors,27,0,0,68.42
2025-04-18,1,PROD_SPRT_003,Sports & Outdoors,32,0,0,68.42
2025-04-18,1,PROD_SPRT_004,Sports & Outdoors,30,0,0,68.42
2025-04-19,1,PROD_ELEC_001,Electronics,35,0,0,67.03
2025-04-19,1,PROD_ELEC_002,Electronics,36,0,0,67.03
2025-04-19,1,PROD_ELEC_003,Electronics,30,0,0,67.03
2025-04-19,1,PROD_ELEC_004,Electronics,33,0,0,67.03
2025-04-19,1,PROD_ELEC_005,Electronics,34,0,0,67.03
2025-04-19,1,PROD_APP_001,Apparel,60,1,0,67.03
2025-04-19,1,PROD_APP_002,Apparel,38,0,0,67.03
2025-04-19,1,PROD_APP_003,Apparel,40,0,0,67.03
2025-04-19,1,PROD_APP_004,Apparel,31,0,0,67.03
2025-04-19,1,PROD_HOME_001,Home & Kitchen,42,0,0,67.03
2025-04-19,1,PROD_HOME_002,Home & Kitchen,42,0,0,67.03
2025-04-19,1,PROD_HOME_003,Home & Kitchen,29,0,0,67.03
2025-04-19,1,PROD_HOME_004,Home & Kitchen,34,0,0,67.03
2025-04-19,1,PROD_BEAU_001,Health & Beauty,56,1,0,67.03
2025-04-19,1,PROD_BEAU_002,Health & Beauty,56,1,0,67.03
2025-04-19,1,PROD_BEAU_003,Health & Beauty,34,0,0,67.03
2025-04-19,1,PROD_SPRT_001,Sports & Outdoors,36,0,0,67.03
2025-04-19,1,PROD_SPRT_002,Sports & Outdoors,35,0,0,67.03
2025-04-19,1,PROD_SPRT_003,Sports & Outdoors,37,0,0,67.03
2025-04-19,1,PROD_SPRT_004,Sports & Outdoors,42,0,0,67.03
2025-04-20,1,PROD_ELEC_001,Electronics,41,0,0,67.3
2025-04-20,1,PROD_ELEC_002,Electronics,34,0,0,67.3
2025-04-20,1,PROD_ELEC_003,Electronics,50,1,0,67.3
2025-04-20,1,PROD_ELEC_004,Electronics,40,0,0,67.3
2025-04-20,1,PROD_ELEC_005,Electronics,41,0,0,67.3
2025-04-20,1,PROD_APP_001,Apparel,40,0,0,67.3
2025-04-20,1,PROD_APP_002,Apparel,32,0,0,67.3
2025-04-20,1,PROD_APP_003,Apparel,35,0,0,67.3
2025-04-20,1,PROD_APP_004,Apparel,40,0,0,67.3
2025-04-20,1,PROD_HOME_001,Home & Kitchen,37,0,0,67.3
2025-04-20,1,PROD_HOME_002,Home & Kitchen,33,0,0,67.3
2025-04-20,1,PROD_HOME_003,Home & Kitchen,39,0,0,67.3
2025-04-20,1,PROD_HOME_004,Home & Kitchen,34,0,0,67.3
2025-04-20,1,PROD_BEAU_001,Health & Beauty,44,0,0,67.3
2025-04-20,1,PROD_BEAU_002,Health & Beauty,43,0,0,67.3
2025-04-20,1,PROD_BEAU_003,Health & Beauty,39,0,0,67.3
2025-04-20,1,PROD_SPRT_001,Sports & Outdoors,59,1,0,67.3
2025-04-20,1,PROD_SPRT_002,Sports & Outdoors,37,0,0,67.3
2025-04-20,1,PROD_SPRT_003,Sports & Outdoors,40,0,0,67.3
2025-04-20,1,PROD_SPRT_004,Sports & Outdoors,43,0,0,67.3
2025-04-21,1,PROD_ELEC_001,Electronics,28,0,0,68.28
2025-04-21,1,PROD_ELEC_002,Electronics,23,0,0,68.28
2025-04-21,1,PROD_ELEC_003,Electronics,29,0,0,68.28
2025-04-21,1,PROD_ELEC_004,Electronics,33,0,0,68.28
2025-04-21,1,PROD_ELEC_005,Electronics,33,0,0,68.28
2025-04-21,1,PROD_APP_001,Apparel,32,0,0,68.28
2025-04-21,1,PROD_APP_002,Apparel,27,0,0,68.28
2025-04-21,1,PROD_APP_003,Apparel,22,0,0,68.28
2025-04-21,1,PROD_APP_004,Apparel,28,0,0,68.28
2025-04-21,1,PROD_HOME_001,Home & Kitchen,28,0,0,68.28
2025-04-21,1,PROD_HOME_002,Home & Kitchen,28,0,0,68.28
2025-04-21,1,PROD_HOME_003,Home & Kitchen,45,1,0,68.28
2025-04-21,1,PROD_HOME_004,Home & Kitchen,51,1,0,68.28
2025-04-21,1,PROD_BEAU_001,Health & Beauty,30,0,0,68.28
2025-04-21,1,PROD_BEAU_002,Health & Beauty,29,0,0,68.28
2025-04-21,1,PROD_BEAU_003,Health & Beauty,28,0,0,68.28
2025-04-21,1,PROD_SPRT_001,Sports & Outdoors,30,0,0,68.28
2025-04-21,1,PROD_SPRT_002,Sports & Outdoors,26,0,0,68.28
2025-04-21,1,PROD_SPRT_003,Sports & Outdoors,30,0,0,68.28
2025-04-21,1,PROD_SPRT_004,Sports & Outdoors,45,1,0,68.28
2025-04-22,1,PROD_ELEC_001,Electronics,31,0,0,68.01
2025-04-22,1,PROD_ELEC_002,Electronics,31,0,0,68.01
2025-04-22,1,PROD_ELEC_003,Electronics,22,0,0,68.01
2025-04-22,1,PROD_ELEC_004,Electronics,32,0,0,68.01
2025-04-22,1,PROD_ELEC_005,Electronics,27,0,0,68.01
2025-04-22,1,PROD_APP_001,Apparel,25,0,0,68.01
2025-04-22,1,PROD_APP_002,Apparel,25,0,0,68.01
2025-04-22,1,PROD_APP_003,Apparel,31,0,0,68.01
2025-04-22,1,PROD_APP_004,Apparel,29,0,0,68.01
2025-04-22,1,PROD_HOME_001,Home & Kitchen,23,0,0,68.01
2025-04-22,1,PROD_HOME_002,Home & Kitchen,31,0,0,68.01
2025-04-22,1,PROD_HOME_003,Home & Kitchen,24,0,0,68.01
2025-04-22,1,PROD_HOME_004,Home & Kitchen,44,1,0,68.01
2025-04-22,1,PROD_BEAU_001,Health & Beauty,30,0,0,68.01
2025-04-22,1,PROD_BEAU_002,Health & Beauty,33,0,0,68.01
2025-04-22,1,PROD_BEAU_003,Health & Beauty,37,0,0,68.01
2025-04-22,1,PROD_SPRT_001,Sports & Outdoors,24,0,0,68.01
2025-04-22,1,PROD_SPRT_002,Sports & Outdoors,29,0,0,68.01
2025-04-22,1,PROD_SPRT_003,Sports & Outdoors,42,1,0,68.01
2025-04-22,1,PROD_SPRT_004,Sports & Outdoors,31,0,0,68.01
2025-04-23,1,PROD_ELEC_001,Electronics,42,1,0,67.8
2025-04-23,1,PROD_ELEC_002,Electronics,28,0,0,67.8
2025-04-23,1,PROD_ELEC_003,Electronics,25,0,0,67.8
2025-04-23,1,PROD_ELEC_004,Electronics,33,0,0,67.8
2025-04-23,1,PROD_ELEC_005,Electronics,31,0,0,67.8
2025-04-23,1,PROD_APP_001,Apparel,33,0,0,67.8
2025-04-23,1,PROD_APP_002,Apparel,28,0,0,67.8
2025-04-23,1,PROD_APP_003,Apparel,27,0,0,67.8
2025-04-23,1,PROD_APP_004,Apparel,25,0,0,67.8
2025-04-23,1,PROD_HOME_001,Home & Kitchen,31,0,0,67.8
2025-04-23,1,PROD_HOME_002,Home & Kitchen,25,0,0,67.8
2025-04-23,1,PROD_HOME_003,Home & Kitchen,50,1,0,67.8
2025-04-23,1,PROD_HOME_004,Home & Kitchen,24,0,0,67.8
2025-04-23,1,PROD_BEAU_001,Health & Beauty,44,1,0,67.8
2025-04-23,1,PROD_BEAU_002,Health & Beauty,36,0,0,67.8
2025-04-23,1,PROD_BEAU_003,Health & Beauty,32,0,0,67.8
2025-04-23,1,PROD_SPRT_001,Sports & Outdoors,44,1,0,67.8
2025-04-23,1,PROD_SPRT_002,Sports & Outdoors,26,0,0,67.8
2025-04-23,1,PROD_SPRT_003,Sports & Outdoors,24,0,0,67.8
2025-04-23,1,PROD_SPRT_004,Sports & Outdoors,33,0,0,67.8
2025-04-24,1,PROD_ELEC_001,Electronics,41,1,0,69.13
2025-04-24,1,PROD_ELEC_002,Electronics,25,0,0,69.13
2025-04-24,1,PROD_ELEC_003,Electronics,20,0,0,69.13
2025-04-24,1,PROD_ELEC_004,Electronics,26,0,0,69.13
2025-04-24,1,PROD_ELEC_005,Electronics,29,0,0,69.13
2025-04-24,1,PROD_APP_001,Apparel,36,0,0,69.13
2025-04-24,1,PROD_APP_002,Apparel,46,1,0,69.13
2025-04-24,1,PROD_APP_003,Apparel,31,0,0,69.13
2025-04-24,1,PROD_APP_004,Apparel,28,0,0,69.13
2025-04-24,1,PROD_HOME_001,Home & Kitchen,41,1,0,69.13
2025-04-24,1,PROD_HOME_002,Home & Kitchen,35,0,0,69.13
2025-04-24,1,PROD_HOME_003,Home & Kitchen,30,0,0,69.13
2025-04-24,1,PROD_HOME_004,Home & Kitchen,21,0,0,69.13
2025-04-24,1,PROD_BEAU_001,Health & Beauty,27,0,0,69.13
2025-04-24,1,PROD_BEAU_002,Health & Beauty,26,0,0,69.13
2025-04-24,1,PROD_BEAU_003,Health & Beauty,27,0,0,69.13
2025-04-24,1,PROD_SPRT_001,Sports & Outdoors,32,0,0,69.13
2025-04-24,1,PROD_SPRT_002,Sports & Outdoors,29,0,0,69.13
2025-04-24,1,PROD_SPRT_003,Sports & Outdoors,43,1,0,69.13
2025-04-24,1,PROD_SPRT_004,Sports & Outdoors,35,0,0,69.13
2025-04-25,1,PROD_ELEC_001,Electronics,37,0,0,66.27
2025-04-25,1,PROD_ELEC_002,Electronics,40,1,0,66.27
2025-04-25,1,PROD_ELEC_003,Electronics,30,0,0,66.27
2025-04-25,1,PROD_ELEC_004,Electronics,28,0,0,66.27
2025-04-25,1,PROD_ELEC_005,Electronics,30,0,0,66.27
2025-04-25,1,PROD_APP_001,Apparel,31,0,0,66.27
2025-04-25,1,PROD_APP_002,Apparel,31,0,0,66.27
2025-04-25,1,PROD_APP_003,Apparel,26,0,0,66.27
2025-04-25,1,PROD_APP_004,Apparel,25,0,0,66.27
2025-04-25,1,PROD_HOME_001,Home & Kitchen,40,0,0,66.27
2025-04-25,1,PROD_HOME_002,Home & Kitchen,28,0,0,66.27
2025-04-25,1,PROD_HOME_003,Home & Kitchen,32,0,0,66.27
2025-04-25,1,PROD_HOME_004,Home & Kitchen,23,0,0,66.27
2025-04-25,1,PROD_BEAU_001,Health & Beauty,28,0,0,66.27
2025-04-25,1,PROD_BEAU_002,Health & Beauty,29,0,0,66.27
2025-04-25,1,PROD_BEAU_003,Health & Beauty,31,0,0,66.27
2025-04-25,1,PROD_SPRT_001,Sports & Outdoors,19,0,0,66.27
2025-04-25,1,PROD_SPRT_002,Sports & Outdoors,30,0,0,66.27
2025-04-25,1,PROD_SPRT_003,Sports & Outdoors,25,0,0,66.27
2025-04-25,1,PROD_SPRT_004,Sports & Outdoors,44,1,0,66.27
2025-04-26,1,PROD_ELEC_001,Electronics,34,0,0,65.65
2025-04-26,1,PROD_ELEC_002,Electronics,36,0,0,65.65
2025-04-26,1,PROD_ELEC_003,Electronics,50,1,0,65.65
2025-04-26,1,PROD_ELEC_004,Electronics,35,0,0,65.65
2025-04-26,1,PROD_ELEC_005,Electronics,32,0,0,65.65
2025-04-26,1,PROD_APP_001,Apparel,47,1,0,65.65
2025-04-26,1,PROD_APP_002,Apparel,41,0,0,65.65
2025-04-26,1,PROD_APP_003,Apparel,32,0,0,65.65
2025-04-26,1,PROD_APP_004,Apparel,36,0,0,65.65
2025-04-26,1,PROD_HOME_001,Home & Kitchen,57,1,0,65.65
2025-04-26,1,PROD_HOME_002,Home & Kitchen,35,0,0,65.65
2025-04-26,1,PROD_HOME_003,Home & Kitchen,34,0,0,65.65
2025-04-26,1,PROD_HOME_004,Home & Kitchen,38,0,0,65.65
2025-04-26,1,PROD_BEAU_001,Health & Beauty,58,1,0,65.65
2025-04-26,1,PROD_BEAU_002,Health & Beauty,32,0,0,65.65
2025-04-26,1,PROD_BEAU_003,Health & Beauty,36,0,0,65.65
2025-04-26,1,PROD_SPRT_001,Sports & Outdoors,30,0,0,65.65
2025-04-26,1,PROD_SPRT_002,Sports & Outdoors,35,0,0,65.65
2025-04-26,1,PROD_SPRT_003,Sports & Outdoors,37,0,0,65.65
2025-04-26,1,PROD_SPRT_004,Sports & Outdoors,50,1,0,65.65
2025-04-27,1,PROD_ELEC_001,Electronics,31,0,0,66.15
2025-04-27,1,PROD_ELEC_002,Electronics,37,0,0,66.15
2025-04-27,1,PROD_ELEC_003,Electronics,41,0,0,66.15
2025-04-27,1,PROD_ELEC_004,Electronics,33,0,0,66.15
2025-04-27,1,PROD_ELEC_005,Electronics,35,0,0,66.15
2025-04-27,1,PROD_APP_001,Apparel,39,0,0,66.15
2025-04-27,1,PROD_APP_002,Apparel,42,0,0,66.15
2025-04-27,1,PROD_APP_003,Apparel,48,1,0,66.15
2025-04-27,1,PROD_APP_004,Apparel,36,0,0,66.15
2025-04-27,1,PROD_HOME_001,Home & Kitchen,55,1,0,66.15
2025-04-27,1,PROD_HOME_002,Home & Kitchen,37,0,0,66.15
2025-04-27,1,PROD_HOME_003,Home & Kitchen,44,1,0,66.15
2025-04-27,1,PROD_HOME_004,Home & Kitchen,56,1,0,66.15
2025-04-27,1,PROD_BEAU_001,Health & Beauty,60,1,0,66.15
2025-04-27,1,PROD_BEAU_002,Health & Beauty,37,0,0,66.15
2025-04-27,1,PROD_BEAU_003,Health & Beauty,33,0,0,66.15
2025-04-27,1,PROD_SPRT_001,Sports & Outdoors,35,0,0,66.15
2025-04-27,1,PROD_SPRT_002,Sports & Outdoors,44,0,0,66.15
2025-04-27,1,PROD_SPRT_003,Sports & Outdoors,41,0,0,66.15
2025-04-27,1,PROD_SPRT_004,Sports & Outdoors,40,0,0,66.15
2025-04-28,1,PROD_ELEC_001,Electronics,27,0,0,66.93
2025-04-28,1,PROD_ELEC_002,Electronics,42,1,0,66.93
2025-04-28,1,PROD_ELEC_003,Electronics,29,0,0,66.93
2025-04-28,1,PROD_ELEC_004,Electronics,32,0,0,66.93
2025-04-28,1,PROD_ELEC_005,Electronics,36,0,0,66.93
2025-04-28,1,PROD_APP_001,Apparel,34,0,0,66.93
2025-04-28,1,PROD_APP_002,Apparel,37,1,0,66.93
2025-04-28,1,PROD_APP_003,Apparel,30,0,0,66.93
2025-04-28,1,PROD_APP_004,Apparel,32,0,0,66.93
2025-04-28,1,PROD_HOME_001,Home & Kitchen,32,0,0,66.93
2025-04-28,1,PROD_HOME_002,Home & Kitchen,27,0,0,66.93
2025-04-28,1,PROD_HOME_003,Home & Kitchen,55,1,0,66.93
2025-04-28,1,PROD_HOME_004,Home & Kitchen,38,1,0,66.93
2025-04-28,1,PROD_BEAU_001,Health & Beauty,25,0,0,66.93
2025-04-28,1,PROD_BEAU_002,Health & Beauty,30,0,0,66.93
2025-04-28,1,PROD_BEAU_003,Health & Beauty,51,1,0,66.93
2025-04-28,1,PROD_SPRT_001,Sports & Outdoors,26,0,0,66.93
2025-04-28,1,PROD_SPRT_002,Sports & Outdoors,28,0,0,66.93
2025-04-28,1,PROD_SPRT_003,Sports & Outdoors,34,0,0,66.93
2025-04-28,1,PROD_SPRT_004,Sports & Outdoors,29,0,0,66.93
2025-04-29,1,PROD_ELEC_001,Electronics,32,0,0,65.91
2025-04-29,1,PROD_ELEC_002,Electronics,44,1,0,65.91
2025-04-29,1,PROD_ELEC_003,Electronics,47,1,0,65.91
2025-04-29,1,PROD_ELEC_004,Electronics,48,1,0,65.91
2025-04-29,1,PROD_ELEC_005,Electronics,31,0,0,65.91
2025-04-29,1,PROD_APP_001,Apparel,31,0,0,65.91
2025-04-29,1,PROD_APP_002,Apparel,30,0,0,65.91
2025-04-29,1,PROD_APP_003,Apparel,31,0,0,65.91
2025-04-29,1,PROD_APP_004,Apparel,43,1,0,65.91
2025-04-29,1,PROD_HOME_001,Home & Kitchen,29,0,0,65.91
2025-04-29,1,PROD_HOME_002,Home & Kitchen,48,1,0,65.91
2025-04-29,1,PROD_HOME_003,Home & Kitchen,36,0,0,65.91
2025-04-29,1,PROD_HOME_004,Home & Kitchen,23,0,0,65.91
2025-04-29,1,PROD_BEAU_001,Health & Beauty,43,1,0,65.91
2025-04-29,1,PROD_BEAU_002,Health & Beauty,27,0,0,65.91
2025-04-29,1,PROD_BEAU_003,Health & Beauty,28,0,0,65.91
2025-04-29,1,PROD_SPRT_001,Sports & Outdoors,31,0,0,65.91
2025-04-29,1,PROD_SPRT_002,Sports & Outdoors,32,0,0,65.91
2025-04-29,1,PROD_SPRT_003,Sports & Outdoors,43,1,0,65.91
2025-04-29,1,PROD_SPRT_004,Sports & Outdoors,22,0,0,65.91
2025-04-30,1,PROD_ELEC_001,Electronics,33,0,0,64.97
2025-04-30,1,PROD_ELEC_002,Electronics,19,0,0,64.97
2025-04-30,1,PROD_ELEC_003,Electronics,34,0,0,64.97
2025-04-30,1,PROD_ELEC_004,Electronics,32,0,0,64.97
2025-04-30,1,PROD_ELEC_005,Electronics,35,0,0,64.97
2025-04-30,1,PROD_APP_001,Apparel,29,0,0,64.97
2025-04-30,1,PROD_APP_002,Apparel,21,0,0,64.97
2025-04-30,1,PROD_APP_003,Apparel,31,0,0,64.97
2025-04-30,1,PROD_APP_004,Apparel,35,0,0,64.97
2025-04-30,1,PROD_HOME_001,Home & Kitchen,47,1,0,64.97
2025-04-30,1,PROD_HOME_002,Home & Kitchen,27,0,0,64.97
2025-04-30,1,PROD_HOME_003,Home & Kitchen,43,1,0,64.97
2025-04-30,1,PROD_HOME_004,Home & Kitchen,27,0,0,64.97
2025-04-30,1,PROD_BEAU_001,Health & Beauty,40,1,0,64.97
2025-04-30,1,PROD_BEAU_002,Health & Beauty,33,0,0,64.97
2025-04-30,1,PROD_BEAU_003,Health & Beauty,25,0,0,64.97
2025-04-30,1,PROD_SPRT_001,Sports & Outdoors,26,0,0,64.97
2025-04-30,1,PROD_SPRT_002,Sports & Outdoors,25,0,0,64.97
2025-04-30,1,PROD_SPRT_003,Sports & Outdoors,24,0,0,64.97
2025-04-30,1,PROD_SPRT_004,Sports & Outdoors,30,0,0,64.97
2025-05-01,1,PROD_ELEC_001,Electronics,29,0,0,67.34
2025-05-01,1,PROD_ELEC_002,Electronics,37,1,0,67.34
2025-05-01,1,PROD_ELEC_003,Electronics,33,0,0,67.34
2025-05-01,1,PROD_ELEC_004,Electronics,36,0,0,67.34
2025-05-01,1,PROD_ELEC_005,Electronics,27,0,0,67.34
2025-05-01,1,PROD_APP_001,Apparel,41,1,0,67.34
2025-05-01,1,PROD_APP_002,Apparel,32,0,0,67.34
2025-05-01,1,PROD_APP_003,Apparel,49,1,0,67.34
2025-05-01,1,PROD_APP_004,Apparel,27,0,0,67.34
2025-05-01,1,PROD_HOME_001,Home & Kitchen,38,1,0,67.34
2025-05-01,1,PROD_HOME_002,Home & Kitchen,32,0,0,67.34
2025-05-01,1,PROD_HOME_003,Home & Kitchen,33,0,0,67.34
2025-05-01,1,PROD_HOME_004,Home & Kitchen,30,0,0,67.34
2025-05-01,1,PROD_BEAU_001,Health & Beauty,27,0,0,67.34
2025-05-01,1,PROD_BEAU_002,Health & Beauty,33,0,0,67.34
2025-05-01,1,PROD_BEAU_003,Health & Beauty,32,0,0,67.34
2025-05-01,1,PROD_SPRT_001,Sports & Outdoors,26,0,0,67.34
2025-05-01,1,PROD_SPRT_002,Sports & Outdoors,30,0,0,67.34
2025-05-01,1,PROD_SPRT_003,Sports & Outdoors,24,0,0,67.34
2025-05-01,1,PROD_SPRT_004,Sports & Outdoors,32,0,0,67.34
2025-05-02,1,PROD_ELEC_001,Electronics,28,0,0,65.46
2025-05-02,1,PROD_ELEC_002,Electronics,29,0,0,65.46
2025-05-02,1,PROD_ELEC_003,Electronics,43,1,0,65.46
2025-05-02,1,PROD_ELEC_004,Electronics,33,0,0,65.46
2025-05-02,1,PROD_ELEC_005,Electronics,32,0,0,65.46
2025-05-02,1,PROD_APP_001,Apparel,29,0,0,65.46
2025-05-02,1,PROD_APP_002,Apparel,33,0,0,65.46
2025-05-02,1,PROD_APP_003,Apparel,31,0,0,65.46
2025-05-02,1,PROD_APP_004,Apparel,28,0,0,65.46
2025-05-02,1,PROD_HOME_001,Home & Kitchen,29,0,0,65.46
2025-05-02,1,PROD_HOME_002,Home & Kitchen,29,0,0,65.46
2025-05-02,1,PROD_HOME_003,Home & Kitchen,45,1,0,65.46
2025-05-02,1,PROD_HOME_004,Home & Kitchen,28,0,0,65.46
2025-05-02,1,PROD_BEAU_001,Health & Beauty,41,1,0,65.46
2025-05-02,1,PROD_BEAU_002,Health & Beauty,37,0,0,65.46
2025-05-02,1,PROD_BEAU_003,Health & Beauty,33,0,0,65.46
2025-05-02,1,PROD_SPRT_001,Sports & Outdoors,26,0,0,65.46
2025-05-02,1,PROD_SPRT_002,Sports & Outdoors,45,1,0,65.46
2025-05-02,1,PROD_SPRT_003,Sports & Outdoors,30,0,0,65.46
2025-05-02,1,PROD_SPRT_004,Sports & Outdoors,31,0,0,65.46
2025-05-03,1,PROD_ELEC_001,Electronics,42,0,0,65.78
2025-05-03,1,PROD_ELEC_002,Electronics,55,1,0,65.78
2025-05-03,1,PROD_ELEC_003,Electronics,37,0,0,65.78
2025-05-03,1,PROD_ELEC_004,Electronics,41,0,0,65.78
2025-05-03,1,PROD_ELEC_005,Electronics,38,0,0,65.78
2025-05-03,1,PROD_APP_001,Apparel,37,0,0,65.78
2025-05-03,1,PROD_APP_002,Apparel,38,0,0,65.78
2025-05-03,1,PROD_APP_003,Apparel,37,0,0,65.78
2025-05-03,1,PROD_APP_004,Apparel,37,0,0,65.78
2025-05-03,1,PROD_HOME_001,Home & Kitchen,35,0,0,65.78
2025-05-03,1,PROD_HOME_002,Home & Kitchen,34,0,0,65.78
2025-05-03,1,PROD_HOME_003,Home & Kitchen,50,1,0,65.78
2025-05-03,1,PROD_HOME_004,Home & Kitchen,31,0,0,65.78
2025-05-03,1,PROD_BEAU_001,Health & Beauty,33,0,0,65.78
2025-05-03,1,PROD_BEAU_002,Health & Beauty,53,1,0,65.78
2025-05-03,1,PROD_BEAU_003,Health & Beauty,37,0,0,65.78
2025-05-03,1,PROD_SPRT_001,Sports & Outdoors,36,0,0,65.78
2025-05-03,1,PROD_SPRT_002,Sports & Outdoors,44,1,0,65.78
2025-05-03,1,PROD_SPRT_003,Sports & Outdoors,60,1,0,65.78
2025-05-03,1,PROD_SPRT_004,Sports & Outdoors,41,0,0,65.78
2025-05-04,1,PROD_ELEC_001,Electronics,45,0,0,65.99
2025-05-04,1,PROD_ELEC_002,Electronics,33,0,0,65.99
2025-05-04,1,PROD_ELEC_003,Electronics,45,0,0,65.99
2025-05-04,1,PROD_ELEC_004,Electronics,33,0,0,65.99
2025-05-04,1,PROD_ELEC_005,Electronics,38,0,0,65.99
2025-05-04,1,PROD_APP_001,Apparel,32,0,0,65.99
2025-05-04,1,PROD_APP_002,Apparel,37,0,0,65.99
2025-05-04,1,PROD_APP_003,Apparel,55,1,0,65.99
2025-05-04,1,PROD_APP_004,Apparel,36,0,0,65.99
2025-05-04,1,PROD_HOME_001,Home & Kitchen,40,0,0,65.99
2025-05-04,1,PROD_HOME_002,Home & Kitchen,37,0,0,65.99
2025-05-04,1,PROD_HOME_003,Home & Kitchen,35,0,0,65.99
2025-05-04,1,PROD_HOME_004,Home & Kitchen,35,0,0,65.99
2025-05-04,1,PROD_BEAU_001,Health & Beauty,40,0,0,65.99
2025-05-04,1,PROD_BEAU_002,Health & Beauty,34,0,0,65.99
2025-05-04,1,PROD_BEAU_003,Health & Beauty,58,1,0,65.99
2025-05-04,1,PROD_SPRT_001,Sports & Outdoors,42,0,0,65.99
2025-05-04,1,PROD_SPRT_002,Sports & Outdoors,30,0,0,65.99
2025-05-04,1,PROD_SPRT_003,Sports & Outdoors,42,0,0,65.99
2025-05-04,1,PROD_SPRT_004,Sports & Outdoors,45,0,0,65.99
2025-05-05,1,PROD_ELEC_001,Electronics,32,0,0,65.61
2025-05-05,1,PROD_ELEC_002,Electronics,34,0,0,65.61
2025-05-05,1,PROD_ELEC_003,Electronics,28,0,0,65.61
2025-05-05,1,PROD_ELEC_004,Electronics,30,0,0,65.61
2025-05-05,1,PROD_ELEC_005,Electronics,38,1,0,65.61
2025-05-05,1,PROD_APP_001,Apparel,44,1,0,65.61
2025-05-05,1,PROD_APP_002,Apparel,45,1,0,65.61
2025-05-05,1,PROD_APP_003,Apparel,32,0,0,65.61
2025-05-05,1,PROD_APP_004,Apparel,34,0,0,65.61
2025-05-05,1,PROD_HOME_001,Home & Kitchen,40,1,0,65.61
2025-05-05,1,PROD_HOME_002,Home & Kitchen,27,0,0,65.61
2025-05-05,1,PROD_HOME_003,Home & Kitchen,37,0,0,65.61
2025-05-05,1,PROD_HOME_004,Home & Kitchen,29,0,0,65.61
2025-05-05,1,PROD_BEAU_001,Health & Beauty,30,0,0,65.61
2025-05-05,1,PROD_BEAU_002,Health & Beauty,29,0,0,65.61
2025-05-05,1,PROD_BEAU_003,Health & Beauty,26,0,0,65.61
2025-05-05,1,PROD_SPRT_001,Sports & Outdoors,36,0,0,65.61
2025-05-05,1,PROD_SPRT_002,Sports & Outdoors,41,1,0,65.61
2025-05-05,1,PROD_SPRT_003,Sports & Outdoors,25,0,0,65.61
2025-05-05,1,PROD_SPRT_004,Sports & Outdoors,28,0,0,65.61
2025-05-06,1,PROD_ELEC_001,Electronics,27,0,0,62.76
2025-05-06,1,PROD_ELEC_002,Electronics,26,0,0,62.76
2025-05-06,1,PROD_ELEC_003,Electronics,32,0,0,62.76
2025-05-06,1,PROD_ELEC_004,Electronics,27,0,0,62.76
2025-05-06,1,PROD_ELEC_005,Electronics,33,0,0,62.76
2025-05-06,1,PROD_APP_001,Apparel,35,0,0,62.76
2025-05-06,1,PROD_APP_002,Apparel,46,1,0,62.76
2025-05-06,1,PROD_APP_003,Apparel,29,0,0,62.76
2025-05-06,1,PROD_APP_004,Apparel,30,0,0,62.76
2025-05-06,1,PROD_HOME_001,Home & Kitchen,37,1,0,62.76
2025-05-06,1,PROD_HOME_002,Home & Kitchen,29,0,0,62.76
2025-05-06,1,PROD_HOME_003,Home & Kitchen,26,0,0,62.76
2025-05-06,1,PROD_HOME_004,Home & Kitchen,32,0,0,62.76
2025-05-06,1,PROD_BEAU_001,Health & Beauty,40,0,0,62.76
2025-05-06,1,PROD_BEAU_002,Health & Beauty,31,0,0,62.76
2025-05-06,1,PROD_BEAU_003,Health & Beauty,35,1,0,62.76
2025-05-06,1,PROD_SPRT_001,Sports & Outdoors,28,0,0,62.76
2025-05-06,1,PROD_SPRT_002,Sports & Outdoors,30,0,0,62.76
2025-05-06,1,PROD_SPRT_003,Sports & Outdoors,43,1,0,62.76
2025-05-06,1,PROD_SPRT_004,Sports & Outdoors,27,0,0,62.76
2025-05-07,1,PROD_ELEC_001,Electronics,25,0,0,65.32
2025-05-07,1,PROD_ELEC_002,Electronics,26,0,0,65.32
2025-05-07,1,PROD_ELEC_003,Electronics,32,0,0,65.32
2025-05-07,1,PROD_ELEC_004,Electronics,25,0,0,65.32
2025-05-07,1,PROD_ELEC_005,Electronics,32,0,0,65.32
2025-05-07,1,PROD_APP_001,Apparel,24,0,0,65.32
2025-05-07,1,PROD_APP_002,Apparel,37,0,0,65.32
2025-05-07,1,PROD_APP_003,Apparel,26,0,0,65.32
2025-05-07,1,PROD_APP_004,Apparel,29,0,0,65.32
2025-05-07,1,PROD_HOME_001,Home & Kitchen,31,0,0,65.32
2025-05-07,1,PROD_HOME_002,Home & Kitchen,27,0,0,65.32
2025-05-07,1,PROD_HOME_003,Home & Kitchen,44,1,0,65.32
2025-05-07,1,PROD_HOME_004,Home & Kitchen,32,0,0,65.32
2025-05-07,1,PROD_BEAU_001,Health & Beauty,33,0,0,65.32
2025-05-07,1,PROD_BEAU_002,Health & Beauty,33,0,0,65.32
2025-05-07,1,PROD_BEAU_003,Health & Beauty,29,0,0,65.32
2025-05-07,1,PROD_SPRT_001,Sports & Outdoors,29,0,0,65.32
2025-05-07,1,PROD_SPRT_002,Sports & Outdoors,39,0,0,65.32
2025-05-07,1,PROD_SPRT_003,Sports & Outdoors,33,0,0,65.32
2025-05-07,1,PROD_SPRT_004,Sports & Outdoors,26,0,0,65.32
2025-05-08,1,PROD_ELEC_001,Electronics,28,0,0,65.02
2025-05-08,1,PROD_ELEC_002,Electronics,29,0,0,65.02
2025-05-08,1,PROD_ELEC_003,Electronics,25,0,0,65.02
2025-05-08,1,PROD_ELEC_004,Electronics,28,0,0,65.02
2025-05-08,1,PROD_ELEC_005,Electronics,37,0,0,65.02
2025-05-08,1,PROD_APP_001,Apparel,32,0,0,65.02
2025-05-08,1,PROD_APP_002,Apparel,20,0,0,65.02
2025-05-08,1,PROD_APP_003,Apparel,34,0,0,65.02
2025-05-08,1,PROD_APP_004,Apparel,34,0,0,65.02
2025-05-08,1,PROD_HOME_001,Home & Kitchen,28,0,0,65.02
2025-05-08,1,PROD_HOME_002,Home & Kitchen,32,0,0,65.02
2025-05-08,1,PROD_HOME_003,Home & Kitchen,26,0,0,65.02
2025-05-08,1,PROD_HOME_004,Home & Kitchen,41,1,0,65.02
2025-05-08,1,PROD_BEAU_001,Health & Beauty,35,0,0,65.02
2025-05-08,1,PROD_BEAU_002,Health & Beauty,28,0,0,65.02
2025-05-08,1,PROD_BEAU_003,Health & Beauty,22,0,0,65.02
2025-05-08,1,PROD_SPRT_001,Sports & Outdoors,29,0,0,65.02
2025-05-08,1,PROD_SPRT_002,Sports & Outdoors,29,0,0,65.02
2025-05-08,1,PROD_SPRT_003,Sports & Outdoors,34,0,0,65.02
2025-05-08,1,PROD_SPRT_004,Sports & Outdoors,30,0,0,65.02
2025-05-09,1,PROD_ELEC_001,Electronics,34,0,0,64.28
2025-05-09,1,PROD_ELEC_002,Electronics,30,0,0,64.28
2025-05-09,1,PROD_ELEC_003,Electronics,26,0,0,64.28
2025-05-09,1,PROD_ELEC_004,Electronics,34,0,0,64.28
2025-05-09,1,PROD_ELEC_005,Electronics,44,1,0,64.28
2025-05-09,1,PROD_APP_001,Apparel,43,1,0,64.28
2025-05-09,1,PROD_APP_002,Apparel,30,0,0,64.28
2025-05-09,1,PROD_APP_003,Apparel,25,0,0,64.28
2025-05-09,1,PROD_APP_004,Apparel,27,0,0,64.28
2025-05-09,1,PROD_HOME_001,Home & Kitchen,43,1,0,64.28
2025-05-09,1,PROD_HOME_002,Home & Kitchen,29,0,0,64.28
2025-05-09,1,PROD_HOME_003,Home & Kitchen,35,0,0,64.28
2025-05-09,1,PROD_HOME_004,Home & Kitchen,30,0,0,64.28
2025-05-09,1,PROD_BEAU_001,Health & Beauty,33,0,0,64.28
2025-05-09,1,PROD_BEAU_002,Health & Beauty,30,0,0,64.28
2025-05-09,1,PROD_BEAU_003,Health & Beauty,34,0,0,64.28
2025-05-09,1,PROD_SPRT_001,Sports & Outdoors,45,1,0,64.28
2025-05-09,1,PROD_SPRT_002,Sports & Outdoors,30,0,0,64.28
2025-05-09,1,PROD_SPRT_003,Sports & Outdoors,43,1,0,64.28
2025-05-09,1,PROD_SPRT_004,Sports & Outdoors,26,0,0,64.28
2025-05-10,1,PROD_ELEC_001,Electronics,37,0,0,65.28
2025-05-10,1,PROD_ELEC_002,Electronics,35,0,0,65.28
2025-05-10,1,PROD_ELEC_003,Electronics,41,0,0,65.28
2025-05-10,1,PROD_ELEC_004,Electronics,32,0,0,65.28
2025-05-10,1,PROD_ELEC_005,Electronics,35,0,0,65.28
2025-05-10,1,PROD_APP_001,Apparel,41,0,0,65.28
2025-05-10,1,PROD_APP_002,Apparel,38,0,0,65.28
2025-05-10,1,PROD_APP_003,Apparel,37,0,0,65.28
2025-05-10,1,PROD_APP_004,Apparel,38,0,0,65.28
2025-05-10,1,PROD_HOME_001,Home & Kitchen,38,0,0,65.28
2025-05-10,1,PROD_HOME_002,Home & Kitchen,31,0,0,65.28
2025-05-10,1,PROD_HOME_003,Home & Kitchen,36,0,0,65.28
2025-05-10,1,PROD_HOME_004,Home & Kitchen,43,0,0,65.28
2025-05-10,1,PROD_BEAU_001,Health & Beauty,34,0,0,65.28
2025-05-10,1,PROD_BEAU_002,Health & Beauty,36,0,0,65.28
2025-05-10,1,PROD_BEAU_003,Health & Beauty,52,1,0,65.28
2025-05-10,1,PROD_SPRT_001,Sports & Outdoors,37,0,0,65.28
2025-05-10,1,PROD_SPRT_002,Sports & Outdoors,35,0,0,65.28
2025-05-10,1,PROD_SPRT_003,Sports & Outdoors,39,0,0,65.28
2025-05-10,1,PROD_SPRT_004,Sports & Outdoors,38,0,0,65.28
2025-05-11,1,PROD_ELEC_001,Electronics,33,0,0,65.5
2025-05-11,1,PROD_ELEC_002,Electronics,36,0,0,65.5
2025-05-11,1,PROD_ELEC_003,Electronics,36,0,0,65.5
2025-05-11,1,PROD_ELEC_004,Electronics,39,0,0,65.5
2025-05-11,1,PROD_ELEC_005,Electronics,34,0,0,65.5
2025-05-11,1,PROD_APP_001,Apparel,41,0,0,65.5
2025-05-11,1,PROD_APP_002,Apparel,42,0,0,65.5
2025-05-11,1,PROD_APP_003,Apparel,33,0,0,65.5
2025-05-11,1,PROD_APP_004,Apparel,35,0,0,65.5
2025-05-11,1,PROD_HOME_001,Home & Kitchen,35,0,0,65.5
2025-05-11,1,PROD_HOME_002,Home & Kitchen,64,1,0,65.5
2025-05-11,1,PROD_HOME_003,Home & Kitchen,35,0,0,65.5
2025-05-11,1,PROD_HOME_004,Home & Kitchen,44,0,0,65.5
2025-05-11,1,PROD_BEAU_001,Health & Beauty,49,1,0,65.5
2025-05-11,1,PROD_BEAU_002,Health & Beauty,33,0,0,65.5
2025-05-11,1,PROD_BEAU_003,Health & Beauty,34,0,0,65.5
2025-05-11,1,PROD_SPRT_001,Sports & Outdoors,34,0,0,65.5
2025-05-11,1,PROD_SPRT_002,Sports & Outdoors,36,0,0,65.5
2025-05-11,1,PROD_SPRT_003,Sports & Outdoors,51,1,0,65.5
2025-05-11,1,PROD_SPRT_004,Sports & Outdoors,34,0,0,65.5
2025-05-12,1,PROD_ELEC_001,Electronics,34,0,0,65.86
2025-05-12,1,PROD_ELEC_002,Electronics,33,0,0,65.86
2025-05-12,1,PROD_ELEC_003,Electronics,32,0,0,65.86
2025-05-12,1,PROD_ELEC_004,Electronics,43,1,0,65.86
2025-05-12,1,PROD_ELEC_005,Electronics,41,1,0,65.86
2025-05-12,1,PROD_APP_001,Apparel,26,0,0,65.86
2025-05-12,1,PROD_APP_002,Apparel,44,1,0,65.86
2025-05-12,1,PROD_APP_003,Apparel,25,0,0,65.86
2025-05-12,1,PROD_APP_004,Apparel,26,0,0,65.86
2025-05-12,1,PROD_HOME_001,Home & Kitchen,34,0,0,65.86
2025-05-12,1,PROD_HOME_002,Home & Kitchen,37,0,0,65.86
2025-05-12,1,PROD_HOME_003,Home & Kitchen,31,0,0,65.86
2025-05-12,1,PROD_HOME_004,Home & Kitchen,34,0,0,65.86
2025-05-12,1,PROD_BEAU_001,Health & Beauty,29,0,0,65.86
2025-05-12,1,PROD_BEAU_002,Health & Beauty,24,0,0,65.86
2025-05-12,1,PROD_BEAU_003,Health & Beauty,32,0,0,65.86
2025-05-12,1,PROD_SPRT_001,Sports & Outdoors,32,0,0,65.86
2025-05-12,1,PROD_SPRT_002,Sports & Outdoors,43,1,0,65.86
2025-05-12,1,PROD_SPRT_003,Sports & Outdoors,29,0,0,65.86
2025-05-12,1,PROD_SPRT_004,Sports & Outdoors,33,0,0,65.86
2025-05-13,1,PROD_ELEC_001,Electronics,26,0,0,63.2
2025-05-13,1,PROD_ELEC_002,Electronics,39,1,0,63.2
2025-05-13,1,PROD_ELEC_003,Electronics,30,0,0,63.2
2025-05-13,1,PROD_ELEC_004,Electronics,25,0,0,63.2
2025-05-13,1,PROD_ELEC_005,Electronics,27,0,0,63.2
2025-05-13,1,PROD_APP_001,Apparel,27,0,0,63.2
2025-05-13,1,PROD_APP_002,Apparel,28,0,0,63.2
2025-05-13,1,PROD_APP_003,Apparel,24,0,0,63.2
2025-05-13,1,PROD_APP_004,Apparel,30,0,0,63.2
2025-05-13,1,PROD_HOME_001,Home & Kitchen,34,0,0,63.2
2025-05-13,1,PROD_HOME_002,Home & Kitchen,30,0,0,63.2
2025-05-13,1,PROD_HOME_003,Home & Kitchen,36,0,0,63.2
2025-05-13,1,PROD_HOME_004,Home & Kitchen,48,1,0,63.2
2025-05-13,1,PROD_BEAU_001,Health & Beauty,33,0,0,63.2
2025-05-13,1,PROD_BEAU_002,Health & Beauty,30,0,0,63.2
2025-05-13,1,PROD_BEAU_003,Health & Beauty,30,0,0,63.2
2025-05-13,1,PROD_SPRT_001,Sports & Outdoors,33,0,0,63.2
2025-05-13,1,PROD_SPRT_002,Sports & Outdoors,28,0,0,63.2
2025-05-13,1,PROD_SPRT_003,Sports & Outdoors,22,0,0,63.2
2025-05-13,1,PROD_SPRT_004,Sports & Outdoors,31,0,0,63.2
2025-05-14,1,PROD_ELEC_001,Electronics,26,0,0,62.95
2025-05-14,1,PROD_ELEC_002,Electronics,30,0,0,62.95
2025-05-14,1,PROD_ELEC_003,Electronics,29,0,0,62.95
2025-05-14,1,PROD_ELEC_004,Electronics,24,0,0,62.95
2025-05-14,1,PROD_ELEC_005,Electronics,30,0,0,62.95
2025-05-14,1,PROD_APP_001,Apparel,33,0,0,62.95
2025-05-14,1,PROD_APP_002,Apparel,25,0,0,62.95
2025-05-14,1,PROD_APP_003,Apparel,35,0,0,62.95
2025-05-14,1,PROD_APP_004,Apparel,23,0,0,62.95
2025-05-14,1,PROD_HOME_001,Home & Kitchen,38,0,0,62.95
2025-05-14,1,PROD_HOME_002,Home & Kitchen,28,0,0,62.95
2025-05-14,1,PROD_HOME_003,Home & Kitchen,44,1,0,62.95
2025-05-14,1,PROD_HOME_004,Home & Kitchen,22,0,0,62.95
2025-05-14,1,PROD_BEAU_001,Health & Beauty,29,0,0,62.95
2025-05-14,1,PROD_BEAU_002,Health & Beauty,30,0,0,62.95
2025-05-14,1,PROD_BEAU_003,Health & Beauty,29,0,0,62.95
2025-05-14,1,PROD_SPRT_001,Sports & Outdoors,41,1,0,62.95
2025-05-14,1,PROD_SPRT_002,Sports & Outdoors,26,0,0,62.95
2025-05-14,1,PROD_SPRT_003,Sports & Outdoors,34,0,0,62.95
2025-05-14,1,PROD_SPRT_004,Sports & Outdoors,43,1,0,62.95
2025-05-15,1,PROD_ELEC_001,Electronics,41,1,0,66.09
2025-05-15,1,PROD_ELEC_002,Electronics,28,0,0,66.09
2025-05-15,1,PROD_ELEC_003,Electronics,33,0,0,66.09
2025-05-15,1,PROD_ELEC_004,Electronics,23,0,0,66.09
2025-05-15,1,PROD_ELEC_005,Electronics,25,0,0,66.09
2025-05-15,1,PROD_APP_001,Apparel,47,1,0,66.09
2025-05-15,1,PROD_APP_002,Apparel,25,0,0,66.09
2025-05-15,1,PROD_APP_003,Apparel,22,0,0,66.09
2025-05-15,1,PROD_APP_004,Apparel,37,0,0,66.09
2025-05-15,1,PROD_HOME_001,Home & Kitchen,24,0,0,66.09
2025-05-15,1,PROD_HOME_002,Home & Kitchen,30,0,0,66.09
2025-05-15,1,PROD_HOME_003,Home & Kitchen,30,0,0,66.09
2025-05-15,1,PROD_HOME_004,Home & Kitchen,18,0,0,66.09
2025-05-15,1,PROD_BEAU_001,Health & Beauty,42,1,0,66.09
2025-05-15,1,PROD_BEAU_002,Health & Beauty,31,0,0,66.09
2025-05-15,1,PROD_BEAU_003,Health & Beauty,31,0,0,66.09
2025-05-15,1,PROD_SPRT_001,Sports & Outdoors,47,1,0,66.09
2025-05-15,1,PROD_SPRT_002,Sports & Outdoors,41,1,0,66.09
2025-05-15,1,PROD_SPRT_003,Sports & Outdoors,32,0,0,66.09
2025-05-15,1,PROD_SPRT_004,Sports & Outdoors,27,0,0,66.09
2025-05-16,1,PROD_ELEC_001,Electronics,24,0,0,62.49
2025-05-16,1,PROD_ELEC_002,Electronics,24,0,0,62.49
2025-05-16,1,PROD_ELEC_003,Electronics,34,0,0,62.49
2025-05-16,1,PROD_ELEC_004,Electronics,23,0,0,62.49
2025-05-16,1,PROD_ELEC_005,Electronics,31,0,0,62.49
2025-05-16,1,PROD_APP_001,Apparel,28,0,0,62.49
2025-05-16,1,PROD_APP_002,Apparel,43,1,0,62.49
2025-05-16,1,PROD_APP_003,Apparel,35,0,0,62.49
2025-05-16,1,PROD_APP_004,Apparel,28,0,0,62.49
2025-05-16,1,PROD_HOME_001,Home & Kitchen,32,0,0,62.49
2025-05-16,1,PROD_HOME_002,Home & Kitchen,30,0,0,62.49
2025-05-16,1,PROD_HOME_003,Home & Kitchen,29,0,0,62.49
2025-05-16,1,PROD_HOME_004,Home & Kitchen,39,0,0,62.49
2025-05-16,1,PROD_BEAU_001,Health & Beauty,24,0,0,62.49
2025-05-16,1,PROD_BEAU_002,Health & Beauty,48,1,0,62.49
2025-05-16,1,PROD_BEAU_003,Health & Beauty,32,0,0,62.49
2025-05-16,1,PROD_SPRT_001,Sports & Outdoors,41,1,0,62.49
2025-05-16,1,PROD_SPRT_002,Sports & Outdoors,36,0,0,62.49
2025-05-16,1,PROD_SPRT_003,Sports & Outdoors,22,0,0,62.49
2025-05-16,1,PROD_SPRT_004,Sports & Outdoors,41,1,0,62.49
2025-05-17,1,PROD_ELEC_001,Electronics,39,0,0,62.68
2025-05-17,1,PROD_ELEC_002,Electronics,33,0,0,62.68
2025-05-17,1,PROD_ELEC_003,Electronics,39,0,0,62.68
2025-05-17,1,PROD_ELEC_004,Electronics,36,0,0,62.68
2025-05-17,1,PROD_ELEC_005,Electronics,35,0,0,62.68
2025-05-17,1,PROD_APP_001,Apparel,39,0,0,62.68
2025-05-17,1,PROD_APP_002,Apparel,53,1,0,62.68
2025-05-17,1,PROD_APP_003,Apparel,33,0,0,62.68
2025-05-17,1,PROD_APP_004,Apparel,48,0,0,62.68
2025-05-17,1,PROD_HOME_001,Home & Kitchen,35,0,0,62.68
2025-05-17,1,PROD_HOME_002,Home & Kitchen,28,0,0,62.68
2025-05-17,1,PROD_HOME_003,Home & Kitchen,51,1,0,62.68
2025-05-17,1,PROD_HOME_004,Home & Kitchen,32,0,0,62.68
2025-05-17,1,PROD_BEAU_001,Health & Beauty,40,0,0,62.68
2025-05-17,1,PROD_BEAU_002,Health & Beauty,38,0,0,62.68
2025-05-17,1,PROD_BEAU_003,Health & Beauty,39,0,0,62.68
2025-05-17,1,PROD_SPRT_001,Sports & Outdoors,36,0,0,62.68
2025-05-17,1,PROD_SPRT_002,Sports & Outdoors,36,0,0,62.68
2025-05-17,1,PROD_SPRT_003,Sports & Outdoors,36,0,0,62.68
2025-05-17,1,PROD_SPRT_004,Sports & Outdoors,37,0,0,62.68
2025-05-18,1,PROD_ELEC_001,Electronics,55,1,0,65.09
2025-05-18,1,PROD_ELEC_002,Electronics,56,1,0,65.09
2025-05-18,1,PROD_ELEC_003,Electronics,39,0,0,65.09
2025-05-18,1,PROD_ELEC_004,Electronics,41,0,0,65.09
2025-05-18,1,PROD_ELEC_005,Electronics,38,0,0,65.09
2025-05-18,1,PROD_APP_001,Apparel,38,0,0,65.09
2025-05-18,1,PROD_APP_002,Apparel,42,0,0,65.09
2025-05-18,1,PROD_APP_003,Apparel,34,0,0,65.09
2025-05-18,1,PROD_APP_004,Apparel,34,0,0,65.09
2025-05-18,1,PROD_HOME_001,Home & Kitchen,32,0,0,65.09
2025-05-18,1,PROD_HOME_002,Home & Kitchen,38,0,0,65.09
2025-05-18,1,PROD_HOME_003,Home & Kitchen,30,0,0,65.09
2025-05-18,1,PROD_HOME_004,Home & Kitchen,56,1,0,65.09
2025-05-18,1,PROD_BEAU_001,Health & Beauty,37,0,0,65.09
2025-05-18,1,PROD_BEAU_002,Health & Beauty,42,0,0,65.09
2025-05-18,1,PROD_BEAU_003,Health & Beauty,34,0,0,65.09
2025-05-18,1,PROD_SPRT_001,Sports & Outdoors,36,0,0,65.09
2025-05-18,1,PROD_SPRT_002,Sports & Outdoors,41,0,0,65.09
2025-05-18,1,PROD_SPRT_003,Sports & Outdoors,43,0,0,65.09
2025-05-18,1,PROD_SPRT_004,Sports & Outdoors,34,0,0,65.09
2025-05-19,1,PROD_ELEC_001,Electronics,31,0,0,64.27
2025-05-19,1,PROD_ELEC_002,Electronics,31,0,0,64.27
2025-05-19,1,PROD_ELEC_003,Electronics,28,0,0,64.27
2025-05-19,1,PROD_ELEC_004,Electronics,35,0,0,64.27
2025-05-19,1,PROD_ELEC_005,Electronics,22,0,0,64.27
2025-05-19,1,PROD_APP_001,Apparel,41,1,0,64.27
2025-05-19,1,PROD_APP_002,Apparel,45,1,0,64.27
2025-05-19,1,PROD_APP_003,Apparel,31,0,0,64.27
2025-05-19,1,PROD_APP_004,Apparel,35,0,0,64.27
2025-05-19,1,PROD_HOME_001,Home & Kitchen,34,0,0,64.27
2025-05-19,1,PROD_HOME_002,Home & Kitchen,42,1,0,64.27
2025-05-19,1,PROD_HOME_003,Home & Kitchen,35,0,0,64.27
2025-05-19,1,PROD_HOME_004,Home & Kitchen,40,1,0,64.27
2025-05-19,1,PROD_BEAU_001,Health & Beauty,33,0,0,64.27
2025-05-19,1,PROD_BEAU_002,Health & Beauty,37,0,0,64.27
2025-05-19,1,PROD_BEAU_003,Health & Beauty,34,0,0,64.27
2025-05-19,1,PROD_SPRT_001,Sports & Outdoors,30,0,0,64.27
2025-05-19,1,PROD_SPRT_002,Sports & Outdoors,28,0,0,64.27
2025-05-19,1,PROD_SPRT_003,Sports & Outdoors,23,0,0,64.27
2025-05-19,1,PROD_SPRT_004,Sports & Outdoors,31,0,0,64.27
2025-05-20,1,PROD_ELEC_001,Electronics,26,0,0,62.69
2025-05-20,1,PROD_ELEC_002,Electronics,25,0,0,62.69
2025-05-20,1,PROD_ELEC_003,Electronics,28,0,0,62.69
2025-05-20,1,PROD_ELEC_004,Electronics,29,0,0,62.69
2025-05-20,1,PROD_ELEC_005,Electronics,44,1,0,62.69
2025-05-20,1,PROD_APP_001,Apparel,27,0,0,62.69
2025-05-20,1,PROD_APP_002,Apparel,34,0,0,62.69
2025-05-20,1,PROD_APP_003,Apparel,29,0,0,62.69
2025-05-20,1,PROD_APP_004,Apparel,26,0,0,62.69
2025-05-20,1,PROD_HOME_001,Home & Kitchen,30,0,0,62.69
2025-05-20,1,PROD_HOME_002,Home & Kitchen,51,1,0,62.69
2025-05-20,1,PROD_HOME_003,Home & Kitchen,31,0,0,62.69
2025-05-20,1,PROD_HOME_004,Home & Kitchen,28,0,0,62.69
2025-05-20,1,PROD_BEAU_001,Health & Beauty,23,0,0,62.69
2025-05-20,1,PROD_BEAU_002,Health & Beauty,29,0,0,62.69
2025-05-20,1,PROD_BEAU_003,Health & Beauty,30,0,0,62.69
2025-05-20,1,PROD_SPRT_001,Sports & Outdoors,28,0,0,62.69
2025-05-20,1,PROD_SPRT_002,Sports & Outdoors,36,1,0,62.69
2025-05-20,1,PROD_SPRT_003,Sports & Outdoors,26,0,0,62.69
2025-05-20,1,PROD_SPRT_004,Sports & Outdoors,35,0,0,62.69
2025-05-21,1,PROD_ELEC_001,Electronics,26,0,0,65.73
2025-05-21,1,PROD_ELEC_002,Electronics,46,1,0,65.73
2025-05-21,1,PROD_ELEC_003,Electronics,25,0,0,65.73
2025-05-21,1,PROD_ELEC_004,Electronics,35,0,0,65.73
2025-05-21,1,PROD_ELEC_005,Electronics,30,0,0,65.73
2025-05-21,1,PROD_APP_001,Apparel,47,1,0,65.73
2025-05-21,1,PROD_APP_002,Apparel,36,1,0,65.73
2025-05-21,1,PROD_APP_003,Apparel,46,1,0,65.73
2025-05-21,1,PROD_APP_004,Apparel,29,0,0,65.73
2025-05-21,1,PROD_HOME_001,Home & Kitchen,46,1,0,65.73
2025-05-21,1,PROD_HOME_002,Home & Kitchen,33,0,0,65.73
2025-05-21,1,PROD_HOME_003,Home & Kitchen,30,0,0,65.73
2025-05-21,1,PROD_HOME_004,Home & Kitchen,27,0,0,65.73
2025-05-21,1,PROD_BEAU_001,Health & Beauty,33,0,0,65.73
2025-05-21,1,PROD_BEAU_002,Health & Beauty,29,0,0,65.73
2025-05-21,1,PROD_BEAU_003,Health & Beauty,26,0,0,65.73
2025-05-21,1,PROD_SPRT_001,Sports & Outdoors,26,0,0,65.73
2025-05-21,1,PROD_SPRT_002,Sports & Outdoors,24,0,0,65.73
2025-05-21,1,PROD_SPRT_003,Sports & Outdoors,27,0,0,65.73
2025-05-21,1,PROD_SPRT_004,Sports & Outdoors,34,0,0,65.73
2025-05-22,1,PROD_ELEC_001,Electronics,27,0,0,64.21
2025-05-22,1,PROD_ELEC_002,Electronics,33,0,0,64.21
2025-05-22,1,PROD_ELEC_003,Electronics,26,0,0,64.21
2025-05-22,1,PROD_ELEC_004,Electronics,30,0,0,64.21
2025-05-22,1,PROD_ELEC_005,Electronics,29,0,0,64.21
2025-05-22,1,PROD_APP_001,Apparel,33,0,0,64.21
2025-05-22,1,PROD_APP_002,Apparel,23,0,0,64.21
2025-05-22,1,PROD_APP_003,Apparel,26,0,0,64.21
2025-05-22,1,PROD_APP_004,Apparel,23,0,0,64.21
2025-05-22,1,PROD_HOME_001,Home & Kitchen,28,0,0,64.21
2025-05-22,1,PROD_HOME_002,Home & Kitchen,34,0,0,64.21
2025-05-22,1,PROD_HOME_003,Home & Kitchen,27,0,0,64.21
2025-05-22,1,PROD_HOME_004,Home & Kitchen,41,1,0,64.21
2025-05-22,1,PROD_BEAU_001,Health & Beauty,33,0,0,64.21
2025-05-22,1,PROD_BEAU_002,Health & Beauty,34,0,0,64.21
2025-05-22,1,PROD_BEAU_003,Health & Beauty,43,1,0,64.21
2025-05-22,1,PROD_SPRT_001,Sports & Outdoors,32,0,0,64.21
2025-05-22,1,PROD_SPRT_002,Sports & Outdoors,25,0,0,64.21
2025-05-22,1,PROD_SPRT_003,Sports & Outdoors,35,0,0,64.21
2025-05-22,1,PROD_SPRT_004,Sports & Outdoors,38,0,0,64.21
2025-05-23,1,PROD_ELEC_001,Electronics,21,0,0,64.63
2025-05-23,1,PROD_ELEC_002,Electronics,27,0,0,64.63
2025-05-23,1,PROD_ELEC_003,Electronics,32,0,0,64.63
2025-05-23,1,PROD_ELEC_004,Electronics,28,0,0,64.63
2025-05-23,1,PROD_ELEC_005,Electronics,48,1,0,64.63
2025-05-23,1,PROD_APP_001,Apparel,32,0,0,64.63
2025-05-23,1,PROD_APP_002,Apparel,40,1,0,64.63
2025-05-23,1,PROD_APP_003,Apparel,30,0,0,64.63
2025-05-23,1,PROD_APP_004,Apparel,26,0,0,64.63
2025-05-23,1,PROD_HOME_001,Home & Kitchen,29,0,0,64.63
2025-05-23,1,PROD_HOME_002,Home & Kitchen,27,0,0,64.63
2025-05-23,1,PROD_HOME_003,Home & Kitchen,34,0,0,64.63
2025-05-23,1,PROD_HOME_004,Home & Kitchen,51,1,0,64.63
2025-05-23,1,PROD_BEAU_001,Health & Beauty,24,0,0,64.63
2025-05-23,1,PROD_BEAU_002,Health & Beauty,22,0,0,64.63
2025-05-23,1,PROD_BEAU_003,Health & Beauty,29,0,0,64.63
2025-05-23,1,PROD_SPRT_001,Sports & Outdoors,23,0,0,64.63
2025-05-23,1,PROD_SPRT_002,Sports & Outdoors,30,0,0,64.63
2025-05-23,1,PROD_SPRT_003,Sports & Outdoors,32,0,0,64.63
2025-05-23,1,PROD_SPRT_004,Sports & Outdoors,35,0,0,64.63
2025-05-24,1,PROD_ELEC_001,Electronics,36,0,0,64.25
2025-05-24,1,PROD_ELEC_002,Electronics,46,1,0,64.25
2025-05-24,1,PROD_ELEC_003,Electronics,37,0,0,64.25
2025-05-24,1,PROD_ELEC_004,Electronics,37,0,0,64.25
2025-05-24,1,PROD_ELEC_005,Electronics,40,0,0,64.25
2025-05-24,1,PROD_APP_001,Apparel,34,0,0,64.25
2025-05-24,1,PROD_APP_002,Apparel,35,0,0,64.25
2025-05-24,1,PROD_APP_003,Apparel,31,0,0,64.25
2025-05-24,1,PROD_APP_004,Apparel,28,0,0,64.25
2025-05-24,1,PROD_HOME_001,Home & Kitchen,33,0,0,64.25
2025-05-24,1,PROD_HOME_002,Home & Kitchen,31,0,0,64.25
2025-05-24,1,PROD_HOME_003,Home & Kitchen,38,0,0,64.25
2025-05-24,1,PROD_HOME_004,Home & Kitchen,35,0,0,64.25
2025-05-24,1,PROD_BEAU_001,Health & Beauty,35,0,0,64.25
2025-05-24,1,PROD_BEAU_002,Health & Beauty,33,0,0,64.25
2025-05-24,1,PROD_BEAU_003,Health & Beauty,24,0,0,64.25
2025-05-24,1,PROD_SPRT_001,Sports & Outdoors,60,1,0,64.25
2025-05-24,1,PROD_SPRT_002,Sports & Outdoors,50,1,0,64.25
2025-05-24,1,PROD_SPRT_003,Sports & Outdoors,52,1,0,64.25
2025-05-24,1,PROD_SPRT_004,Sports & Outdoors,31,0,0,64.25
2025-05-25,1,PROD_ELEC_001,Electronics,38,0,0,65.2
2025-05-25,1,PROD_ELEC_002,Electronics,34,0,0,65.2
2025-05-25,1,PROD_ELEC_003,Electronics,35,0,0,65.2
2025-05-25,1,PROD_ELEC_004,Electronics,44,0,0,65.2
2025-05-25,1,PROD_ELEC_005,Electronics,54,1,0,65.2
2025-05-25,1,PROD_APP_001,Apparel,36,0,0,65.2
2025-05-25,1,PROD_APP_002,Apparel,33,0,0,65.2
2025-05-25,1,PROD_APP_003,Apparel,29,0,0,65.2
2025-05-25,1,PROD_APP_004,Apparel,36,0,0,65.2
2025-05-25,1,PROD_HOME_001,Home & Kitchen,38,0,0,65.2
2025-05-25,1,PROD_HOME_002,Home & Kitchen,41,0,0,65.2
2025-05-25,1,PROD_HOME_003,Home & Kitchen,45,1,0,65.2
2025-05-25,1,PROD_HOME_004,Home & Kitchen,32,0,0,65.2
2025-05-25,1,PROD_BEAU_001,Health & Beauty,52,1,0,65.2
2025-05-25,1,PROD_BEAU_002,Health & Beauty,54,1,0,65.2
2025-05-25,1,PROD_BEAU_003,Health & Beauty,36,0,0,65.2
2025-05-25,1,PROD_SPRT_001,Sports & Outdoors,53,1,0,65.2
2025-05-25,1,PROD_SPRT_002,Sports & Outdoors,39,0,0,65.2
2025-05-25,1,PROD_SPRT_003,Sports & Outdoors,50,1,0,65.2
2025-05-25,1,PROD_SPRT_004,Sports & Outdoors,41,0,0,65.2
2025-05-26,1,PROD_ELEC_001,Electronics,42,1,0,64.58
2025-05-26,1,PROD_ELEC_002,Electronics,36,0,0,64.58
2025-05-26,1,PROD_ELEC_003,Electronics,36,0,0,64.58
2025-05-26,1,PROD_ELEC_004,Electronics,33,0,0,64.58
2025-05-26,1,PROD_ELEC_005,Electronics,17,0,0,64.58
2025-05-26,1,PROD_APP_001,Apparel,36,0,0,64.58
2025-05-26,1,PROD_APP_002,Apparel,46,1,0,64.58
2025-05-26,1,PROD_APP_003,Apparel,38,0,0,64.58
2025-05-26,1,PROD_APP_004,Apparel,34,0,0,64.58
2025-05-26,1,PROD_HOME_001,Home & Kitchen,36,0,0,64.58
2025-05-26,1,PROD_HOME_002,Home & Kitchen,47,1,0,64.58
2025-05-26,1,PROD_HOME_003,Home & Kitchen,35,0,0,64.58
2025-05-26,1,PROD_HOME_004,Home & Kitchen,37,0,0,64.58
2025-05-26,1,PROD_BEAU_001,Health & Beauty,30,0,0,64.58
2025-05-26,1,PROD_BEAU_002,Health & Beauty,37,1,0,64.58
2025-05-26,1,PROD_BEAU_003,Health & Beauty,28,0,0,64.58
2025-05-26,1,PROD_SPRT_001,Sports & Outdoors,31,0,0,64.58
2025-05-26,1,PROD_SPRT_002,Sports & Outdoors,30,0,0,64.58
2025-05-26,1,PROD_SPRT_003,Sports & Outdoors,25,0,0,64.58
2025-05-26,1,PROD_SPRT_004,Sports & Outdoors,23,0,0,64.58
2025-05-27,1,PROD_ELEC_001,Electronics,33,0,0,63.21
2025-05-27,1,PROD_ELEC_002,Electronics,36,0,0,63.21
2025-05-27,1,PROD_ELEC_003,Electronics,33,0,0,63.21
2025-05-27,1,PROD_ELEC_004,Electronics,34,0,0,63.21
2025-05-27,1,PROD_ELEC_005,Electronics,29,0,0,63.21
2025-05-27,1,PROD_APP_001,Apparel,23,0,0,63.21
2025-05-27,1,PROD_APP_002,Apparel,28,0,0,63.21
2025-05-27,1,PROD_APP_003,Apparel,28,0,0,63.21
2025-05-27,1,PROD_APP_004,Apparel,41,1,0,63.21
2025-05-27,1,PROD_HOME_001,Home & Kitchen,30,0,0,63.21
2025-05-27,1,PROD_HOME_002,Home & Kitchen,31,0,0,63.21
2025-05-27,1,PROD_HOME_003,Home & Kitchen,33,0,0,63.21
2025-05-27,1,PROD_HOME_004,Home & Kitchen,28,0,0,63.21
2025-05-27,1,PROD_BEAU_001,Health & Beauty,35,1,0,63.21
2025-05-27,1,PROD_BEAU_002,Health & Beauty,41,1,0,63.21
2025-05-27,1,PROD_BEAU_003,Health & Beauty,30,0,0,63.21
2025-05-27,1,PROD_SPRT_001,Sports & Outdoors,34,0,0,63.21
2025-05-27,1,PROD_SPRT_002,Sports & Outdoors,41,1,0,63.21
2025-05-27,1,PROD_SPRT_003,Sports & Outdoors,32,0,0,63.21
2025-05-27,1,PROD_SPRT_004,Sports & Outdoors,31,0,0,63.21
2025-05-28,1,PROD_ELEC_001,Electronics,47,1,0,64.19
2025-05-28,1,PROD_ELEC_002,Electronics,27,0,0,64.19
2025-05-28,1,PROD_ELEC_003,Electronics,41,1,0,64.19
2025-05-28,1,PROD_ELEC_004,Electronics,29,0,0,64.19
2025-05-28,1,PROD_ELEC_005,Electronics,27,0,0,64.19
2025-05-28,1,PROD_APP_001,Apparel,32,0,0,64.19
2025-05-28,1,PROD_APP_002,Apparel,27,0,0,64.19
2025-05-28,1,PROD_APP_003,Apparel,30,0,0,64.19
2025-05-28,1,PROD_APP_004,Apparel,29,0,0,64.19
2025-05-28,1,PROD_HOME_001,Home & Kitchen,30,0,0,64.19
2025-05-28,1,PROD_HOME_002,Home & Kitchen,41,1,0,64.19
2025-05-28,1,PROD_HOME_003,Home & Kitchen,28,0,0,64.19
2025-05-28,1,PROD_HOME_004,Home & Kitchen,30,0,0,64.19
2025-05-28,1,PROD_BEAU_001,Health & Beauty,30,0,0,64.19
2025-05-28,1,PROD_BEAU_002,Health & Beauty,29,0,0,64.19
2025-05-28,1,PROD_BEAU_003,Health & Beauty,36,0,0,64.19
2025-05-28,1,PROD_SPRT_001,Sports & Outdoors,26,0,0,64.19
2025-05-28,1,PROD_SPRT_002,Sports & Outdoors,29,0,0,64.19
2025-05-28,1,PROD_SPRT_003,Sports & Outdoors,23,0,0,64.19
2025-05-28,1,PROD_SPRT_004,Sports & Outdoors,31,0,0,64.19
2025-05-29,1,PROD_ELEC_001,Electronics,42,1,0,62.86
2025-05-29,1,PROD_ELEC_002,Electronics,42,1,0,62.86
2025-05-29,1,PROD_ELEC_003,Electronics,31,0,0,62.86
2025-05-29,1,PROD_ELEC_004,Electronics,27,0,0,62.86
2025-05-29,1,PROD_ELEC_005,Electronics,27,0,0,62.86
2025-05-29,1,PROD_APP_001,Apparel,35,0,0,62.86
2025-05-29,1,PROD_APP_002,Apparel,31,0,0,62.86
2025-05-29,1,PROD_APP_003,Apparel,27,0,0,62.86
2025-05-29,1,PROD_APP_004,Apparel,28,0,0,62.86
2025-05-29,1,PROD_HOME_001,Home & Kitchen,36,0,0,62.86
2025-05-29,1,PROD_HOME_002,Home & Kitchen,29,0,0,62.86
2025-05-29,1,PROD_HOME_003,Home & Kitchen,27,0,0,62.86
2025-05-29,1,PROD_HOME_004,Home & Kitchen,40,1,0,62.86
2025-05-29,1,PROD_BEAU_001,Health & Beauty,41,1,0,62.86
2025-05-29,1,PROD_BEAU_002,Health & Beauty,27,0,0,62.86
2025-05-29,1,PROD_BEAU_003,Health & Beauty,24,0,0,62.86
2025-05-29,1,PROD_SPRT_001,Sports & Outdoors,25,0,0,62.86
2025-05-29,1,PROD_SPRT_002,Sports & Outdoors,26,0,0,62.86
2025-05-29,1,PROD_SPRT_003,Sports & Outdoors,45,1,0,62.86
2025-05-29,1,PROD_SPRT_004,Sports & Outdoors,28,0,0,62.86
2025-05-30,1,PROD_ELEC_001,Electronics,35,0,0,64.01
2025-05-30,1,PROD_ELEC_002,Electronics,35,0,0,64.01
2025-05-30,1,PROD_ELEC_003,Electronics,28,0,0,64.01
2025-05-30,1,PROD_ELEC_004,Electronics,27,0,0,64.01
2025-05-30,1,PROD_ELEC_005,Electronics,26,0,0,64.01
2025-05-30,1,PROD_APP_001,Apparel,32,0,0,64.01
2025-05-30,1,PROD_APP_002,Apparel,29,0,0,64.01
2025-05-30,1,PROD_APP_003,Apparel,28,0,0,64.01
2025-05-30,1,PROD_APP_004,Apparel,26,0,0,64.01
2025-05-30,1,PROD_HOME_001,Home & Kitchen,26,0,0,64.01
2025-05-30,1,PROD_HOME_002,Home & Kitchen,31,0,0,64.01
2025-05-30,1,PROD_HOME_003,Home & Kitchen,24,0,0,64.01
2025-05-30,1,PROD_HOME_004,Home & Kitchen,33,0,0,64.01
2025-05-30,1,PROD_BEAU_001,Health & Beauty,27,0,0,64.01
2025-05-30,1,PROD_BEAU_002,Health & Beauty,29,0,0,64.01
2025-05-30,1,PROD_BEAU_003,Health & Beauty,24,0,0,64.01
2025-05-30,1,PROD_SPRT_001,Sports & Outdoors,29,0,0,64.01
2025-05-30,1,PROD_SPRT_002,Sports & Outdoors,28,0,0,64.01
2025-05-30,1,PROD_SPRT_003,Sports & Outdoors,29,0,0,64.01
2025-05-30,1,PROD_SPRT_004,Sports & Outdoors,35,0,0,64.01
2025-05-31,1,PROD_ELEC_001,Electronics,34,0,0,64.54
2025-05-31,1,PROD_ELEC_002,Electronics,34,0,0,64.54
2025-05-31,1,PROD_ELEC_003,Electronics,56,1,0,64.54
2025-05-31,1,PROD_ELEC_004,Electronics,42,0,0,64.54
2025-05-31,1,PROD_ELEC_005,Electronics,38,0,0,64.54
2025-05-31,1,PROD_APP_001,Apparel,40,0,0,64.54
2025-05-31,1,PROD_APP_002,Apparel,39,0,0,64.54
2025-05-31,1,PROD_APP_003,Apparel,43,0,0,64.54
2025-05-31,1,PROD_APP_004,Apparel,29,0,0,64.54
2025-05-31,1,PROD_HOME_001,Home & Kitchen,57,1,0,64.54
2025-05-31,1,PROD_HOME_002,Home & Kitchen,41,0,0,64.54
2025-05-31,1,PROD_HOME_003,Home & Kitchen,49,1,0,64.54
2025-05-31,1,PROD_HOME_004,Home & Kitchen,50,1,0,64.54
2025-05-31,1,PROD_BEAU_001,Health & Beauty,50,1,0,64.54
2025-05-31,1,PROD_BEAU_002,Health & Beauty,34,0,0,64.54
2025-05-31,1,PROD_BEAU_003,Health & Beauty,35,0,0,64.54
2025-05-31,1,PROD_SPRT_001,Sports & Outdoors,55,1,0,64.54
2025-05-31,1,PROD_SPRT_002,Sports & Outdoors,40,0,0,64.54
2025-05-31,1,PROD_SPRT_003,Sports & Outdoors,58,1,0,64.54
2025-05-31,1,PROD_SPRT_004,Sports & Outdoors,51,1,0,64.54
2025-06-01,1,PROD_ELEC_001,Electronics,48,0,0,63.39
2025-06-01,1,PROD_ELEC_002,Electronics,45,0,0,63.39
2025-06-01,1,PROD_ELEC_003,Electronics,43,0,0,63.39
2025-06-01,1,PROD_ELEC_004,Electronics,45,0,0,63.39
2025-06-01,1,PROD_ELEC_005,Electronics,43,0,0,63.39
2025-06-01,1,PROD_APP_001,Apparel,45,0,0,63.39
2025-06-01,1,PROD_APP_002,Apparel,41,0,0,63.39
2025-06-01,1,PROD_APP_003,Apparel,44,0,0,63.39
2025-06-01,1,PROD_APP_004,Apparel,37,0,0,63.39
2025-06-01,1,PROD_HOME_001,Home & Kitchen,40,0,0,63.39
2025-06-01,1,PROD_HOME_002,Home & Kitchen,40,0,0,63.39
2025-06-01,1,PROD_HOME_003,Home & Kitchen,41,0,0,63.39
2025-06-01,1,PROD_HOME_004,Home & Kitchen,39,0,0,63.39
2025-06-01,1,PROD_BEAU_001,Health & Beauty,40,0,0,63.39
2025-06-01,1,PROD_BEAU_002,Health & Beauty,56,1,0,63.39
2025-06-01,1,PROD_BEAU_003,Health & Beauty,45,0,0,63.39
2025-06-01,1,PROD_SPRT_001,Sports & Outdoors,42,0,0,63.39
2025-06-01,1,PROD_SPRT_002,Sports & Outdoors,36,0,0,63.39
2025-06-01,1,PROD_SPRT_003,Sports & Outdoors,59,1,0,63.39
2025-06-01,1,PROD_SPRT_004,Sports & Outdoors,63,1,0,63.39
2025-06-02,1,PROD_ELEC_001,Electronics,31,0,0,63.85
2025-06-02,1,PROD_ELEC_002,Electronics,49,1,0,63.85
2025-06-02,1,PROD_ELEC_003,Electronics,51,1,0,63.85
2025-06-02,1,PROD_ELEC_004,Electronics,28,0,0,63.85
2025-06-02,1,PROD_ELEC_005,Electronics,36,0,0,63.85
2025-06-02,1,PROD_APP_001,Apparel,31,0,0,63.85
2025-06-02,1,PROD_APP_002,Apparel,34,0,0,63.85
2025-06-02,1,PROD_APP_003,Apparel,34,0,0,63.85
2025-06-02,1,PROD_APP_004,Apparel,32,0,0,63.85
2025-06-02,1,PROD_HOME_001,Home & Kitchen,30,0,0,63.85
2025-06-02,1,PROD_HOME_002,Home & Kitchen,48,1,0,63.85
2025-06-02,1,PROD_HOME_003,Home & Kitchen,56,1,0,63.85
2025-06-02,1,PROD_HOME_004,Home & Kitchen,29,0,0,63.85
2025-06-02,1,PROD_BEAU_001,Health & Beauty,41,0,0,63.85
2025-06-02,1,PROD_BEAU_002,Health & Beauty,33,0,0,63.85
2025-06-02,1,PROD_BEAU_003,Health & Beauty,34,0,0,63.85
2025-06-02,1,PROD_SPRT_001,Sports & Outdoors,30,0,0,63.85
2025-06-02,1,PROD_SPRT_002,Sports & Outdoors,31,0,0,63.85
2025-06-02,1,PROD_SPRT_003,Sports & Outdoors,32,0,0,63.85
2025-06-02,1,PROD_SPRT_004,Sports & Outdoors,30,0,0,63.85
2025-06-03,1,PROD_ELEC_001,Electronics,32,0,0,64.34
2025-06-03,1,PROD_ELEC_002,Electronics,41,0,0,64.34
2025-06-03,1,PROD_ELEC_003,Electronics,29,0,0,64.34
2025-06-03,1,PROD_ELEC_004,Electronics,34,0,0,64.34
2025-06-03,1,PROD_ELEC_005,Electronics,51,1,0,64.34
2025-06-03,1,PROD_APP_001,Apparel,45,1,0,64.34
2025-06-03,1,PROD_APP_002,Apparel,37,0,0,64.34
2025-06-03,1,PROD_APP_003,Apparel,32,0,0,64.34
2025-06-03,1,PROD_APP_004,Apparel,24,0,0,64.34
2025-06-03,1,PROD_HOME_001,Home & Kitchen,37,0,0,64.34
2025-06-03,1,PROD_HOME_002,Home & Kitchen,30,0,0,64.34
2025-06-03,1,PROD_HOME_003,Home & Kitchen,30,0,0,64.34
2025-06-03,1,PROD_HOME_004,Home & Kitchen,37,0,0,64.34
2025-06-03,1,PROD_BEAU_001,Health & Beauty,33,0,0,64.34
2025-06-03,1,PROD_BEAU_002,Health & Beauty,38,0,0,64.34
2025-06-03,1,PROD_BEAU_003,Health & Beauty,39,0,0,64.34
2025-06-03,1,PROD_SPRT_001,Sports & Outdoors,31,0,0,64.34
2025-06-03,1,PROD_SPRT_002,Sports & Outdoors,37,0,0,64.34
2025-06-03,1,PROD_SPRT_003,Sports & Outdoors,31,0,0,64.34
2025-06-03,1,PROD_SPRT_004,Sports & Outdoors,43,0,0,64.34
2025-06-04,1,PROD_ELEC_001,Electronics,38,0,0,63.87
2025-06-04,1,PROD_ELEC_002,Electronics,37,0,0,63.87
2025-06-04,1,PROD_ELEC_003,Electronics,51,1,0,63.87
2025-06-04,1,PROD_ELEC_004,Electronics,47,1,0,63.87
2025-06-04,1,PROD_ELEC_005,Electronics,49,1,0,63.87
2025-06-04,1,PROD_APP_001,Apparel,25,0,0,63.87
2025-06-04,1,PROD_APP_002,Apparel,35,0,0,63.87
2025-06-04,1,PROD_APP_003,Apparel,35,0,0,63.87
2025-06-04,1,PROD_APP_004,Apparel,35,0,0,63.87
2025-06-04,1,PROD_HOME_001,Home & Kitchen,22,0,0,63.87
2025-06-04,1,PROD_HOME_002,Home & Kitchen,29,0,0,63.87
2025-06-04,1,PROD_HOME_003,Home & Kitchen,31,0,0,63.87
2025-06-04,1,PROD_HOME_004,Home & Kitchen,51,1,0,63.87
2025-06-04,1,PROD_BEAU_001,Health & Beauty,35,0,0,63.87
2025-06-04,1,PROD_BEAU_002,Health & Beauty,33,0,0,63.87
2025-06-04,1,PROD_BEAU_003,Health & Beauty,52,1,0,63.87
2025-06-04,1,PROD_SPRT_001,Sports & Outdoors,30,0,0,63.87
2025-06-04,1,PROD_SPRT_002,Sports & Outdoors,36,0,0,63.87
2025-06-04,1,PROD_SPRT_003,Sports & Outdoors,51,1,0,63.87
2025-06-04,1,PROD_SPRT_004,Sports & Outdoors,36,0,0,63.87
2025-06-05,1,PROD_ELEC_001,Electronics,41,0,0,64.59
2025-06-05,1,PROD_ELEC_002,Electronics,36,0,0,64.59
2025-06-05,1,PROD_ELEC_003,Electronics,30,0,0,64.59
2025-06-05,1,PROD_ELEC_004,Electronics,35,0,0,64.59
2025-06-05,1,PROD_ELEC_005,Electronics,37,0,0,64.59
2025-06-05,1,PROD_APP_001,Apparel,32,0,0,64.59
2025-06-05,1,PROD_APP_002,Apparel,38,0,0,64.59
2025-06-05,1,PROD_APP_003,Apparel,36,0,0,64.59
2025-06-05,1,PROD_APP_004,Apparel,25,0,0,64.59
2025-06-05,1,PROD_HOME_001,Home & Kitchen,35,0,0,64.59
2025-06-05,1,PROD_HOME_002,Home & Kitchen,32,0,0,64.59
2025-06-05,1,PROD_HOME_003,Home & Kitchen,36,0,0,64.59
2025-06-05,1,PROD_HOME_004,Home & Kitchen,38,0,0,64.59
2025-06-05,1,PROD_BEAU_001,Health & Beauty,35,0,0,64.59
2025-06-05,1,PROD_BEAU_002,Health & Beauty,41,0,0,64.59
2025-06-05,1,PROD_BEAU_003,Health & Beauty,49,1,0,64.59
2025-06-05,1,PROD_SPRT_001,Sports & Outdoors,52,1,0,64.59
2025-06-05,1,PROD_SPRT_002,Sports & Outdoors,37,0,0,64.59
2025-06-05,1,PROD_SPRT_003,Sports & Outdoors,34,0,0,64.59
2025-06-05,1,PROD_SPRT_004,Sports & Outdoors,37,0,0,64.59
2025-06-06,1,PROD_ELEC_001,Electronics,32,0,0,64.22
2025-06-06,1,PROD_ELEC_002,Electronics,29,0,0,64.22
2025-06-06,1,PROD_ELEC_003,Electronics,35,0,0,64.22
2025-06-06,1,PROD_ELEC_004,Electronics,51,1,0,64.22
2025-06-06,1,PROD_ELEC_005,Electronics,39,0,0,64.22
2025-06-06,1,PROD_APP_001,Apparel,37,0,0,64.22
2025-06-06,1,PROD_APP_002,Apparel,33,0,0,64.22
2025-06-06,1,PROD_APP_003,Apparel,29,0,0,64.22
2025-06-06,1,PROD_APP_004,Apparel,36,0,0,64.22
2025-06-06,1,PROD_HOME_001,Home & Kitchen,38,0,0,64.22
2025-06-06,1,PROD_HOME_002,Home & Kitchen,37,0,0,64.22
2025-06-06,1,PROD_HOME_003,Home & Kitchen,38,0,0,64.22
2025-06-06,1,PROD_HOME_004,Home & Kitchen,33,0,0,64.22
2025-06-06,1,PROD_BEAU_001,Health & Beauty,32,0,0,64.22
2025-06-06,1,PROD_BEAU_002,Health & Beauty,31,0,0,64.22
2025-06-06,1,PROD_BEAU_003,Health & Beauty,34,0,0,64.22
2025-06-06,1,PROD_SPRT_001,Sports & Outdoors,49,1,0,64.22
2025-06-06,1,PROD_SPRT_002,Sports & Outdoors,35,0,0,64.22
2025-06-06,1,PROD_SPRT_003,Sports & Outdoors,33,0,0,64.22
2025-06-06,1,PROD_SPRT_004,Sports & Outdoors,33,0,0,64.22
2025-06-07,1,PROD_ELEC_001,Electronics,46,0,0,64.13
2025-06-07,1,PROD_ELEC_002,Electronics,43,0,0,64.13
2025-06-07,1,PROD_ELEC_003,Electronics,42,0,0,64.13
2025-06-07,1,PROD_ELEC_004,Electronics,59,1,0,64.13
2025-06-07,1,PROD_ELEC_005,Electronics,37,0,0,64.13
2025-06-07,1,PROD_APP_001,Apparel,48,0,0,64.13
2025-06-07,1,PROD_APP_002,Apparel,45,0,0,64.13
2025-06-07,1,PROD_APP_003,Apparel,36,0,0,64.13
2025-06-07,1,PROD_APP_004,Apparel,65,1,0,64.13
2025-06-07,1,PROD_HOME_001,Home & Kitchen,46,0,0,64.13
2025-06-07,1,PROD_HOME_002,Home & Kitchen,43,0,0,64.13
2025-06-07,1,PROD_HOME_003,Home & Kitchen,49,0,0,64.13
2025-06-07,1,PROD_HOME_004,Home & Kitchen,43,0,0,64.13
2025-06-07,1,PROD_BEAU_001,Health & Beauty,37,0,0,64.13
2025-06-07,1,PROD_BEAU_002,Health & Beauty,44,0,0,64.13
2025-06-07,1,PROD_BEAU_003,Health & Beauty,44,0,0,64.13
2025-06-07,1,PROD_SPRT_001,Sports & Outdoors,40,0,0,64.13
2025-06-07,1,PROD_SPRT_002,Sports & Outdoors,45,0,0,64.13
2025-06-07,1,PROD_SPRT_003,Sports & Outdoors,36,0,0,64.13
2025-06-07,1,PROD_SPRT_004,Sports & Outdoors,47,0,0,64.13
2025-06-08,1,PROD_ELEC_001,Electronics,39,0,0,64.14
2025-06-08,1,PROD_ELEC_002,Electronics,42,0,0,64.14
2025-06-08,1,PROD_ELEC_003,Electronics,44,0,0,64.14
2025-06-08,1,PROD_ELEC_004,Electronics,43,0,0,64.14
2025-06-08,1,PROD_ELEC_005,Electronics,40,0,0,64.14
2025-06-08,1,PROD_APP_001,Apparel,60,1,0,64.14
2025-06-08,1,PROD_APP_002,Apparel,57,1,0,64.14
2025-06-08,1,PROD_APP_003,Apparel,42,0,0,64.14
2025-06-08,1,PROD_APP_004,Apparel,47,0,0,64.14
2025-06-08,1,PROD_HOME_001,Home & Kitchen,62,1,0,64.14
2025-06-08,1,PROD_HOME_002,Home & Kitchen,46,0,0,64.14
2025-06-08,1,PROD_HOME_003,Home & Kitchen,48,0,0,64.14
2025-06-08,1,PROD_HOME_004,Home & Kitchen,40,0,0,64.14
2025-06-08,1,PROD_BEAU_001,Health & Beauty,42,0,0,64.14
2025-06-08,1,PROD_BEAU_002,Health & Beauty,71,1,0,64.14
2025-06-08,1,PROD_BEAU_003,Health & Beauty,48,0,0,64.14
2025-06-08,1,PROD_SPRT_001,Sports & Outdoors,55,1,0,64.14
2025-06-08,1,PROD_SPRT_002,Sports & Outdoors,44,0,0,64.14
2025-06-08,1,PROD_SPRT_003,Sports & Outdoors,62,1,0,64.14
2025-06-08,1,PROD_SPRT_004,Sports & Outdoors,46,0,0,64.14
2025-06-09,1,PROD_ELEC_001,Electronics,31,0,0,64.45
2025-06-09,1,PROD_ELEC_002,Electronics,31,0,0,64.45
2025-06-09,1,PROD_ELEC_003,Electronics,32,0,0,64.45
2025-06-09,1,PROD_ELEC_004,Electronics,37,0,0,64.45
2025-06-09,1,PROD_ELEC_005,Electronics,29,0,0,64.45
2025-06-09,1,PROD_APP_001,Apparel,32,0,0,64.45
2025-06-09,1,PROD_APP_002,Apparel,27,0,0,64.45
2025-06-09,1,PROD_APP_003,Apparel,38,0,0,64.45
2025-06-09,1,PROD_APP_004,Apparel,39,0,0,64.45
2025-06-09,1,PROD_HOME_001,Home & Kitchen,33,0,0,64.45
2025-06-09,1,PROD_HOME_002,Home & Kitchen,48,1,0,64.45
2025-06-09,1,PROD_HOME_003,Home & Kitchen,36,0,0,64.45
2025-06-09,1,PROD_HOME_004,Home & Kitchen,40,0,0,64.45
2025-06-09,1,PROD_BEAU_001,Health & Beauty,36,0,0,64.45
2025-06-09,1,PROD_BEAU_002,Health & Beauty,31,0,0,64.45
2025-06-09,1,PROD_BEAU_003,Health & Beauty,28,0,0,64.45
2025-06-09,1,PROD_SPRT_001,Sports & Outdoors,30,0,0,64.45
2025-06-09,1,PROD_SPRT_002,Sports & Outdoors,34,0,0,64.45
2025-06-09,1,PROD_SPRT_003,Sports & Outdoors,31,0,0,64.45
2025-06-09,1,PROD_SPRT_004,Sports & Outdoors,35,0,0,64.45
2025-06-10,1,PROD_ELEC_001,Electronics,45,1,0,64.83
2025-06-10,1,PROD_ELEC_002,Electronics,45,1,0,64.83
2025-06-10,1,PROD_ELEC_003,Electronics,40,0,0,64.83
2025-06-10,1,PROD_ELEC_004,Electronics,38,0,0,64.83
2025-06-10,1,PROD_ELEC_005,Electronics,41,0,0,64.83
2025-06-10,1,PROD_APP_001,Apparel,36,0,0,64.83
2025-06-10,1,PROD_APP_002,Apparel,32,0,0,64.83
2025-06-10,1,PROD_APP_003,Apparel,55,1,0,64.83
2025-06-10,1,PROD_APP_004,Apparel,34,0,0,64.83
2025-06-10,1,PROD_HOME_001,Home & Kitchen,35,0,0,64.83
2025-06-10,1,PROD_HOME_002,Home & Kitchen,34,0,0,64.83
2025-06-10,1,PROD_HOME_003,Home & Kitchen,22,0,0,64.83
2025-06-10,1,PROD_HOME_004,Home & Kitchen,40,0,0,64.83
2025-06-10,1,PROD_BEAU_001,Health & Beauty,36,0,0,64.83
2025-06-10,1,PROD_BEAU_002,Health & Beauty,35,0,0,64.83
2025-06-10,1,PROD_BEAU_003,Health & Beauty,34,0,0,64.83
2025-06-10,1,PROD_SPRT_001,Sports & Outdoors,35,0,0,64.83
2025-06-10,1,PROD_SPRT_002,Sports & Outdoors,47,1,0,64.83
2025-06-10,1,PROD_SPRT_003,Sports & Outdoors,52,1,0,64.83
2025-06-10,1,PROD_SPRT_004,Sports & Outdoors,29,0,0,64.83
2025-06-11,1,PROD_ELEC_001,Electronics,36,0,0,65.88
2025-06-11,1,PROD_ELEC_002,Electronics,33,0,0,65.88
2025-06-11,1,PROD_ELEC_003,Electronics,35,0,0,65.88
2025-06-11,1,PROD_ELEC_004,Electronics,30,0,0,65.88
2025-06-11,1,PROD_ELEC_005,Electronics,46,1,0,65.88
2025-06-11,1,PROD_APP_001,Apparel,50,1,0,65.88
2025-06-11,1,PROD_APP_002,Apparel,37,0,0,65.88
2025-06-11,1,PROD_APP_003,Apparel,27,0,0,65.88
2025-06-11,1,PROD_APP_004,Apparel,36,0,0,65.88
2025-06-11,1,PROD_HOME_001,Home & Kitchen,32,0,0,65.88
2025-06-11,1,PROD_HOME_002,Home & Kitchen,33,0,0,65.88
2025-06-11,1,PROD_HOME_003,Home & Kitchen,29,0,0,65.88
2025-06-11,1,PROD_HOME_004,Home & Kitchen,31,0,0,65.88
2025-06-11,1,PROD_BEAU_001,Health & Beauty,38,0,0,65.88
2025-06-11,1,PROD_BEAU_002,Health & Beauty,34,0,0,65.88
2025-06-11,1,PROD_BEAU_003,Health & Beauty,32,0,0,65.88
2025-06-11,1,PROD_SPRT_001,Sports & Outdoors,34,0,0,65.88
2025-06-11,1,PROD_SPRT_002,Sports & Outdoors,36,0,0,65.88
2025-06-11,1,PROD_SPRT_003,Sports & Outdoors,36,0,0,65.88
2025-06-11,1,PROD_SPRT_004,Sports & Outdoors,49,1,0,65.88
2025-06-12,1,PROD_ELEC_001,Electronics,38,0,0,67.13
2025-06-12,1,PROD_ELEC_002,Electronics,36,0,0,67.13
2025-06-12,1,PROD_ELEC_003,Electronics,34,0,0,67.13
2025-06-12,1,PROD_ELEC_004,Electronics,37,0,0,67.13
2025-06-12,1,PROD_ELEC_005,Electronics,51,1,0,67.13
2025-06-12,1,PROD_APP_001,Apparel,54,1,0,67.13
2025-06-12,1,PROD_APP_002,Apparel,53,1,0,67.13
2025-06-12,1,PROD_APP_003,Apparel,45,1,0,67.13
2025-06-12,1,PROD_APP_004,Apparel,30,0,0,67.13
2025-06-12,1,PROD_HOME_001,Home & Kitchen,31,0,0,67.13
2025-06-12,1,PROD_HOME_002,Home & Kitchen,53,1,0,67.13
2025-06-12,1,PROD_HOME_003,Home & Kitchen,28,0,0,67.13
2025-06-12,1,PROD_HOME_004,Home & Kitchen,36,0,0,67.13
2025-06-12,1,PROD_BEAU_001,Health & Beauty,51,1,0,67.13
2025-06-12,1,PROD_BEAU_002,Health & Beauty,39,0,0,67.13
2025-06-12,1,PROD_BEAU_003,Health & Beauty,50,1,0,67.13
2025-06-12,1,PROD_SPRT_001,Sports & Outdoors,29,0,0,67.13
2025-06-12,1,PROD_SPRT_002,Sports & Outdoors,30,0,0,67.13
2025-06-12,1,PROD_SPRT_003,Sports & Outdoors,29,0,0,67.13
2025-06-12,1,PROD_SPRT_004,Sports & Outdoors,32,0,0,67.13
2025-06-13,1,PROD_ELEC_001,Electronics,29,0,0,65.77
2025-06-13,1,PROD_ELEC_002,Electronics,40,0,0,65.77
2025-06-13,1,PROD_ELEC_003,Electronics,44,1,0,65.77
2025-06-13,1,PROD_ELEC_004,Electronics,39,0,0,65.77
2025-06-13,1,PROD_ELEC_005,Electronics,54,1,0,65.77
2025-06-13,1,PROD_APP_001,Apparel,38,0,0,65.77
2025-06-13,1,PROD_APP_002,Apparel,31,0,0,65.77
2025-06-13,1,PROD_APP_003,Apparel,35,0,0,65.77
2025-06-13,1,PROD_APP_004,Apparel,29,0,0,65.77
2025-06-13,1,PROD_HOME_001,Home & Kitchen,38,0,0,65.77
2025-06-13,1,PROD_HOME_002,Home & Kitchen,34,0,0,65.77
2025-06-13,1,PROD_HOME_003,Home & Kitchen,32,0,0,65.77
2025-06-13,1,PROD_HOME_004,Home & Kitchen,29,0,0,65.77
2025-06-13,1,PROD_BEAU_001,Health & Beauty,24,0,0,65.77
2025-06-13,1,PROD_BEAU_002,Health & Beauty,30,0,0,65.77
2025-06-13,1,PROD_BEAU_003,Health & Beauty,54,1,0,65.77
2025-06-13,1,PROD_SPRT_001,Sports & Outdoors,32,0,0,65.77
2025-06-13,1,PROD_SPRT_002,Sports & Outdoors,33,0,0,65.77
2025-06-13,1,PROD_SPRT_003,Sports & Outdoors,37,0,0,65.77
2025-06-13,1,PROD_SPRT_004,Sports & Outdoors,41,0,0,65.77
2025-06-14,1,PROD_ELEC_001,Electronics,39,0,0,67.76
2025-06-14,1,PROD_ELEC_002,Electronics,35,0,0,67.76
2025-06-14,1,PROD_ELEC_003,Electronics,52,0,0,67.76
2025-06-14,1,PROD_ELEC_004,Electronics,52,0,0,67.76
2025-06-14,1,PROD_ELEC_005,Electronics,43,0,0,67.76
2025-06-14,1,PROD_APP_001,Apparel,38,0,0,67.76
2025-06-14,1,PROD_APP_002,Apparel,46,0,0,67.76
2025-06-14,1,PROD_APP_003,Apparel,42,0,0,67.76
2025-06-14,1,PROD_APP_004,Apparel,42,0,0,67.76
2025-06-14,1,PROD_HOME_001,Home & Kitchen,46,0,0,67.76
2025-06-14,1,PROD_HOME_002,Home & Kitchen,63,1,0,67.76
2025-06-14,1,PROD_HOME_003,Home & Kitchen,38,0,0,67.76
2025-06-14,1,PROD_HOME_004,Home & Kitchen,41,0,0,67.76
2025-06-14,1,PROD_BEAU_001,Health & Beauty,45,0,0,67.76
2025-06-14,1,PROD_BEAU_002,Health & Beauty,45,0,0,67.76
2025-06-14,1,PROD_BEAU_003,Health & Beauty,63,1,0,67.76
2025-06-14,1,PROD_SPRT_001,Sports & Outdoors,46,0,0,67.76
2025-06-14,1,PROD_SPRT_002,Sports & Outdoors,41,0,0,67.76
2025-06-14,1,PROD_SPRT_003,Sports & Outdoors,43,0,0,67.76
2025-06-14,1,PROD_SPRT_004,Sports & Outdoors,49,1,0,67.76
2025-06-15,1,PROD_ELEC_001,Electronics,46,0,0,65.82
2025-06-15,1,PROD_ELEC_002,Electronics,41,0,0,65.82
2025-06-15,1,PROD_ELEC_003,Electronics,41,0,0,65.82
2025-06-15,1,PROD_ELEC_004,Electronics,58,1,0,65.82
2025-06-15,1,PROD_ELEC_005,Electronics,47,0,0,65.82
2025-06-15,1,PROD_APP_001,Apparel,45,0,0,65.82
2025-06-15,1,PROD_APP_002,Apparel,46,0,0,65.82
2025-06-15,1,PROD_APP_003,Apparel,36,0,0,65.82
2025-06-15,1,PROD_APP_004,Apparel,61,1,0,65.82
2025-06-15,1,PROD_HOME_001,Home & Kitchen,42,0,0,65.82
2025-06-15,1,PROD_HOME_002,Home & Kitchen,42,0,0,65.82
2025-06-15,1,PROD_HOME_003,Home & Kitchen,40,0,0,65.82
2025-06-15,1,PROD_HOME_004,Home & Kitchen,41,0,0,65.82
2025-06-15,1,PROD_BEAU_001,Health & Beauty,46,0,0,65.82
2025-06-15,1,PROD_BEAU_002,Health & Beauty,35,0,0,65.82
2025-06-15,1,PROD_BEAU_003,Health & Beauty,50,0,0,65.82
2025-06-15,1,PROD_SPRT_001,Sports & Outdoors,45,0,0,65.82
2025-06-15,1,PROD_SPRT_002,Sports & Outdoors,42,0,0,65.82
2025-06-15,1,PROD_SPRT_003,Sports & Outdoors,46,0,0,65.82
2025-06-15,1,PROD_SPRT_004,Sports & Outdoors,37,0,0,65.82
2025-06-16,1,PROD_ELEC_001,Electronics,34,0,0,65.75
2025-06-16,1,PROD_ELEC_002,Electronics,39,0,0,65.75
2025-06-16,1,PROD_ELEC_003,Electronics,34,0,0,65.75
2025-06-16,1,PROD_ELEC_004,Electronics,36,0,0,65.75
2025-06-16,1,PROD_ELEC_005,Electronics,32,0,0,65.75
2025-06-16,1,PROD_APP_001,Apparel,36,0,0,65.75
2025-06-16,1,PROD_APP_002,Apparel,41,0,0,65.75
2025-06-16,1,PROD_APP_003,Apparel,38,0,0,65.75
2025-06-16,1,PROD_APP_004,Apparel,34,0,0,65.75
2025-06-16,1,PROD_HOME_001,Home & Kitchen,37,0,0,65.75
2025-06-16,1,PROD_HOME_002,Home & Kitchen,36,0,0,65.75
2025-06-16,1,PROD_HOME_003,Home & Kitchen,52,1,0,65.75
2025-06-16,1,PROD_HOME_004,Home & Kitchen,54,1,0,65.75
2025-06-16,1,PROD_BEAU_001,Health & Beauty,38,0,0,65.75
2025-06-16,1,PROD_BEAU_002,Health & Beauty,33,0,0,65.75
2025-06-16,1,PROD_BEAU_003,Health & Beauty,52,1,0,65.75
2025-06-16,1,PROD_SPRT_001,Sports & Outdoors,32,0,0,65.75
2025-06-16,1,PROD_SPRT_002,Sports & Outdoors,30,0,0,65.75
2025-06-16,1,PROD_SPRT_003,Sports & Outdoors,33,0,0,65.75
2025-06-16,1,PROD_SPRT_004,Sports & Outdoors,34,0,0,65.75
2025-06-17,1,PROD_ELEC_001,Electronics,53,1,0,64.75
2025-06-17,1,PROD_ELEC_002,Electronics,23,0,0,64.75
2025-06-17,1,PROD_ELEC_003,Electronics,45,0,0,64.75
2025-06-17,1,PROD_ELEC_004,Electronics,40,0,0,64.75
2025-06-17,1,PROD_ELEC_005,Electronics,33,0,0,64.75
2025-06-17,1,PROD_APP_001,Apparel,34,0,0,64.75
2025-06-17,1,PROD_APP_002,Apparel,35,0,0,64.75
2025-06-17,1,PROD_APP_003,Apparel,32,0,0,64.75
2025-06-17,1,PROD_APP_004,Apparel,35,0,0,64.75
2025-06-17,1,PROD_HOME_001,Home & Kitchen,33,0,0,64.75
2025-06-17,1,PROD_HOME_002,Home & Kitchen,34,0,0,64.75
2025-06-17,1,PROD_HOME_003,Home & Kitchen,50,1,0,64.75
2025-06-17,1,PROD_HOME_004,Home & Kitchen,29,0,0,64.75
2025-06-17,1,PROD_BEAU_001,Health & Beauty,50,1,0,64.75
2025-06-17,1,PROD_BEAU_002,Health & Beauty,35,0,0,64.75
2025-06-17,1,PROD_BEAU_003,Health & Beauty,35,0,0,64.75
2025-06-17,1,PROD_SPRT_001,Sports & Outdoors,33,0,0,64.75
2025-06-17,1,PROD_SPRT_002,Sports & Outdoors,39,0,0,64.75
2025-06-17,1,PROD_SPRT_003,Sports & Outdoors,33,0,0,64.75
2025-06-17,1,PROD_SPRT_004,Sports & Outdoors,50,1,0,64.75
2025-06-18,1,PROD_ELEC_001,Electronics,34,0,0,68.51
2025-06-18,1,PROD_ELEC_002,Electronics,35,0,0,68.51
2025-06-18,1,PROD_ELEC_003,Electronics,34,0,0,68.51
2025-06-18,1,PROD_ELEC_004,Electronics,39,0,0,68.51
2025-06-18,1,PROD_ELEC_005,Electronics,33,0,0,68.51
2025-06-18,1,PROD_APP_001,Apparel,55,1,0,68.51
2025-06-18,1,PROD_APP_002,Apparel,34,0,0,68.51
2025-06-18,1,PROD_APP_003,Apparel,31,0,0,68.51
2025-06-18,1,PROD_APP_004,Apparel,37,0,0,68.51
2025-06-18,1,PROD_HOME_001,Home & Kitchen,33,0,0,68.51
2025-06-18,1,PROD_HOME_002,Home & Kitchen,36,0,0,68.51
2025-06-18,1,PROD_HOME_003,Home & Kitchen,23,0,0,68.51
2025-06-18,1,PROD_HOME_004,Home & Kitchen,34,0,0,68.51
2025-06-18,1,PROD_BEAU_001,Health & Beauty,32,0,0,68.51
2025-06-18,1,PROD_BEAU_002,Health & Beauty,30,0,0,68.51
2025-06-18,1,PROD_BEAU_003,Health & Beauty,47,1,0,68.51
2025-06-18,1,PROD_SPRT_001,Sports & Outdoors,32,0,0,68.51
2025-06-18,1,PROD_SPRT_002,Sports & Outdoors,34,0,0,68.51
2025-06-18,1,PROD_SPRT_003,Sports & Outdoors,29,0,0,68.51
2025-06-18,1,PROD_SPRT_004,Sports & Outdoors,35,0,0,68.51
2025-06-19,1,PROD_ELEC_001,Electronics,35,0,0,68.8
2025-06-19,1,PROD_ELEC_002,Electronics,37,0,0,68.8
2025-06-19,1,PROD_ELEC_003,Electronics,38,0,0,68.8
2025-06-19,1,PROD_ELEC_004,Electronics,39,0,0,68.8
2025-06-19,1,PROD_ELEC_005,Electronics,57,1,0,68.8
2025-06-19,1,PROD_APP_001,Apparel,32,0,0,68.8
2025-06-19,1,PROD_APP_002,Apparel,31,0,0,68.8
2025-06-19,1,PROD_APP_003,Apparel,53,1,0,68.8
2025-06-19,1,PROD_APP_004,Apparel,37,0,0,68.8
2025-06-19,1,PROD_HOME_001,Home & Kitchen,53,1,0,68.8
2025-06-19,1,PROD_HOME_002,Home & Kitchen,42,0,0,68.8
2025-06-19,1,PROD_HOME_003,Home & Kitchen,50,1,0,68.8
2025-06-19,1,PROD_HOME_004,Home & Kitchen,51,1,0,68.8
2025-06-19,1,PROD_BEAU_001,Health & Beauty,30,0,0,68.8
2025-06-19,1,PROD_BEAU_002,Health & Beauty,43,0,0,68.8
2025-06-19,1,PROD_BEAU_003,Health & Beauty,33,0,0,68.8
2025-06-19,1,PROD_SPRT_001,Sports & Outdoors,33,0,0,68.8
2025-06-19,1,PROD_SPRT_002,Sports & Outdoors,48,1,0,68.8
2025-06-19,1,PROD_SPRT_003,Sports & Outdoors,47,1,0,68.8
2025-06-19,1,PROD_SPRT_004,Sports & Outdoors,47,1,0,68.8
2025-06-20,1,PROD_ELEC_001,Electronics,29,0,0,66.75
2025-06-20,1,PROD_ELEC_002,Electronics,31,0,0,66.75
2025-06-20,1,PROD_ELEC_003,Electronics,42,0,0,66.75
2025-06-20,1,PROD_ELEC_004,Electronics,37,0,0,66.75
2025-06-20,1,PROD_ELEC_005,Electronics,53,1,0,66.75
2025-06-20,1,PROD_APP_001,Apparel,39,0,0,66.75
2025-06-20,1,PROD_APP_002,Apparel,41,0,0,66.75
2025-06-20,1,PROD_APP_003,Apparel,27,0,0,66.75
2025-06-20,1,PROD_APP_004,Apparel,45,1,0,66.75
2025-06-20,1,PROD_HOME_001,Home & Kitchen,31,0,0,66.75
2025-06-20,1,PROD_HOME_002,Home & Kitchen,32,0,0,66.75
2025-06-20,1,PROD_HOME_003,Home & Kitchen,33,0,0,66.75
2025-06-20,1,PROD_HOME_004,Home & Kitchen,32,0,0,66.75
2025-06-20,1,PROD_BEAU_001,Health & Beauty,35,0,0,66.75
2025-06-20,1,PROD_BEAU_002,Health & Beauty,34,0,0,66.75
2025-06-20,1,PROD_BEAU_003,Health & Beauty,31,0,0,66.75
2025-06-20,1,PROD_SPRT_001,Sports & Outdoors,25,0,0,66.75
2025-06-20,1,PROD_SPRT_002,Sports & Outdoors,30,0,0,66.75
2025-06-20,1,PROD_SPRT_003,Sports & Outdoors,47,1,0,66.75
2025-06-20,1,PROD_SPRT_004,Sports & Outdoors,33,0,0,66.75
2025-06-21,1,PROD_ELEC_001,Electronics,41,0,0,66.24
2025-06-21,1,PROD_ELEC_002,Electronics,38,0,0,66.24
2025-06-21,1,PROD_ELEC_003,Electronics,42,0,0,66.24
2025-06-21,1,PROD_ELEC_004,Electronics,38,0,0,66.24
2025-06-21,1,PROD_ELEC_005,Electronics,39,0,0,66.24
2025-06-21,1,PROD_APP_001,Apparel,37,0,0,66.24
2025-06-21,1,PROD_APP_002,Apparel,42,0,0,66.24
2025-06-21,1,PROD_APP_003,Apparel,39,0,0,66.24
2025-06-21,1,PROD_APP_004,Apparel,46,0,0,66.24
2025-06-21,1,PROD_HOME_001,Home & Kitchen,44,0,0,66.24
2025-06-21,1,PROD_HOME_002,Home & Kitchen,42,0,0,66.24
2025-06-21,1,PROD_HOME_003,Home & Kitchen,39,0,0,66.24
2025-06-21,1,PROD_HOME_004,Home & Kitchen,64,1,0,66.24
2025-06-21,1,PROD_BEAU_001,Health & Beauty,65,1,0,66.24
2025-06-21,1,PROD_BEAU_002,Health & Beauty,43,0,0,66.24
2025-06-21,1,PROD_BEAU_003,Health & Beauty,49,0,0,66.24
2025-06-21,1,PROD_SPRT_001,Sports & Outdoors,44,0,0,66.24
2025-06-21,1,PROD_SPRT_002,Sports & Outdoors,66,1,0,66.24
2025-06-21,1,PROD_SPRT_003,Sports & Outdoors,43,0,0,66.24
2025-06-21,1,PROD_SPRT_004,Sports & Outdoors,45,0,0,66.24
2025-06-22,1,PROD_ELEC_001,Electronics,41,0,0,66.86
2025-06-22,1,PROD_ELEC_002,Electronics,63,1,0,66.86
2025-06-22,1,PROD_ELEC_003,Electronics,44,0,0,66.86
2025-06-22,1,PROD_ELEC_004,Electronics,45,0,0,66.86
2025-06-22,1,PROD_ELEC_005,Electronics,47,0,0,66.86
2025-06-22,1,PROD_APP_001,Apparel,37,0,0,66.86
2025-06-22,1,PROD_APP_002,Apparel,39,0,0,66.86
2025-06-22,1,PROD_APP_003,Apparel,44,0,0,66.86
2025-06-22,1,PROD_APP_004,Apparel,40,0,0,66.86
2025-06-22,1,PROD_HOME_001,Home & Kitchen,56,0,0,66.86
2025-06-22,1,PROD_HOME_002,Home & Kitchen,45,0,0,66.86
2025-06-22,1,PROD_HOME_003,Home & Kitchen,42,0,0,66.86
2025-06-22,1,PROD_HOME_004,Home & Kitchen,41,0,0,66.86
2025-06-22,1,PROD_BEAU_001,Health & Beauty,41,0,0,66.86
2025-06-22,1,PROD_BEAU_002,Health & Beauty,43,0,0,66.86
2025-06-22,1,PROD_BEAU_003,Health & Beauty,62,1,0,66.86
2025-06-22,1,PROD_SPRT_001,Sports & Outdoors,41,0,0,66.86
2025-06-22,1,PROD_SPRT_002,Sports & Outdoors,61,1,0,66.86
2025-06-22,1,PROD_SPRT_003,Sports & Outdoors,48,0,0,66.86
2025-06-22,1,PROD_SPRT_004,Sports & Outdoors,68,1,0,66.86
2025-06-23,1,PROD_ELEC_001,Electronics,29,0,0,68.35
2025-06-23,1,PROD_ELEC_002,Electronics,36,0,0,68.35
2025-06-23,1,PROD_ELEC_003,Electronics,40,0,0,68.35
2025-06-23,1,PROD_ELEC_004,Electronics,55,1,0,68.35
2025-06-23,1,PROD_ELEC_005,Electronics,37,0,0,68.35
2025-06-23,1,PROD_APP_001,Apparel,40,0,0,68.35
2025-06-23,1,PROD_APP_002,Apparel,34,0,0,68.35
2025-06-23,1,PROD_APP_003,Apparel,37,0,0,68.35
2025-06-23,1,PROD_APP_004,Apparel,31,0,0,68.35
2025-06-23,1,PROD_HOME_001,Home & Kitchen,35,0,0,68.35
2025-06-23,1,PROD_HOME_002,Home & Kitchen,39,0,0,68.35
2025-06-23,1,PROD_HOME_003,Home & Kitchen,32,0,0,68.35
2025-06-23,1,PROD_HOME_004,Home & Kitchen,46,1,0,68.35
2025-06-23,1,PROD_BEAU_001,Health & Beauty,34,0,0,68.35
2025-06-23,1,PROD_BEAU_002,Health & Beauty,33,0,0,68.35
2025-06-23,1,PROD_BEAU_003,Health & Beauty,37,0,0,68.35
2025-06-23,1,PROD_SPRT_001,Sports & Outdoors,32,0,0,68.35
2025-06-23,1,PROD_SPRT_002,Sports & Outdoors,56,1,0,68.35
2025-06-23,1,PROD_SPRT_003,Sports & Outdoors,29,0,0,68.35
2025-06-23,1,PROD_SPRT_004,Sports & Outdoors,55,1,0,68.35
2025-06-24,1,PROD_ELEC_001,Electronics,27,0,0,67.37
2025-06-24,1,PROD_ELEC_002,Electronics,35,0,0,67.37
2025-06-24,1,PROD_ELEC_003,Electronics,33,0,0,67.37
2025-06-24,1,PROD_ELEC_004,Electronics,30,0,0,67.37
2025-06-24,1,PROD_ELEC_005,Electronics,27,0,0,67.37
2025-06-24,1,PROD_APP_001,Apparel,34,0,0,67.37
2025-06-24,1,PROD_APP_002,Apparel,38,0,0,67.37
2025-06-24,1,PROD_APP_003,Apparel,52,1,0,67.37
2025-06-24,1,PROD_APP_004,Apparel,50,1,0,67.37
2025-06-24,1,PROD_HOME_001,Home & Kitchen,36,0,0,67.37
2025-06-24,1,PROD_HOME_002,Home & Kitchen,34,0,0,67.37
2025-06-24,1,PROD_HOME_003,Home & Kitchen,28,0,0,67.37
2025-06-24,1,PROD_HOME_004,Home & Kitchen,44,1,0,67.37
2025-06-24,1,PROD_BEAU_001,Health & Beauty,33,0,0,67.37
2025-06-24,1,PROD_BEAU_002,Health & Beauty,33,0,0,67.37
2025-06-24,1,PROD_BEAU_003,Health & Beauty,37,0,0,67.37
2025-06-24,1,PROD_SPRT_001,Sports & Outdoors,37,0,0,67.37
2025-06-24,1,PROD_SPRT_002,Sports & Outdoors,36,0,0,67.37
2025-06-24,1,PROD_SPRT_003,Sports & Outdoors,33,0,0,67.37
2025-06-24,1,PROD_SPRT_004,Sports & Outdoors,44,1,0,67.37
2025-06-25,1,PROD_ELEC_001,Electronics,36,0,0,69.02
2025-06-25,1,PROD_ELEC_002,Electronics,24,0,0,69.02
2025-06-25,1,PROD_ELEC_003,Electronics,46,1,0,69.02
2025-06-25,1,PROD_ELEC_004,Electronics,31,0,0,69.02
2025-06-25,1,PROD_ELEC_005,Electronics,34,0,0,69.02
2025-06-25,1,PROD_APP_001,Apparel,31,0,0,69.02
2025-06-25,1,PROD_APP_002,Apparel,34,0,0,69.02
2025-06-25,1,PROD_APP_003,Apparel,33,0,0,69.02
2025-06-25,1,PROD_APP_004,Apparel,49,1,0,69.02
2025-06-25,1,PROD_HOME_001,Home & Kitchen,31,0,0,69.02
2025-06-25,1,PROD_HOME_002,Home & Kitchen,31,0,0,69.02
2025-06-25,1,PROD_HOME_003,Home & Kitchen,30,0,0,69.02
2025-06-25,1,PROD_HOME_004,Home & Kitchen,51,1,0,69.02
2025-06-25,1,PROD_BEAU_001,Health & Beauty,36,0,0,69.02
2025-06-25,1,PROD_BEAU_002,Health & Beauty,31,0,0,69.02
2025-06-25,1,PROD_BEAU_003,Health & Beauty,40,0,0,69.02
2025-06-25,1,PROD_SPRT_001,Sports & Outdoors,33,0,0,69.02
2025-06-25,1,PROD_SPRT_002,Sports & Outdoors,40,0,0,69.02
2025-06-25,1,PROD_SPRT_003,Sports & Outdoors,31,0,0,69.02
2025-06-25,1,PROD_SPRT_004,Sports & Outdoors,26,0,0,69.02
2025-06-26,1,PROD_ELEC_001,Electronics,35,0,0,69.25
2025-06-26,1,PROD_ELEC_002,Electronics,34,0,0,69.25
2025-06-26,1,PROD_ELEC_003,Electronics,31,0,0,69.25
2025-06-26,1,PROD_ELEC_004,Electronics,34,0,0,69.25
2025-06-26,1,PROD_ELEC_005,Electronics,32,0,0,69.25
2025-06-26,1,PROD_APP_001,Apparel,33,0,0,69.25
2025-06-26,1,PROD_APP_002,Apparel,37,0,0,69.25
2025-06-26,1,PROD_APP_003,Apparel,35,0,0,69.25
2025-06-26,1,PROD_APP_004,Apparel,36,0,0,69.25
2025-06-26,1,PROD_HOME_001,Home & Kitchen,33,0,0,69.25
2025-06-26,1,PROD_HOME_002,Home & Kitchen,33,0,0,69.25
2025-06-26,1,PROD_HOME_003,Home & Kitchen,29,0,0,69.25
2025-06-26,1,PROD_HOME_004,Home & Kitchen,33,0,0,69.25
2025-06-26,1,PROD_BEAU_001,Health & Beauty,21,0,0,69.25
2025-06-26,1,PROD_BEAU_002,Health & Beauty,32,0,0,69.25
2025-06-26,1,PROD_BEAU_003,Health & Beauty,34,0,0,69.25
2025-06-26,1,PROD_SPRT_001,Sports & Outdoors,36,0,0,69.25
2025-06-26,1,PROD_SPRT_002,Sports & Outdoors,33,0,0,69.25
2025-06-26,1,PROD_SPRT_003,Sports & Outdoors,35,0,0,69.25
2025-06-26,1,PROD_SPRT_004,Sports & Outdoors,25,0,0,69.25
2025-06-27,1,PROD_ELEC_001,Electronics,27,0,0,68.94
2025-06-27,1,PROD_ELEC_002,Electronics,45,1,0,68.94
2025-06-27,1,PROD_ELEC_003,Electronics,33,0,0,68.94
2025-06-27,1,PROD_ELEC_004,Electronics,39,0,0,68.94
2025-06-27,1,PROD_ELEC_005,Electronics,35,0,0,68.94
2025-06-27,1,PROD_APP_001,Apparel,34,0,0,68.94
2025-06-27,1,PROD_APP_002,Apparel,34,0,0,68.94
2025-06-27,1,PROD_APP_003,Apparel,31,0,0,68.94
2025-06-27,1,PROD_APP_004,Apparel,47,1,0,68.94
2025-06-27,1,PROD_HOME_001,Home & Kitchen,51,1,0,68.94
2025-06-27,1,PROD_HOME_002,Home & Kitchen,28,0,0,68.94
2025-06-27,1,PROD_HOME_003,Home & Kitchen,52,1,0,68.94
2025-06-27,1,PROD_HOME_004,Home & Kitchen,32,0,0,68.94
2025-06-27,1,PROD_BEAU_001,Health & Beauty,37,0,0,68.94
2025-06-27,1,PROD_BEAU_002,Health & Beauty,38,0,0,68.94
2025-06-27,1,PROD_BEAU_003,Health & Beauty,27,0,0,68.94
2025-06-27,1,PROD_SPRT_001,Sports & Outdoors,47,1,0,68.94
2025-06-27,1,PROD_SPRT_002,Sports & Outdoors,31,0,0,68.94
2025-06-27,1,PROD_SPRT_003,Sports & Outdoors,27,0,0,68.94
2025-06-27,1,PROD_SPRT_004,Sports & Outdoors,30,0,0,68.94
2025-06-28,1,PROD_ELEC_001,Electronics,45,0,0,72.19
2025-06-28,1,PROD_ELEC_002,Electronics,50,0,0,72.19
2025-06-28,1,PROD_ELEC_003,Electronics,65,1,0,72.19
2025-06-28,1,PROD_ELEC_004,Electronics,40,0,0,72.19
2025-06-28,1,PROD_ELEC_005,Electronics,41,0,0,72.19
2025-06-28,1,PROD_APP_001,Apparel,45,0,0,72.19
2025-06-28,1,PROD_APP_002,Apparel,44,0,0,72.19
2025-06-28,1,PROD_APP_003,Apparel,40,0,0,72.19
2025-06-28,1,PROD_APP_004,Apparel,37,0,0,72.19
2025-06-28,1,PROD_HOME_001,Home & Kitchen,56,0,0,72.19
2025-06-28,1,PROD_HOME_002,Home & Kitchen,42,0,0,72.19
2025-06-28,1,PROD_HOME_003,Home & Kitchen,61,1,0,72.19
2025-06-28,1,PROD_HOME_004,Home & Kitchen,62,1,0,72.19
2025-06-28,1,PROD_BEAU_001,Health & Beauty,42,0,0,72.19
2025-06-28,1,PROD_BEAU_002,Health & Beauty,43,0,0,72.19
2025-06-28,1,PROD_BEAU_003,Health & Beauty,48,0,0,72.19
2025-06-28,1,PROD_SPRT_001,Sports & Outdoors,42,0,0,72.19
2025-06-28,1,PROD_SPRT_002,Sports & Outdoors,38,0,0,72.19
2025-06-28,1,PROD_SPRT_003,Sports & Outdoors,42,0,0,72.19
2025-06-28,1,PROD_SPRT_004,Sports & Outdoors,41,0,0,72.19
2025-06-29,1,PROD_ELEC_001,Electronics,47,0,0,71.22
2025-06-29,1,PROD_ELEC_002,Electronics,43,0,0,71.22
2025-06-29,1,PROD_ELEC_003,Electronics,57,1,0,71.22
2025-06-29,1,PROD_ELEC_004,Electronics,38,0,0,71.22
2025-06-29,1,PROD_ELEC_005,Electronics,43,0,0,71.22
2025-06-29,1,PROD_APP_001,Apparel,44,0,0,71.22
2025-06-29,1,PROD_APP_002,Apparel,61,1,0,71.22
2025-06-29,1,PROD_APP_003,Apparel,41,0,0,71.22
2025-06-29,1,PROD_APP_004,Apparel,60,1,0,71.22
2025-06-29,1,PROD_HOME_001,Home & Kitchen,43,0,0,71.22
2025-06-29,1,PROD_HOME_002,Home & Kitchen,33,0,0,71.22
2025-06-29,1,PROD_HOME_003,Home & Kitchen,58,1,0,71.22
2025-06-29,1,PROD_HOME_004,Home & Kitchen,40,0,0,71.22
2025-06-29,1,PROD_BEAU_001,Health & Beauty,47,0,0,71.22
2025-06-29,1,PROD_BEAU_002,Health & Beauty,39,0,0,71.22
2025-06-29,1,PROD_BEAU_003,Health & Beauty,43,0,0,71.22
2025-06-29,1,PROD_SPRT_001,Sports & Outdoors,44,0,0,71.22
2025-06-29,1,PROD_SPRT_002,Sports & Outdoors,48,0,0,71.22
2025-06-29,1,PROD_SPRT_003,Sports & Outdoors,48,0,0,71.22
2025-06-29,1,PROD_SPRT_004,Sports & Outdoors,42,0,0,71.22
2025-06-30,1,PROD_ELEC_001,Electronics,47,1,0,69.19
2025-06-30,1,PROD_ELEC_002,Electronics,49,1,0,69.19
2025-06-30,1,PROD_ELEC_003,Electronics,32,0,0,69.19
2025-06-30,1,PROD_ELEC_004,Electronics,52,1,0,69.19
2025-06-30,1,PROD_ELEC_005,Electronics,36,0,0,69.19
2025-06-30,1,PROD_APP_001,Apparel,52,1,0,69.19
2025-06-30,1,PROD_APP_002,Apparel,39,0,0,69.19
2025-06-30,1,PROD_APP_003,Apparel,41,0,0,69.19
2025-06-30,1,PROD_APP_004,Apparel,50,1,0,69.19
2025-06-30,1,PROD_HOME_001,Home & Kitchen,54,1,0,69.19
2025-06-30,1,PROD_HOME_002,Home & Kitchen,33,0,0,69.19
2025-06-30,1,PROD_HOME_003,Home & Kitchen,39,0,0,69.19
2025-06-30,1,PROD_HOME_004,Home & Kitchen,38,0,0,69.19
2025-06-30,1,PROD_BEAU_001,Health & Beauty,38,0,0,69.19
2025-06-30,1,PROD_BEAU_002,Health & Beauty,34,0,0,69.19
2025-06-30,1,PROD_BEAU_003,Health & Beauty,31,0,0,69.19
2025-06-30,1,PROD_SPRT_001,Sports & Outdoors,28,0,0,69.19
2025-06-30,1,PROD_SPRT_002,Sports & Outdoors,49,1,0,69.19
2025-06-30,1,PROD_SPRT_003,Sports & Outdoors,40,0,0,69.19
2025-06-30,1,PROD_SPRT_004,Sports & Outdoors,33,0,0,69.19
2025-07-01,1,PROD_ELEC_001,Electronics,37,0,0,70.96
2025-07-01,1,PROD_ELEC_002,Electronics,48,1,0,70.96
2025-07-01,1,PROD_ELEC_003,Electronics,39,0,0,70.96
2025-07-01,1,PROD_ELEC_004,Electronics,22,0,0,70.96
2025-07-01,1,PROD_ELEC_005,Electronics,29,0,0,70.96
2025-07-01,1,PROD_APP_001,Apparel,30,0,0,70.96
2025-07-01,1,PROD_APP_002,Apparel,31,0,0,70.96
2025-07-01,1,PROD_APP_003,Apparel,51,1,0,70.96
2025-07-01,1,PROD_APP_004,Apparel,35,0,0,70.96
2025-07-01,1,PROD_HOME_001,Home & Kitchen,36,0,0,70.96
2025-07-01,1,PROD_HOME_002,Home & Kitchen,36,0,0,70.96
2025-07-01,1,PROD_HOME_003,Home & Kitchen,30,0,0,70.96
2025-07-01,1,PROD_HOME_004,Home & Kitchen,29,0,0,70.96
2025-07-01,1,PROD_BEAU_001,Health & Beauty,51,1,0,70.96
2025-07-01,1,PROD_BEAU_002,Health & Beauty,47,1,0,70.96
2025-07-01,1,PROD_BEAU_003,Health & Beauty,28,0,0,70.96
2025-07-01,1,PROD_SPRT_001,Sports & Outdoors,38,0,0,70.96
2025-07-01,1,PROD_SPRT_002,Sports & Outdoors,40,0,0,70.96
2025-07-01,1,PROD_SPRT_003,Sports & Outdoors,40,0,0,70.96
2025-07-01,1,PROD_SPRT_004,Sports & Outdoors,35,0,0,70.96
2025-07-02,1,PROD_ELEC_001,Electronics,55,1,0,71.03
2025-07-02,1,PROD_ELEC_002,Electronics,47,1,0,71.03
2025-07-02,1,PROD_ELEC_003,Electronics,38,0,0,71.03
2025-07-02,1,PROD_ELEC_004,Electronics,35,0,0,71.03
2025-07-02,1,PROD_ELEC_005,Electronics,38,0,0,71.03
2025-07-02,1,PROD_APP_001,Apparel,35,0,0,71.03
2025-07-02,1,PROD_APP_002,Apparel,55,1,0,71.03
2025-07-02,1,PROD_APP_003,Apparel,35,0,0,71.03
2025-07-02,1,PROD_APP_004,Apparel,44,1,0,71.03
2025-07-02,1,PROD_HOME_001,Home & Kitchen,40,0,0,71.03
2025-07-02,1,PROD_HOME_002,Home & Kitchen,46,1,0,71.03
2025-07-02,1,PROD_HOME_003,Home & Kitchen,39,0,0,71.03
2025-07-02,1,PROD_HOME_004,Home & Kitchen,34,0,0,71.03
2025-07-02,1,PROD_BEAU_001,Health & Beauty,39,0,0,71.03
2025-07-02,1,PROD_BEAU_002,Health & Beauty,39,0,0,71.03
2025-07-02,1,PROD_BEAU_003,Health & Beauty,36,0,0,71.03
2025-07-02,1,PROD_SPRT_001,Sports & Outdoors,36,0,0,71.03
2025-07-02,1,PROD_SPRT_002,Sports & Outdoors,36,0,0,71.03
2025-07-02,1,PROD_SPRT_003,Sports & Outdoors,41,1,0,71.03
2025-07-02,1,PROD_SPRT_004,Sports & Outdoors,34,0,0,71.03
2025-07-03,1,PROD_ELEC_001,Electronics,50,1,0,69.2
2025-07-03,1,PROD_ELEC_002,Electronics,29,0,0,69.2
2025-07-03,1,PROD_ELEC_003,Electronics,29,0,0,69.2
2025-07-03,1,PROD_ELEC_004,Electronics,56,1,0,69.2
2025-07-03,1,PROD_ELEC_005,Electronics,54,1,0,69.2
2025-07-03,1,PROD_APP_001,Apparel,34,0,0,69.2
2025-07-03,1,PROD_APP_002,Apparel,35,0,0,69.2
2025-07-03,1,PROD_APP_003,Apparel,33,0,0,69.2
2025-07-03,1,PROD_APP_004,Apparel,52,1,0,69.2
2025-07-03,1,PROD_HOME_001,Home & Kitchen,31,0,0,69.2
2025-07-03,1,PROD_HOME_002,Home & Kitchen,53,1,0,69.2
2025-07-03,1,PROD_HOME_003,Home & Kitchen,33,0,0,69.2
2025-07-03,1,PROD_HOME_004,Home & Kitchen,32,0,0,69.2
2025-07-03,1,PROD_BEAU_001,Health & Beauty,34,0,0,69.2
2025-07-03,1,PROD_BEAU_002,Health & Beauty,32,0,0,69.2
2025-07-03,1,PROD_BEAU_003,Health & Beauty,35,0,0,69.2
2025-07-03,1,PROD_SPRT_001,Sports & Outdoors,47,1,0,69.2
2025-07-03,1,PROD_SPRT_002,Sports & Outdoors,36,0,0,69.2
2025-07-03,1,PROD_SPRT_003,Sports & Outdoors,39,0,0,69.2
2025-07-03,1,PROD_SPRT_004,Sports & Outdoors,31,0,0,69.2
2025-07-04,1,PROD_ELEC_001,Electronics,57,0,1,70.65
2025-07-04,1,PROD_ELEC_002,Electronics,53,0,1,70.65
2025-07-04,1,PROD_ELEC_003,Electronics,81,1,1,70.65
2025-07-04,1,PROD_ELEC_004,Electronics,57,0,1,70.65
2025-07-04,1,PROD_ELEC_005,Electronics,59,0,1,70.65
2025-07-04,1,PROD_APP_001,Apparel,52,0,1,70.65
2025-07-04,1,PROD_APP_002,Apparel,51,0,1,70.65
2025-07-04,1,PROD_APP_003,Apparel,53,0,1,70.65
2025-07-04,1,PROD_APP_004,Apparel,51,0,1,70.65
2025-07-04,1,PROD_HOME_001,Home & Kitchen,57,0,1,70.65
2025-07-04,1,PROD_HOME_002,Home & Kitchen,75,1,1,70.65
2025-07-04,1,PROD_HOME_003,Home & Kitchen,64,0,1,70.65
2025-07-04,1,PROD_HOME_004,Home & Kitchen,60,0,1,70.65
2025-07-04,1,PROD_BEAU_001,Health & Beauty,55,0,1,70.65
2025-07-04,1,PROD_BEAU_002,Health & Beauty,58,0,1,70.65
2025-07-04,1,PROD_BEAU_003,Health & Beauty,73,1,1,70.65
2025-07-04,1,PROD_SPRT_001,Sports & Outdoors,65,0,1,70.65
2025-07-04,1,PROD_SPRT_002,Sports & Outdoors,52,0,1,70.65
2025-07-04,1,PROD_SPRT_003,Sports & Outdoors,54,0,1,70.65
2025-07-04,1,PROD_SPRT_004,Sports & Outdoors,47,0,1,70.65
2025-07-05,1,PROD_ELEC_001,Electronics,38,0,0,71.65
2025-07-05,1,PROD_ELEC_002,Electronics,43,0,0,71.65
2025-07-05,1,PROD_ELEC_003,Electronics,40,0,0,71.65
2025-07-05,1,PROD_ELEC_004,Electronics,38,0,0,71.65
2025-07-05,1,PROD_ELEC_005,Electronics,39,0,0,71.65
2025-07-05,1,PROD_APP_001,Apparel,44,0,0,71.65
2025-07-05,1,PROD_APP_002,Apparel,37,0,0,71.65
2025-07-05,1,PROD_APP_003,Apparel,59,1,0,71.65
2025-07-05,1,PROD_APP_004,Apparel,45,0,0,71.65
2025-07-05,1,PROD_HOME_001,Home & Kitchen,53,0,0,71.65
2025-07-05,1,PROD_HOME_002,Home & Kitchen,64,1,0,71.65
2025-07-05,1,PROD_HOME_003,Home & Kitchen,39,0,0,71.65
2025-07-05,1,PROD_HOME_004,Home & Kitchen,41,0,0,71.65
2025-07-05,1,PROD_BEAU_001,Health & Beauty,62,1,0,71.65
2025-07-05,1,PROD_BEAU_002,Health & Beauty,41,0,0,71.65
2025-07-05,1,PROD_BEAU_003,Health & Beauty,46,0,0,71.65
2025-07-05,1,PROD_SPRT_001,Sports & Outdoors,43,0,0,71.65
2025-07-05,1,PROD_SPRT_002,Sports & Outdoors,46,0,0,71.65
2025-07-05,1,PROD_SPRT_003,Sports & Outdoors,41,0,0,71.65
2025-07-05,1,PROD_SPRT_004,Sports & Outdoors,48,0,0,71.65
2025-07-06,1,PROD_ELEC_001,Electronics,58,1,0,71.14
2025-07-06,1,PROD_ELEC_002,Electronics,51,0,0,71.14
2025-07-06,1,PROD_ELEC_003,Electronics,35,0,0,71.14
2025-07-06,1,PROD_ELEC_004,Electronics,40,0,0,71.14
2025-07-06,1,PROD_ELEC_005,Electronics,40,0,0,71.14
2025-07-06,1,PROD_APP_001,Apparel,53,0,0,71.14
2025-07-06,1,PROD_APP_002,Apparel,69,1,0,71.14
2025-07-06,1,PROD_APP_003,Apparel,49,0,0,71.14
2025-07-06,1,PROD_APP_004,Apparel,41,0,0,71.14
2025-07-06,1,PROD_HOME_001,Home & Kitchen,52,0,0,71.14
2025-07-06,1,PROD_HOME_002,Home & Kitchen,44,0,0,71.14
2025-07-06,1,PROD_HOME_003,Home & Kitchen,47,0,0,71.14
2025-07-06,1,PROD_HOME_004,Home & Kitchen,43,0,0,71.14
2025-07-06,1,PROD_BEAU_001,Health & Beauty,62,1,0,71.14
2025-07-06,1,PROD_BEAU_002,Health & Beauty,42,0,0,71.14
2025-07-06,1,PROD_BEAU_003,Health & Beauty,42,0,0,71.14
2025-07-06,1,PROD_SPRT_001,Sports & Outdoors,64,1,0,71.14
2025-07-06,1,PROD_SPRT_002,Sports & Outdoors,44,0,0,71.14
2025-07-06,1,PROD_SPRT_003,Sports & Outdoors,42,0,0,71.14
2025-07-06,1,PROD_SPRT_004,Sports & Outdoors,49,0,0,71.14
2025-07-07,1,PROD_ELEC_001,Electronics,36,0,0,68.04
2025-07-07,1,PROD_ELEC_002,Electronics,37,0,0,68.04
2025-07-07,1,PROD_ELEC_003,Electronics,54,1,0,68.04
2025-07-07,1,PROD_ELEC_004,Electronics,34,0,0,68.04
2025-07-07,1,PROD_ELEC_005,Electronics,35,0,0,68.04
2025-07-07,1,PROD_APP_001,Apparel,38,0,0,68.04
2025-07-07,1,PROD_APP_002,Apparel,40,0,0,68.04
2025-07-07,1,PROD_APP_003,Apparel,33,0,0,68.04
2025-07-07,1,PROD_APP_004,Apparel,35,0,0,68.04
2025-07-07,1,PROD_HOME_001,Home & Kitchen,41,0,0,68.04
2025-07-07,1,PROD_HOME_002,Home & Kitchen,26,0,0,68.04
2025-07-07,1,PROD_HOME_003,Home & Kitchen,31,0,0,68.04
2025-07-07,1,PROD_HOME_004,Home & Kitchen,40,0,0,68.04
2025-07-07,1,PROD_BEAU_001,Health & Beauty,38,0,0,68.04
2025-07-07,1,PROD_BEAU_002,Health & Beauty,36,0,0,68.04
2025-07-07,1,PROD_BEAU_003,Health & Beauty,32,0,0,68.04
2025-07-07,1,PROD_SPRT_001,Sports & Outdoors,46,1,0,68.04
2025-07-07,1,PROD_SPRT_002,Sports & Outdoors,32,0,0,68.04
2025-07-07,1,PROD_SPRT_003,Sports & Outdoors,40,0,0,68.04
2025-07-07,1,PROD_SPRT_004,Sports & Outdoors,31,0,0,68.04
2025-07-08,1,PROD_ELEC_001,Electronics,31,0,0,71.99
2025-07-08,1,PROD_ELEC_002,Electronics,37,0,0,71.99
2025-07-08,1,PROD_ELEC_003,Electronics,32,0,0,71.99
2025-07-08,1,PROD_ELEC_004,Electronics,34,0,0,71.99
2025-07-08,1,PROD_ELEC_005,Electronics,27,0,0,71.99
2025-07-08,1,PROD_APP_001,Apparel,28,0,0,71.99
2025-07-08,1,PROD_APP_002,Apparel,34,0,0,71.99
2025-07-08,1,PROD_APP_003,Apparel,29,0,0,71.99
2025-07-08,1,PROD_APP_004,Apparel,42,0,0,71.99
2025-07-08,1,PROD_HOME_001,Home & Kitchen,26,0,0,71.99
2025-07-08,1,PROD_HOME_002,Home & Kitchen,31,0,0,71.99
2025-07-08,1,PROD_HOME_003,Home & Kitchen,34,0,0,71.99
2025-07-08,1,PROD_HOME_004,Home & Kitchen,33,0,0,71.99
2025-07-08,1,PROD_BEAU_001,Health & Beauty,30,0,0,71.99
2025-07-08,1,PROD_BEAU_002,Health & Beauty,46,1,0,71.99
2025-07-08,1,PROD_BEAU_003,Health & Beauty,30,0,0,71.99
2025-07-08,1,PROD_SPRT_001,Sports & Outdoors,48,1,0,71.99
2025-07-08,1,PROD_SPRT_002,Sports & Outdoors,42,0,0,71.99
2025-07-08,1,PROD_SPRT_003,Sports & Outdoors,50,1,0,71.99
2025-07-08,1,PROD_SPRT_004,Sports & Outdoors,39,0,0,71.99
2025-07-09,1,PROD_ELEC_001,Electronics,38,0,0,72.74
2025-07-09,1,PROD_ELEC_002,Electronics,23,0,0,72.74
2025-07-09,1,PROD_ELEC_003,Electronics,33,0,0,72.74
2025-07-09,1,PROD_ELEC_004,Electronics,39,0,0,72.74
2025-07-09,1,PROD_ELEC_005,Electronics,47,1,0,72.74
2025-07-09,1,PROD_APP_001,Apparel,41,0,0,72.74
2025-07-09,1,PROD_APP_002,Apparel,40,0,0,72.74
2025-07-09,1,PROD_APP_003,Apparel,32,0,0,72.74
2025-07-09,1,PROD_APP_004,Apparel,32,0,0,72.74
2025-07-09,1,PROD_HOME_001,Home & Kitchen,30,0,0,72.74
2025-07-09,1,PROD_HOME_002,Home & Kitchen,31,0,0,72.74
2025-07-09,1,PROD_HOME_003,Home & Kitchen,29,0,0,72.74
2025-07-09,1,PROD_HOME_004,Home & Kitchen,36,0,0,72.74
2025-07-09,1,PROD_BEAU_001,Health & Beauty,44,1,0,72.74
2025-07-09,1,PROD_BEAU_002,Health & Beauty,36,0,0,72.74
2025-07-09,1,PROD_BEAU_003,Health & Beauty,37,0,0,72.74
2025-07-09,1,PROD_SPRT_001,Sports & Outdoors,27,0,0,72.74
2025-07-09,1,PROD_SPRT_002,Sports & Outdoors,40,0,0,72.74
2025-07-09,1,PROD_SPRT_003,Sports & Outdoors,36,0,0,72.74
2025-07-09,1,PROD_SPRT_004,Sports & Outdoors,37,0,0,72.74
2025-07-10,1,PROD_ELEC_001,Electronics,36,0,0,71.49
2025-07-10,1,PROD_ELEC_002,Electronics,39,0,0,71.49
2025-07-10,1,PROD_ELEC_003,Electronics,34,0,0,71.49
2025-07-10,1,PROD_ELEC_004,Electronics,42,0,0,71.49
2025-07-10,1,PROD_ELEC_005,Electronics,34,0,0,71.49
2025-07-10,1,PROD_APP_001,Apparel,39,0,0,71.49
2025-07-10,1,PROD_APP_002,Apparel,51,1,0,71.49
2025-07-10,1,PROD_APP_003,Apparel,36,0,0,71.49
2025-07-10,1,PROD_APP_004,Apparel,27,0,0,71.49
2025-07-10,1,PROD_HOME_001,Home & Kitchen,35,0,0,71.49
2025-07-10,1,PROD_HOME_002,Home & Kitchen,31,0,0,71.49
2025-07-10,1,PROD_HOME_003,Home & Kitchen,31,0,0,71.49
2025-07-10,1,PROD_HOME_004,Home & Kitchen,41,0,0,71.49
2025-07-10,1,PROD_BEAU_001,Health & Beauty,33,0,0,71.49
2025-07-10,1,PROD_BEAU_002,Health & Beauty,46,1,0,71.49
2025-07-10,1,PROD_BEAU_003,Health & Beauty,33,0,0,71.49
2025-07-10,1,PROD_SPRT_001,Sports & Outdoors,29,0,0,71.49
2025-07-10,1,PROD_SPRT_002,Sports & Outdoors,40,0,0,71.49
2025-07-10,1,PROD_SPRT_003,Sports & Outdoors,31,0,0,71.49
2025-07-10,1,PROD_SPRT_004,Sports & Outdoors,36,0,0,71.49
2025-07-11,1,PROD_ELEC_001,Electronics,32,0,0,74.29
2025-07-11,1,PROD_ELEC_002,Electronics,36,0,0,74.29
2025-07-11,1,PROD_ELEC_003,Electronics,45,1,0,74.29
2025-07-11,1,PROD_ELEC_004,Electronics,44,0,0,74.29
2025-07-11,1,PROD_ELEC_005,Electronics,53,1,0,74.29
2025-07-11,1,PROD_APP_001,Apparel,33,0,0,74.29
2025-07-11,1,PROD_APP_002,Apparel,31,0,0,74.29
2025-07-11,1,PROD_APP_003,Apparel,34,0,0,74.29
2025-07-11,1,PROD_APP_004,Apparel,48,1,0,74.29
2025-07-11,1,PROD_HOME_001,Home & Kitchen,42,0,0,74.29
2025-07-11,1,PROD_HOME_002,Home & Kitchen,29,0,0,74.29
2025-07-11,1,PROD_HOME_003,Home & Kitchen,35,0,0,74.29
2025-07-11,1,PROD_HOME_004,Home & Kitchen,49,1,0,74.29
2025-07-11,1,PROD_BEAU_001,Health & Beauty,34,0,0,74.29
2025-07-11,1,PROD_BEAU_002,Health & Beauty,34,0,0,74.29
2025-07-11,1,PROD_BEAU_003,Health & Beauty,49,1,0,74.29
2025-07-11,1,PROD_SPRT_001,Sports & Outdoors,37,0,0,74.29
2025-07-11,1,PROD_SPRT_002,Sports & Outdoors,36,0,0,74.29
2025-07-11,1,PROD_SPRT_003,Sports & Outdoors,36,0,0,74.29
2025-07-11,1,PROD_SPRT_004,Sports & Outdoors,22,0,0,74.29
2025-07-12,1,PROD_ELEC_001,Electronics,36,0,0,73.29
2025-07-12,1,PROD_ELEC_002,Electronics,45,0,0,73.29
2025-07-12,1,PROD_ELEC_003,Electronics,49,0,0,73.29
2025-07-12,1,PROD_ELEC_004,Electronics,39,0,0,73.29
2025-07-12,1,PROD_ELEC_005,Electronics,42,0,0,73.29
2025-07-12,1,PROD_APP_001,Apparel,60,1,0,73.29
2025-07-12,1,PROD_APP_002,Apparel,67,1,0,73.29
2025-07-12,1,PROD_APP_003,Apparel,43,0,0,73.29
2025-07-12,1,PROD_APP_004,Apparel,50,0,0,73.29
2025-07-12,1,PROD_HOME_001,Home & Kitchen,44,0,0,73.29
2025-07-12,1,PROD_HOME_002,Home & Kitchen,44,0,0,73.29
2025-07-12,1,PROD_HOME_003,Home & Kitchen,43,0,0,73.29
2025-07-12,1,PROD_HOME_004,Home & Kitchen,46,0,0,73.29
2025-07-12,1,PROD_BEAU_001,Health & Beauty,36,0,0,73.29
2025-07-12,1,PROD_BEAU_002,Health & Beauty,43,0,0,73.29
2025-07-12,1,PROD_BEAU_003,Health & Beauty,42,0,0,73.29
2025-07-12,1,PROD_SPRT_001,Sports & Outdoors,46,0,0,73.29
2025-07-12,1,PROD_SPRT_002,Sports & Outdoors,42,0,0,73.29
2025-07-12,1,PROD_SPRT_003,Sports & Outdoors,38,0,0,73.29
2025-07-12,1,PROD_SPRT_004,Sports & Outdoors,43,0,0,73.29
2025-07-13,1,PROD_ELEC_001,Electronics,54,1,0,71.9
2025-07-13,1,PROD_ELEC_002,Electronics,46,0,0,71.9
2025-07-13,1,PROD_ELEC_003,Electronics,64,1,0,71.9
2025-07-13,1,PROD_ELEC_004,Electronics,44,0,0,71.9
2025-07-13,1,PROD_ELEC_005,Electronics,48,0,0,71.9
2025-07-13,1,PROD_APP_001,Apparel,40,0,0,71.9
2025-07-13,1,PROD_APP_002,Apparel,37,0,0,71.9
2025-07-13,1,PROD_APP_003,Apparel,42,0,0,71.9
2025-07-13,1,PROD_APP_004,Apparel,41,0,0,71.9
2025-07-13,1,PROD_HOME_001,Home & Kitchen,59,1,0,71.9
2025-07-13,1,PROD_HOME_002,Home & Kitchen,62,1,0,71.9
2025-07-13,1,PROD_HOME_003,Home & Kitchen,40,0,0,71.9
2025-07-13,1,PROD_HOME_004,Home & Kitchen,35,0,0,71.9
2025-07-13,1,PROD_BEAU_001,Health & Beauty,41,0,0,71.9
2025-07-13,1,PROD_BEAU_002,Health & Beauty,38,0,0,71.9
2025-07-13,1,PROD_BEAU_003,Health & Beauty,44,0,0,71.9
2025-07-13,1,PROD_SPRT_001,Sports & Outdoors,40,0,0,71.9
2025-07-13,1,PROD_SPRT_002,Sports & Outdoors,66,1,0,71.9
2025-07-13,1,PROD_SPRT_003,Sports & Outdoors,49,0,0,71.9
2025-07-13,1,PROD_SPRT_004,Sports & Outdoors,45,0,0,71.9
2025-07-14,1,PROD_ELEC_001,Electronics,40,0,0,71.6
2025-07-14,1,PROD_ELEC_002,Electronics,40,0,0,71.6
2025-07-14,1,PROD_ELEC_003,Electronics,34,0,0,71.6
2025-07-14,1,PROD_ELEC_004,Electronics,55,1,0,71.6
2025-07-14,1,PROD_ELEC_005,Electronics,32,0,0,71.6
2025-07-14,1,PROD_APP_001,Apparel,27,0,0,71.6
2025-07-14,1,PROD_APP_002,Apparel,31,0,0,71.6
2025-07-14,1,PROD_APP_003,Apparel,41,0,0,71.6
2025-07-14,1,PROD_APP_004,Apparel,28,0,0,71.6
2025-07-14,1,PROD_HOME_001,Home & Kitchen,34,0,0,71.6
2025-07-14,1,PROD_HOME_002,Home & Kitchen,50,1,0,71.6
2025-07-14,1,PROD_HOME_003,Home & Kitchen,47,1,0,71.6
2025-07-14,1,PROD_HOME_004,Home & Kitchen,32,0,0,71.6
2025-07-14,1,PROD_BEAU_001,Health & Beauty,50,1,0,71.6
2025-07-14,1,PROD_BEAU_002,Health & Beauty,32,0,0,71.6
2025-07-14,1,PROD_BEAU_003,Health & Beauty,28,0,0,71.6
2025-07-14,1,PROD_SPRT_001,Sports & Outdoors,35,0,0,71.6
2025-07-14,1,PROD_SPRT_002,Sports & Outdoors,38,0,0,71.6
2025-07-14,1,PROD_SPRT_003,Sports & Outdoors,37,0,0,71.6
2025-07-14,1,PROD_SPRT_004,Sports & Outdoors,46,1,0,71.6
2025-07-15,1,PROD_ELEC_001,Electronics,33,0,0,72.22
2025-07-15,1,PROD_ELEC_002,Electronics,56,1,0,72.22
2025-07-15,1,PROD_ELEC_003,Electronics,37,0,0,72.22
2025-07-15,1,PROD_ELEC_004,Electronics,37,0,0,72.22
2025-07-15,1,PROD_ELEC_005,Electronics,38,0,0,72.22
2025-07-15,1,PROD_APP_001,Apparel,36,0,0,72.22
2025-07-15,1,PROD_APP_002,Apparel,34,0,0,72.22
2025-07-15,1,PROD_APP_003,Apparel,52,1,0,72.22
2025-07-15,1,PROD_APP_004,Apparel,32,0,0,72.22
2025-07-15,1,PROD_HOME_001,Home & Kitchen,28,0,0,72.22
2025-07-15,1,PROD_HOME_002,Home & Kitchen,37,0,0,72.22
2025-07-15,1,PROD_HOME_003,Home & Kitchen,54,1,0,72.22
2025-07-15,1,PROD_HOME_004,Home & Kitchen,30,0,0,72.22
2025-07-15,1,PROD_BEAU_001,Health & Beauty,37,0,0,72.22
2025-07-15,1,PROD_BEAU_002,Health & Beauty,41,0,0,72.22
2025-07-15,1,PROD_BEAU_003,Health & Beauty,50,1,0,72.22
2025-07-15,1,PROD_SPRT_001,Sports & Outdoors,31,0,0,72.22
2025-07-15,1,PROD_SPRT_002,Sports & Outdoors,34,0,0,72.22
2025-07-15,1,PROD_SPRT_003,Sports & Outdoors,32,0,0,72.22
2025-07-15,1,PROD_SPRT_004,Sports & Outdoors,47,1,0,72.22
2025-07-16,1,PROD_ELEC_001,Electronics,28,0,0,74.5
2025-07-16,1,PROD_ELEC_002,Electronics,28,0,0,74.5
2025-07-16,1,PROD_ELEC_003,Electronics,34,0,0,74.5
2025-07-16,1,PROD_ELEC_004,Electronics,34,0,0,74.5
2025-07-16,1,PROD_ELEC_005,Electronics,35,0,0,74.5
2025-07-16,1,PROD_APP_001,Apparel,42,0,0,74.5
2025-07-16,1,PROD_APP_002,Apparel,50,1,0,74.5
2025-07-16,1,PROD_APP_003,Apparel,36,0,0,74.5
2025-07-16,1,PROD_APP_004,Apparel,30,0,0,74.5
2025-07-16,1,PROD_HOME_001,Home & Kitchen,37,0,0,74.5
2025-07-16,1,PROD_HOME_002,Home & Kitchen,32,0,0,74.5
2025-07-16,1,PROD_HOME_003,Home & Kitchen,34,0,0,74.5
2025-07-16,1,PROD_HOME_004,Home & Kitchen,34,0,0,74.5
2025-07-16,1,PROD_BEAU_001,Health & Beauty,38,0,0,74.5
2025-07-16,1,PROD_BEAU_002,Health & Beauty,29,0,0,74.5
2025-07-16,1,PROD_BEAU_003,Health & Beauty,25,0,0,74.5
2025-07-16,1,PROD_SPRT_001,Sports & Outdoors,33,0,0,74.5
2025-07-16,1,PROD_SPRT_002,Sports & Outdoors,36,0,0,74.5
2025-07-16,1,PROD_SPRT_003,Sports & Outdoors,35,0,0,74.5
2025-07-16,1,PROD_SPRT_004,Sports & Outdoors,39,0,0,74.5
2025-07-17,1,PROD_ELEC_001,Electronics,47,1,0,74.76
2025-07-17,1,PROD_ELEC_002,Electronics,25,0,0,74.76
2025-07-17,1,PROD_ELEC_003,Electronics,33,0,0,74.76
2025-07-17,1,PROD_ELEC_004,Electronics,38,0,0,74.76
2025-07-17,1,PROD_ELEC_005,Electronics,32,0,0,74.76
2025-07-17,1,PROD_APP_001,Apparel,50,1,0,74.76
2025-07-17,1,PROD_APP_002,Apparel,36,0,0,74.76
2025-07-17,1,PROD_APP_003,Apparel,30,0,0,74.76
2025-07-17,1,PROD_APP_004,Apparel,36,0,0,74.76
2025-07-17,1,PROD_HOME_001,Home & Kitchen,56,1,0,74.76
2025-07-17,1,PROD_HOME_002,Home & Kitchen,49,1,0,74.76
2025-07-17,1,PROD_HOME_003,Home & Kitchen,29,0,0,74.76
2025-07-17,1,PROD_HOME_004,Home & Kitchen,49,1,0,74.76
2025-07-17,1,PROD_BEAU_001,Health & Beauty,25,0,0,74.76
2025-07-17,1,PROD_BEAU_002,Health & Beauty,35,0,0,74.76
2025-07-17,1,PROD_BEAU_003,Health & Beauty,36,0,0,74.76
2025-07-17,1,PROD_SPRT_001,Sports & Outdoors,41,0,0,74.76
2025-07-17,1,PROD_SPRT_002,Sports & Outdoors,33,0,0,74.76
2025-07-17,1,PROD_SPRT_003,Sports & Outdoors,36,0,0,74.76
2025-07-17,1,PROD_SPRT_004,Sports & Outdoors,31,0,0,74.76
2025-07-18,1,PROD_ELEC_001,Electronics,43,1,0,74.06
2025-07-18,1,PROD_ELEC_002,Electronics,33,0,0,74.06
2025-07-18,1,PROD_ELEC_003,Electronics,33,0,0,74.06
2025-07-18,1,PROD_ELEC_004,Electronics,35,0,0,74.06
2025-07-18,1,PROD_ELEC_005,Electronics,32,0,0,74.06
2025-07-18,1,PROD_APP_001,Apparel,34,0,0,74.06
2025-07-18,1,PROD_APP_002,Apparel,33,0,0,74.06
2025-07-18,1,PROD_APP_003,Apparel,48,1,0,74.06
2025-07-18,1,PROD_APP_004,Apparel,34,0,0,74.06
2025-07-18,1,PROD_HOME_001,Home & Kitchen,34,0,0,74.06
2025-07-18,1,PROD_HOME_002,Home & Kitchen,37,0,0,74.06
2025-07-18,1,PROD_HOME_003,Home & Kitchen,34,0,0,74.06
2025-07-18,1,PROD_HOME_004,Home & Kitchen,48,1,0,74.06
2025-07-18,1,PROD_BEAU_001,Health & Beauty,49,1,0,74.06
2025-07-18,1,PROD_BEAU_002,Health & Beauty,31,0,0,74.06
2025-07-18,1,PROD_BEAU_003,Health & Beauty,33,0,0,74.06
2025-07-18,1,PROD_SPRT_001,Sports & Outdoors,42,0,0,74.06
2025-07-18,1,PROD_SPRT_002,Sports & Outdoors,30,0,0,74.06
2025-07-18,1,PROD_SPRT_003,Sports & Outdoors,33,0,0,74.06
2025-07-18,1,PROD_SPRT_004,Sports & Outdoors,32,0,0,74.06
2025-07-19,1,PROD_ELEC_001,Electronics,41,0,0,74.45
2025-07-19,1,PROD_ELEC_002,Electronics,44,0,0,74.45
2025-07-19,1,PROD_ELEC_003,Electronics,36,0,0,74.45
2025-07-19,1,PROD_ELEC_004,Electronics,47,0,0,74.45
2025-07-19,1,PROD_ELEC_005,Electronics,45,0,0,74.45
2025-07-19,1,PROD_APP_001,Apparel,38,0,0,74.45
2025-07-19,1,PROD_APP_002,Apparel,34,0,0,74.45
2025-07-19,1,PROD_APP_003,Apparel,39,0,0,74.45
2025-07-19,1,PROD_APP_004,Apparel,42,0,0,74.45
2025-07-19,1,PROD_HOME_001,Home & Kitchen,53,0,0,74.45
2025-07-19,1,PROD_HOME_002,Home & Kitchen,45,0,0,74.45
2025-07-19,1,PROD_HOME_003,Home & Kitchen,35,0,0,74.45
2025-07-19,1,PROD_HOME_004,Home & Kitchen,40,0,0,74.45
2025-07-19,1,PROD_BEAU_001,Health & Beauty,42,0,0,74.45
2025-07-19,1,PROD_BEAU_002,Health & Beauty,44,0,0,74.45
2025-07-19,1,PROD_BEAU_003,Health & Beauty,37,0,0,74.45
2025-07-19,1,PROD_SPRT_001,Sports & Outdoors,42,0,0,74.45
2025-07-19,1,PROD_SPRT_002,Sports & Outdoors,40,0,0,74.45
2025-07-19,1,PROD_SPRT_003,Sports & Outdoors,38,0,0,74.45
2025-07-19,1,PROD_SPRT_004,Sports & Outdoors,44,0,0,74.45
2025-07-20,1,PROD_ELEC_001,Electronics,65,1,0,75.92
2025-07-20,1,PROD_ELEC_002,Electronics,45,0,0,75.92
2025-07-20,1,PROD_ELEC_003,Electronics,41,0,0,75.92
2025-07-20,1,PROD_ELEC_004,Electronics,45,0,0,75.92
2025-07-20,1,PROD_ELEC_005,Electronics,44,0,0,75.92
2025-07-20,1,PROD_APP_001,Apparel,43,0,0,75.92
2025-07-20,1,PROD_APP_002,Apparel,40,0,0,75.92
2025-07-20,1,PROD_APP_003,Apparel,41,0,0,75.92
2025-07-20,1,PROD_APP_004,Apparel,43,0,0,75.92
2025-07-20,1,PROD_HOME_001,Home & Kitchen,52,0,0,75.92
2025-07-20,1,PROD_HOME_002,Home & Kitchen,44,0,0,75.92
2025-07-20,1,PROD_HOME_003,Home & Kitchen,60,1,0,75.92
2025-07-20,1,PROD_HOME_004,Home & Kitchen,39,0,0,75.92
2025-07-20,1,PROD_BEAU_001,Health & Beauty,41,0,0,75.92
2025-07-20,1,PROD_BEAU_002,Health & Beauty,51,0,0,75.92
2025-07-20,1,PROD_BEAU_003,Health & Beauty,41,0,0,75.92
2025-07-20,1,PROD_SPRT_001,Sports & Outdoors,46,0,0,75.92
2025-07-20,1,PROD_SPRT_002,Sports & Outdoors,41,0,0,75.92
2025-07-20,1,PROD_SPRT_003,Sports & Outdoors,44,0,0,75.92
2025-07-20,1,PROD_SPRT_004,Sports & Outdoors,65,1,0,75.92
2025-07-21,1,PROD_ELEC_001,Electronics,31,0,0,74.55
2025-07-21,1,PROD_ELEC_002,Electronics,41,0,0,74.55
2025-07-21,1,PROD_ELEC_003,Electronics,38,0,0,74.55
2025-07-21,1,PROD_ELEC_004,Electronics,37,0,0,74.55
2025-07-21,1,PROD_ELEC_005,Electronics,53,1,0,74.55
2025-07-21,1,PROD_APP_001,Apparel,36,0,0,74.55
2025-07-21,1,PROD_APP_002,Apparel,42,0,0,74.55
2025-07-21,1,PROD_APP_003,Apparel,34,0,0,74.55
2025-07-21,1,PROD_APP_004,Apparel,36,0,0,74.55
2025-07-21,1,PROD_HOME_001,Home & Kitchen,28,0,0,74.55
2025-07-21,1,PROD_HOME_002,Home & Kitchen,31,0,0,74.55
2025-07-21,1,PROD_HOME_003,Home & Kitchen,29,0,0,74.55
2025-07-21,1,PROD_HOME_004,Home & Kitchen,55,1,0,74.55
2025-07-21,1,PROD_BEAU_001,Health & Beauty,24,0,0,74.55
2025-07-21,1,PROD_BEAU_002,Health & Beauty,32,0,0,74.55
2025-07-21,1,PROD_BEAU_003,Health & Beauty,22,0,0,74.55
2025-07-21,1,PROD_SPRT_001,Sports & Outdoors,31,0,0,74.55
2025-07-21,1,PROD_SPRT_002,Sports & Outdoors,48,1,0,74.55
2025-07-21,1,PROD_SPRT_003,Sports & Outdoors,40,0,0,74.55
2025-07-21,1,PROD_SPRT_004,Sports & Outdoors,36,0,0,74.55
2025-07-22,1,PROD_ELEC_001,Electronics,38,0,0,74.48
2025-07-22,1,PROD_ELEC_002,Electronics,34,0,0,74.48
2025-07-22,1,PROD_ELEC_003,Electronics,50,1,0,74.48
2025-07-22,1,PROD_ELEC_004,Electronics,29,0,0,74.48
2025-07-22,1,PROD_ELEC_005,Electronics,30,0,0,74.48
2025-07-22,1,PROD_APP_001,Apparel,31,0,0,74.48
2025-07-22,1,PROD_APP_002,Apparel,50,1,0,74.48
2025-07-22,1,PROD_APP_003,Apparel,34,0,0,74.48
2025-07-22,1,PROD_APP_004,Apparel,56,1,0,74.48
2025-07-22,1,PROD_HOME_001,Home & Kitchen,36,0,0,74.48
2025-07-22,1,PROD_HOME_002,Home & Kitchen,23,0,0,74.48
2025-07-22,1,PROD_HOME_003,Home & Kitchen,35,0,0,74.48
2025-07-22,1,PROD_HOME_004,Home & Kitchen,28,0,0,74.48
2025-07-22,1,PROD_BEAU_001,Health & Beauty,30,0,0,74.48
2025-07-22,1,PROD_BEAU_002,Health & Beauty,31,0,0,74.48
2025-07-22,1,PROD_BEAU_003,Health & Beauty,31,0,0,74.48
2025-07-22,1,PROD_SPRT_001,Sports & Outdoors,28,0,0,74.48
2025-07-22,1,PROD_SPRT_002,Sports & Outdoors,35,0,0,74.48
2025-07-22,1,PROD_SPRT_003,Sports & Outdoors,28,0,0,74.48
2025-07-22,1,PROD_SPRT_004,Sports & Outdoors,35,0,0,74.48
2025-07-23,1,PROD_ELEC_001,Electronics,44,1,0,78.4
2025-07-23,1,PROD_ELEC_002,Electronics,48,1,0,78.4
2025-07-23,1,PROD_ELEC_003,Electronics,24,0,0,78.4
2025-07-23,1,PROD_ELEC_004,Electronics,48,1,0,78.4
2025-07-23,1,PROD_ELEC_005,Electronics,37,0,0,78.4
2025-07-23,1,PROD_APP_001,Apparel,37,0,0,78.4
2025-07-23,1,PROD_APP_002,Apparel,34,0,0,78.4
2025-07-23,1,PROD_APP_003,Apparel,38,0,0,78.4
2025-07-23,1,PROD_APP_004,Apparel,44,0,0,78.4
2025-07-23,1,PROD_HOME_001,Home & Kitchen,56,1,0,78.4
2025-07-23,1,PROD_HOME_002,Home & Kitchen,32,0,0,78.4
2025-07-23,1,PROD_HOME_003,Home & Kitchen,28,0,0,78.4
2025-07-23,1,PROD_HOME_004,Home & Kitchen,32,0,0,78.4
2025-07-23,1,PROD_BEAU_001,Health & Beauty,46,1,0,78.4
2025-07-23,1,PROD_BEAU_002,Health & Beauty,36,0,0,78.4
2025-07-23,1,PROD_BEAU_003,Health & Beauty,29,0,0,78.4
2025-07-23,1,PROD_SPRT_001,Sports & Outdoors,34,0,0,78.4
2025-07-23,1,PROD_SPRT_002,Sports & Outdoors,53,1,0,78.4
2025-07-23,1,PROD_SPRT_003,Sports & Outdoors,34,0,0,78.4
2025-07-23,1,PROD_SPRT_004,Sports & Outdoors,30,0,0,78.4
2025-07-24,1,PROD_ELEC_001,Electronics,42,1,0,77.36
2025-07-24,1,PROD_ELEC_002,Electronics,48,1,0,77.36
2025-07-24,1,PROD_ELEC_003,Electronics,34,0,0,77.36
2025-07-24,1,PROD_ELEC_004,Electronics,50,1,0,77.36
2025-07-24,1,PROD_ELEC_005,Electronics,35,0,0,77.36
2025-07-24,1,PROD_APP_001,Apparel,36,0,0,77.36
2025-07-24,1,PROD_APP_002,Apparel,34,0,0,77.36
2025-07-24,1,PROD_APP_003,Apparel,33,0,0,77.36
2025-07-24,1,PROD_APP_004,Apparel,32,0,0,77.36
2025-07-24,1,PROD_HOME_001,Home & Kitchen,32,0,0,77.36
2025-07-24,1,PROD_HOME_002,Home & Kitchen,37,0,0,77.36
2025-07-24,1,PROD_HOME_003,Home & Kitchen,31,0,0,77.36
2025-07-24,1,PROD_HOME_004,Home & Kitchen,37,0,0,77.36
2025-07-24,1,PROD_BEAU_001,Health & Beauty,34,0,0,77.36
2025-07-24,1,PROD_BEAU_002,Health & Beauty,32,0,0,77.36
2025-07-24,1,PROD_BEAU_003,Health & Beauty,36,0,0,77.36
2025-07-24,1,PROD_SPRT_001,Sports & Outdoors,31,0,0,77.36
2025-07-24,1,PROD_SPRT_002,Sports & Outdoors,52,1,0,77.36
2025-07-24,1,PROD_SPRT_003,Sports & Outdoors,35,0,0,77.36
2025-07-24,1,PROD_SPRT_004,Sports & Outdoors,32,0,0,77.36
2025-07-25,1,PROD_ELEC_001,Electronics,36,0,0,76.82
2025-07-25,1,PROD_ELEC_002,Electronics,39,0,0,76.82
2025-07-25,1,PROD_ELEC_003,Electronics,38,0,0,76.82
2025-07-25,1,PROD_ELEC_004,Electronics,36,0,0,76.82
2025-07-25,1,PROD_ELEC_005,Electronics,29,0,0,76.82
2025-07-25,1,PROD_APP_001,Apparel,44,0,0,76.82
2025-07-25,1,PROD_APP_002,Apparel,28,0,0,76.82
2025-07-25,1,PROD_APP_003,Apparel,38,0,0,76.82
2025-07-25,1,PROD_APP_004,Apparel,36,0,0,76.82
2025-07-25,1,PROD_HOME_001,Home & Kitchen,29,0,0,76.82
2025-07-25,1,PROD_HOME_002,Home & Kitchen,34,0,0,76.82
2025-07-25,1,PROD_HOME_003,Home & Kitchen,34,0,0,76.82
2025-07-25,1,PROD_HOME_004,Home & Kitchen,39,0,0,76.82
2025-07-25,1,PROD_BEAU_001,Health & Beauty,31,0,0,76.82
2025-07-25,1,PROD_BEAU_002,Health & Beauty,33,0,0,76.82
2025-07-25,1,PROD_BEAU_003,Health & Beauty,25,0,0,76.82
2025-07-25,1,PROD_SPRT_001,Sports & Outdoors,56,1,0,76.82
2025-07-25,1,PROD_SPRT_002,Sports & Outdoors,30,0,0,76.82
2025-07-25,1,PROD_SPRT_003,Sports & Outdoors,35,0,0,76.82
2025-07-25,1,PROD_SPRT_004,Sports & Outdoors,34,0,0,76.82
2025-07-26,1,PROD_ELEC_001,Electronics,65,1,0,76.29
2025-07-26,1,PROD_ELEC_002,Electronics,49,0,0,76.29
2025-07-26,1,PROD_ELEC_003,Electronics,44,0,0,76.29
2025-07-26,1,PROD_ELEC_004,Electronics,65,1,0,76.29
2025-07-26,1,PROD_ELEC_005,Electronics,63,1,0,76.29
2025-07-26,1,PROD_APP_001,Apparel,47,0,0,76.29
2025-07-26,1,PROD_APP_002,Apparel,41,0,0,76.29
2025-07-26,1,PROD_APP_003,Apparel,47,0,0,76.29
2025-07-26,1,PROD_APP_004,Apparel,47,0,0,76.29
2025-07-26,1,PROD_HOME_001,Home & Kitchen,47,0,0,76.29
2025-07-26,1,PROD_HOME_002,Home & Kitchen,40,0,0,76.29
2025-07-26,1,PROD_HOME_003,Home & Kitchen,42,0,0,76.29
2025-07-26,1,PROD_HOME_004,Home & Kitchen,44,0,0,76.29
2025-07-26,1,PROD_BEAU_001,Health & Beauty,37,0,0,76.29
2025-07-26,1,PROD_BEAU_002,Health & Beauty,49,0,0,76.29
2025-07-26,1,PROD_BEAU_003,Health & Beauty,43,0,0,76.29
2025-07-26,1,PROD_SPRT_001,Sports & Outdoors,44,0,0,76.29
2025-07-26,1,PROD_SPRT_002,Sports & Outdoors,40,0,0,76.29
2025-07-26,1,PROD_SPRT_003,Sports & Outdoors,37,0,0,76.29
2025-07-26,1,PROD_SPRT_004,Sports & Outdoors,40,0,0,76.29
2025-07-27,1,PROD_ELEC_001,Electronics,45,0,0,76.89
2025-07-27,1,PROD_ELEC_002,Electronics,43,0,0,76.89
2025-07-27,1,PROD_ELEC_003,Electronics,44,0,0,76.89
2025-07-27,1,PROD_ELEC_004,Electronics,41,0,0,76.89
2025-07-27,1,PROD_ELEC_005,Electronics,45,0,0,76.89
2025-07-27,1,PROD_APP_001,Apparel,49,0,0,76.89
2025-07-27,1,PROD_APP_002,Apparel,65,1,0,76.89
2025-07-27,1,PROD_APP_003,Apparel,46,0,0,76.89
2025-07-27,1,PROD_APP_004,Apparel,44,0,0,76.89
2025-07-27,1,PROD_HOME_001,Home & Kitchen,37,0,0,76.89
2025-07-27,1,PROD_HOME_002,Home & Kitchen,38,0,0,76.89
2025-07-27,1,PROD_HOME_003,Home & Kitchen,44,0,0,76.89
2025-07-27,1,PROD_HOME_004,Home & Kitchen,43,0,0,76.89
2025-07-27,1,PROD_BEAU_001,Health & Beauty,44,0,0,76.89
2025-07-27,1,PROD_BEAU_002,Health & Beauty,69,1,0,76.89
2025-07-27,1,PROD_BEAU_003,Health & Beauty,46,0,0,76.89
2025-07-27,1,PROD_SPRT_001,Sports & Outdoors,67,1,0,76.89
2025-07-27,1,PROD_SPRT_002,Sports & Outdoors,62,1,0,76.89
2025-07-27,1,PROD_SPRT_003,Sports & Outdoors,39,0,0,76.89
2025-07-27,1,PROD_SPRT_004,Sports & Outdoors,42,0,0,76.89
2025-07-28,1,PROD_ELEC_001,Electronics,40,0,0,75.88
2025-07-28,1,PROD_ELEC_002,Electronics,37,0,0,75.88
2025-07-28,1,PROD_ELEC_003,Electronics,36,0,0,75.88
2025-07-28,1,PROD_ELEC_004,Electronics,54,1,0,75.88
2025-07-28,1,PROD_ELEC_005,Electronics,26,0,0,75.88
2025-07-28,1,PROD_APP_001,Apparel,36,0,0,75.88
2025-07-28,1,PROD_APP_002,Apparel,29,0,0,75.88
2025-07-28,1,PROD_APP_003,Apparel,34,0,0,75.88
2025-07-28,1,PROD_APP_004,Apparel,48,1,0,75.88
2025-07-28,1,PROD_HOME_001,Home & Kitchen,52,1,0,75.88
2025-07-28,1,PROD_HOME_002,Home & Kitchen,50,1,0,75.88
2025-07-28,1,PROD_HOME_003,Home & Kitchen,39,0,0,75.88
2025-07-28,1,PROD_HOME_004,Home & Kitchen,32,0,0,75.88
2025-07-28,1,PROD_BEAU_001,Health & Beauty,37,0,0,75.88
2025-07-28,1,PROD_BEAU_002,Health & Beauty,35,0,0,75.88
2025-07-28,1,PROD_BEAU_003,Health & Beauty,27,0,0,75.88
2025-07-28,1,PROD_SPRT_001,Sports & Outdoors,30,0,0,75.88
2025-07-28,1,PROD_SPRT_002,Sports & Outdoors,33,0,0,75.88
2025-07-28,1,PROD_SPRT_003,Sports & Outdoors,38,0,0,75.88
2025-07-28,1,PROD_SPRT_004,Sports & Outdoors,36,0,0,75.88
2025-07-29,1,PROD_ELEC_001,Electronics,33,0,0,75.65
2025-07-29,1,PROD_ELEC_002,Electronics,42,0,0,75.65
2025-07-29,1,PROD_ELEC_003,Electronics,34,0,0,75.65
2025-07-29,1,PROD_ELEC_004,Electronics,33,0,0,75.65
2025-07-29,1,PROD_ELEC_005,Electronics,51,1,0,75.65
2025-07-29,1,PROD_APP_001,Apparel,53,1,0,75.65
2025-07-29,1,PROD_APP_002,Apparel,32,0,0,75.65
2025-07-29,1,PROD_APP_003,Apparel,36,0,0,75.65
2025-07-29,1,PROD_APP_004,Apparel,48,1,0,75.65
2025-07-29,1,PROD_HOME_001,Home & Kitchen,37,0,0,75.65
2025-07-29,1,PROD_HOME_002,Home & Kitchen,35,0,0,75.65
2025-07-29,1,PROD_HOME_003,Home & Kitchen,36,0,0,75.65
2025-07-29,1,PROD_HOME_004,Home & Kitchen,46,1,0,75.65
2025-07-29,1,PROD_BEAU_001,Health & Beauty,31,0,0,75.65
2025-07-29,1,PROD_BEAU_002,Health & Beauty,38,0,0,75.65
2025-07-29,1,PROD_BEAU_003,Health & Beauty,34,0,0,75.65
2025-07-29,1,PROD_SPRT_001,Sports & Outdoors,35,0,0,75.65
2025-07-29,1,PROD_SPRT_002,Sports & Outdoors,33,0,0,75.65
2025-07-29,1,PROD_SPRT_003,Sports & Outdoors,38,0,0,75.65
2025-07-29,1,PROD_SPRT_004,Sports & Outdoors,32,0,0,75.65
2025-07-30,1,PROD_ELEC_001,Electronics,37,0,0,77.09
2025-07-30,1,PROD_ELEC_002,Electronics,39,0,0,77.09
2025-07-30,1,PROD_ELEC_003,Electronics,32,0,0,77.09
2025-07-30,1,PROD_ELEC_004,Electronics,42,0,0,77.09
2025-07-30,1,PROD_ELEC_005,Electronics,35,0,0,77.09
2025-07-30,1,PROD_APP_001,Apparel,30,0,0,77.09
2025-07-30,1,PROD_APP_002,Apparel,35,0,0,77.09
2025-07-30,1,PROD_APP_003,Apparel,32,0,0,77.09
2025-07-30,1,PROD_APP_004,Apparel,36,0,0,77.09
2025-07-30,1,PROD_HOME_001,Home & Kitchen,34,0,0,77.09
2025-07-30,1,PROD_HOME_002,Home & Kitchen,34,0,0,77.09
2025-07-30,1,PROD_HOME_003,Home & Kitchen,46,1,0,77.09
2025-07-30,1,PROD_HOME_004,Home & Kitchen,38,0,0,77.09
2025-07-30,1,PROD_BEAU_001,Health & Beauty,29,0,0,77.09
2025-07-30,1,PROD_BEAU_002,Health & Beauty,45,1,0,77.09
2025-07-30,1,PROD_BEAU_003,Health & Beauty,51,1,0,77.09
2025-07-30,1,PROD_SPRT_001,Sports & Outdoors,56,1,0,77.09
2025-07-30,1,PROD_SPRT_002,Sports & Outdoors,33,0,0,77.09
2025-07-30,1,PROD_SPRT_003,Sports & Outdoors,37,0,0,77.09
2025-07-30,1,PROD_SPRT_004,Sports & Outdoors,38,0,0,77.09
2025-07-31,1,PROD_ELEC_001,Electronics,33,0,0,78.43
2025-07-31,1,PROD_ELEC_002,Electronics,45,1,0,78.43
2025-07-31,1,PROD_ELEC_003,Electronics,25,0,0,78.43
2025-07-31,1,PROD_ELEC_004,Electronics,33,0,0,78.43
2025-07-31,1,PROD_ELEC_005,Electronics,39,0,0,78.43
2025-07-31,1,PROD_APP_001,Apparel,30,0,0,78.43
2025-07-31,1,PROD_APP_002,Apparel,37,0,0,78.43
2025-07-31,1,PROD_APP_003,Apparel,30,0,0,78.43
2025-07-31,1,PROD_APP_004,Apparel,50,1,0,78.43
2025-07-31,1,PROD_HOME_001,Home & Kitchen,37,0,0,78.43
2025-07-31,1,PROD_HOME_002,Home & Kitchen,31,0,0,78.43
2025-07-31,1,PROD_HOME_003,Home & Kitchen,35,0,0,78.43
2025-07-31,1,PROD_HOME_004,Home & Kitchen,32,0,0,78.43
2025-07-31,1,PROD_BEAU_001,Health & Beauty,37,0,0,78.43
2025-07-31,1,PROD_BEAU_002,Health & Beauty,35,0,0,78.43
2025-07-31,1,PROD_BEAU_003,Health & Beauty,34,0,0,78.43
2025-07-31,1,PROD_SPRT_001,Sports & Outdoors,40,0,0,78.43
2025-07-31,1,PROD_SPRT_002,Sports & Outdoors,37,0,0,78.43
2025-07-31,1,PROD_SPRT_003,Sports & Outdoors,31,0,0,78.43
2025-07-31,1,PROD_SPRT_004,Sports & Outdoors,34,0,0,78.43
2025-08-01,1,PROD_ELEC_001,Electronics,30,0,0,77.55
2025-08-01,1,PROD_ELEC_002,Electronics,40,0,0,77.55
2025-08-01,1,PROD_ELEC_003,Electronics,31,0,0,77.55
2025-08-01,1,PROD_ELEC_004,Electronics,21,0,0,77.55
2025-08-01,1,PROD_ELEC_005,Electronics,27,0,0,77.55
2025-08-01,1,PROD_APP_001,Apparel,35,1,0,77.55
2025-08-01,1,PROD_APP_002,Apparel,28,0,0,77.55
2025-08-01,1,PROD_APP_003,Apparel,22,0,0,77.55
2025-08-01,1,PROD_APP_004,Apparel,40,1,0,77.55
2025-08-01,1,PROD_HOME_001,Home & Kitchen,23,0,0,77.55
2025-08-01,1,PROD_HOME_002,Home & Kitchen,31,0,0,77.55
2025-08-01,1,PROD_HOME_003,Home & Kitchen,30,0,0,77.55
2025-08-01,1,PROD_HOME_004,Home & Kitchen,31,0,0,77.55
2025-08-01,1,PROD_BEAU_001,Health & Beauty,29,0,0,77.55
2025-08-01,1,PROD_BEAU_002,Health & Beauty,37,1,0,77.55
2025-08-01,1,PROD_BEAU_003,Health & Beauty,32,0,0,77.55
2025-08-01,1,PROD_SPRT_001,Sports & Outdoors,51,1,0,77.55
2025-08-01,1,PROD_SPRT_002,Sports & Outdoors,31,0,0,77.55
2025-08-01,1,PROD_SPRT_003,Sports & Outdoors,28,0,0,77.55
2025-08-01,1,PROD_SPRT_004,Sports & Outdoors,24,0,0,77.55
2025-08-02,1,PROD_ELEC_001,Electronics,56,1,0,76.74
2025-08-02,1,PROD_ELEC_002,Electronics,41,0,0,76.74
2025-08-02,1,PROD_ELEC_003,Electronics,38,0,0,76.74
2025-08-02,1,PROD_ELEC_004,Electronics,40,0,0,76.74
2025-08-02,1,PROD_ELEC_005,Electronics,57,1,0,76.74
2025-08-02,1,PROD_APP_001,Apparel,39,0,0,76.74
2025-08-02,1,PROD_APP_002,Apparel,34,0,0,76.74
2025-08-02,1,PROD_APP_003,Apparel,38,0,0,76.74
2025-08-02,1,PROD_APP_004,Apparel,34,0,0,76.74
2025-08-02,1,PROD_HOME_001,Home & Kitchen,37,0,0,76.74
2025-08-02,1,PROD_HOME_002,Home & Kitchen,38,0,0,76.74
2025-08-02,1,PROD_HOME_003,Home & Kitchen,44,0,0,76.74
2025-08-02,1,PROD_HOME_004,Home & Kitchen,32,0,0,76.74
2025-08-02,1,PROD_BEAU_001,Health & Beauty,39,0,0,76.74
2025-08-02,1,PROD_BEAU_002,Health & Beauty,43,0,0,76.74
2025-08-02,1,PROD_BEAU_003,Health & Beauty,57,1,0,76.74
2025-08-02,1,PROD_SPRT_001,Sports & Outdoors,40,0,0,76.74
2025-08-02,1,PROD_SPRT_002,Sports & Outdoors,39,0,0,76.74
2025-08-02,1,PROD_SPRT_003,Sports & Outdoors,42,0,0,76.74
2025-08-02,1,PROD_SPRT_004,Sports & Outdoors,33,0,0,76.74
2025-08-03,1,PROD_ELEC_001,Electronics,54,1,0,76.35
2025-08-03,1,PROD_ELEC_002,Electronics,28,0,0,76.35
2025-08-03,1,PROD_ELEC_003,Electronics,59,1,0,76.35
2025-08-03,1,PROD_ELEC_004,Electronics,59,1,0,76.35
2025-08-03,1,PROD_ELEC_005,Electronics,35,0,0,76.35
2025-08-03,1,PROD_APP_001,Apparel,36,0,0,76.35
2025-08-03,1,PROD_APP_002,Apparel,37,0,0,76.35
2025-08-03,1,PROD_APP_003,Apparel,37,0,0,76.35
2025-08-03,1,PROD_APP_004,Apparel,54,1,0,76.35
2025-08-03,1,PROD_HOME_001,Home & Kitchen,39,0,0,76.35
2025-08-03,1,PROD_HOME_002,Home & Kitchen,36,0,0,76.35
2025-08-03,1,PROD_HOME_003,Home & Kitchen,41,0,0,76.35
2025-08-03,1,PROD_HOME_004,Home & Kitchen,56,1,0,76.35
2025-08-03,1,PROD_BEAU_001,Health & Beauty,35,0,0,76.35
2025-08-03,1,PROD_BEAU_002,Health & Beauty,42,0,0,76.35
2025-08-03,1,PROD_BEAU_003,Health & Beauty,48,1,0,76.35
2025-08-03,1,PROD_SPRT_001,Sports & Outdoors,54,1,0,76.35
2025-08-03,1,PROD_SPRT_002,Sports & Outdoors,58,1,0,76.35
2025-08-03,1,PROD_SPRT_003,Sports & Outdoors,34,0,0,76.35
2025-08-03,1,PROD_SPRT_004,Sports & Outdoors,55,1,0,76.35
2025-08-04,1,PROD_ELEC_001,Electronics,26,0,0,78.84
2025-08-04,1,PROD_ELEC_002,Electronics,29,0,0,78.84
2025-08-04,1,PROD_ELEC_003,Electronics,29,0,0,78.84
2025-08-04,1,PROD_ELEC_004,Electronics,27,0,0,78.84
2025-08-04,1,PROD_ELEC_005,Electronics,39,0,0,78.84
2025-08-04,1,PROD_APP_001,Apparel,26,0,0,78.84
2025-08-04,1,PROD_APP_002,Apparel,34,0,0,78.84
2025-08-04,1,PROD_APP_003,Apparel,28,0,0,78.84
2025-08-04,1,PROD_APP_004,Apparel,39,1,0,78.84
2025-08-04,1,PROD_HOME_001,Home & Kitchen,43,1,0,78.84
2025-08-04,1,PROD_HOME_002,Home & Kitchen,32,0,0,78.84
2025-08-04,1,PROD_HOME_003,Home & Kitchen,47,1,0,78.84
2025-08-04,1,PROD_HOME_004,Home & Kitchen,36,0,0,78.84
2025-08-04,1,PROD_BEAU_001,Health & Beauty,41,0,0,78.84
2025-08-04,1,PROD_BEAU_002,Health & Beauty,31,0,0,78.84
2025-08-04,1,PROD_BEAU_003,Health & Beauty,27,0,0,78.84
2025-08-04,1,PROD_SPRT_001,Sports & Outdoors,31,0,0,78.84
2025-08-04,1,PROD_SPRT_002,Sports & Outdoors,28,0,0,78.84
2025-08-04,1,PROD_SPRT_003,Sports & Outdoors,33,0,0,78.84
2025-08-04,1,PROD_SPRT_004,Sports & Outdoors,24,0,0,78.84
2025-08-05,1,PROD_ELEC_001,Electronics,33,0,0,81.19
2025-08-05,1,PROD_ELEC_002,Electronics,23,0,0,81.19
2025-08-05,1,PROD_ELEC_003,Electronics,27,0,0,81.19
2025-08-05,1,PROD_ELEC_004,Electronics,46,1,0,81.19
2025-08-05,1,PROD_ELEC_005,Electronics,48,1,0,81.19
2025-08-05,1,PROD_APP_001,Apparel,24,0,0,81.19
2025-08-05,1,PROD_APP_002,Apparel,32,0,0,81.19
2025-08-05,1,PROD_APP_003,Apparel,22,0,0,81.19
2025-08-05,1,PROD_APP_004,Apparel,29,0,0,81.19
2025-08-05,1,PROD_HOME_001,Home & Kitchen,34,0,0,81.19
2025-08-05,1,PROD_HOME_002,Home & Kitchen,27,0,0,81.19
2025-08-05,1,PROD_HOME_003,Home & Kitchen,23,0,0,81.19
2025-08-05,1,PROD_HOME_004,Home & Kitchen,30,0,0,81.19
2025-08-05,1,PROD_BEAU_001,Health & Beauty,41,1,0,81.19
2025-08-05,1,PROD_BEAU_002,Health & Beauty,32,0,0,81.19
2025-08-05,1,PROD_BEAU_003,Health & Beauty,39,1,0,81.19
2025-08-05,1,PROD_SPRT_001,Sports & Outdoors,26,0,0,81.19
2025-08-05,1,PROD_SPRT_002,Sports & Outdoors,21,0,0,81.19
2025-08-05,1,PROD_SPRT_003,Sports & Outdoors,30,0,0,81.19
2025-08-05,1,PROD_SPRT_004,Sports & Outdoors,29,0,0,81.19
2025-08-06,1,PROD_ELEC_001,Electronics,30,0,0,77.08
2025-08-06,1,PROD_ELEC_002,Electronics,47,1,0,77.08
2025-08-06,1,PROD_ELEC_003,Electronics,29,0,0,77.08
2025-08-06,1,PROD_ELEC_004,Electronics,31,0,0,77.08
2025-08-06,1,PROD_ELEC_005,Electronics,31,0,0,77.08
2025-08-06,1,PROD_APP_001,Apparel,25,0,0,77.08
2025-08-06,1,PROD_APP_002,Apparel,38,0,0,77.08
2025-08-06,1,PROD_APP_003,Apparel,28,0,0,77.08
2025-08-06,1,PROD_APP_004,Apparel,32,0,0,77.08
2025-08-06,1,PROD_HOME_001,Home & Kitchen,33,0,0,77.08
2025-08-06,1,PROD_HOME_002,Home & Kitchen,42,1,0,77.08
2025-08-06,1,PROD_HOME_003,Home & Kitchen,32,0,0,77.08
2025-08-06,1,PROD_HOME_004,Home & Kitchen,30,0,0,77.08
2025-08-06,1,PROD_BEAU_001,Health & Beauty,24,0,0,77.08
2025-08-06,1,PROD_BEAU_002,Health & Beauty,28,0,0,77.08
2025-08-06,1,PROD_BEAU_003,Health & Beauty,27,0,0,77.08
2025-08-06,1,PROD_SPRT_001,Sports & Outdoors,28,0,0,77.08
2025-08-06,1,PROD_SPRT_002,Sports & Outdoors,24,0,0,77.08
2025-08-06,1,PROD_SPRT_003,Sports & Outdoors,34,0,0,77.08
2025-08-06,1,PROD_SPRT_004,Sports & Outdoors,36,0,0,77.08
2025-08-07,1,PROD_ELEC_001,Electronics,48,1,0,79.83
2025-08-07,1,PROD_ELEC_002,Electronics,28,0,0,79.83
2025-08-07,1,PROD_ELEC_003,Electronics,27,0,0,79.83
2025-08-07,1,PROD_ELEC_004,Electronics,26,0,0,79.83
2025-08-07,1,PROD_ELEC_005,Electronics,46,1,0,79.83
2025-08-07,1,PROD_APP_001,Apparel,44,1,0,79.83
2025-08-07,1,PROD_APP_002,Apparel,43,1,0,79.83
2025-08-07,1,PROD_APP_003,Apparel,35,0,0,79.83
2025-08-07,1,PROD_APP_004,Apparel,31,0,0,79.83
2025-08-07,1,PROD_HOME_001,Home & Kitchen,26,0,0,79.83
2025-08-07,1,PROD_HOME_002,Home & Kitchen,27,0,0,79.83
2025-08-07,1,PROD_HOME_003,Home & Kitchen,46,1,0,79.83
2025-08-07,1,PROD_HOME_004,Home & Kitchen,47,1,0,79.83
2025-08-07,1,PROD_BEAU_001,Health & Beauty,32,0,0,79.83
2025-08-07,1,PROD_BEAU_002,Health & Beauty,37,0,0,79.83
2025-08-07,1,PROD_BEAU_003,Health & Beauty,36,0,0,79.83
2025-08-07,1,PROD_SPRT_001,Sports & Outdoors,31,0,0,79.83
2025-08-07,1,PROD_SPRT_002,Sports & Outdoors,26,0,0,79.83
2025-08-07,1,PROD_SPRT_003,Sports & Outdoors,24,0,0,79.83
2025-08-07,1,PROD_SPRT_004,Sports & Outdoors,41,1,0,79.83
2025-08-08,1,PROD_ELEC_001,Electronics,37,0,0,79.71
2025-08-08,1,PROD_ELEC_002,Electronics,45,1,0,79.71
2025-08-08,1,PROD_ELEC_003,Electronics,34,0,0,79.71
2025-08-08,1,PROD_ELEC_004,Electronics,29,0,0,79.71
2025-08-08,1,PROD_ELEC_005,Electronics,32,0,0,79.71
2025-08-08,1,PROD_APP_001,Apparel,33,0,0,79.71
2025-08-08,1,PROD_APP_002,Apparel,22,0,0,79.71
2025-08-08,1,PROD_APP_003,Apparel,28,0,0,79.71
2025-08-08,1,PROD_APP_004,Apparel,33,0,0,79.71
2025-08-08,1,PROD_HOME_001,Home & Kitchen,31,0,0,79.71
2025-08-08,1,PROD_HOME_002,Home & Kitchen,25,0,0,79.71
2025-08-08,1,PROD_HOME_003,Home & Kitchen,20,0,0,79.71
2025-08-08,1,PROD_HOME_004,Home & Kitchen,28,0,0,79.71
2025-08-08,1,PROD_BEAU_001,Health & Beauty,29,0,0,79.71
2025-08-08,1,PROD_BEAU_002,Health & Beauty,26,0,0,79.71
2025-08-08,1,PROD_BEAU_003,Health & Beauty,30,0,0,79.71
2025-08-08,1,PROD_SPRT_001,Sports & Outdoors,32,0,0,79.71
2025-08-08,1,PROD_SPRT_002,Sports & Outdoors,32,0,0,79.71
2025-08-08,1,PROD_SPRT_003,Sports & Outdoors,34,1,0,79.71
2025-08-08,1,PROD_SPRT_004,Sports & Outdoors,38,1,0,79.71
2025-08-09,1,PROD_ELEC_001,Electronics,39,0,0,78.57
2025-08-09,1,PROD_ELEC_002,Electronics,39,0,0,78.57
2025-08-09,1,PROD_ELEC_003,Electronics,39,0,0,78.57
2025-08-09,1,PROD_ELEC_004,Electronics,52,1,0,78.57
2025-08-09,1,PROD_ELEC_005,Electronics,36,0,0,78.57
2025-08-09,1,PROD_APP_001,Apparel,34,0,0,78.57
2025-08-09,1,PROD_APP_002,Apparel,40,0,0,78.57
2025-08-09,1,PROD_APP_003,Apparel,33,0,0,78.57
2025-08-09,1,PROD_APP_004,Apparel,40,0,0,78.57
2025-08-09,1,PROD_HOME_001,Home & Kitchen,38,0,0,78.57
2025-08-09,1,PROD_HOME_002,Home & Kitchen,54,1,0,78.57
2025-08-09,1,PROD_HOME_003,Home & Kitchen,34,0,0,78.57
2025-08-09,1,PROD_HOME_004,Home & Kitchen,48,1,0,78.57
2025-08-09,1,PROD_BEAU_001,Health & Beauty,34,0,0,78.57
2025-08-09,1,PROD_BEAU_002,Health & Beauty,36,0,0,78.57
2025-08-09,1,PROD_BEAU_003,Health & Beauty,28,0,0,78.57
2025-08-09,1,PROD_SPRT_001,Sports & Outdoors,36,0,0,78.57
2025-08-09,1,PROD_SPRT_002,Sports & Outdoors,41,0,0,78.57
2025-08-09,1,PROD_SPRT_003,Sports & Outdoors,56,1,0,78.57
2025-08-09,1,PROD_SPRT_004,Sports & Outdoors,52,1,0,78.57
2025-08-10,1,PROD_ELEC_001,Electronics,35,0,0,79.13
2025-08-10,1,PROD_ELEC_002,Electronics,38,0,0,79.13
2025-08-10,1,PROD_ELEC_003,Electronics,43,0,0,79.13
2025-08-10,1,PROD_ELEC_004,Electronics,41,0,0,79.13
2025-08-10,1,PROD_ELEC_005,Electronics,56,1,0,79.13
2025-08-10,1,PROD_APP_001,Apparel,35,0,0,79.13
2025-08-10,1,PROD_APP_002,Apparel,40,0,0,79.13
2025-08-10,1,PROD_APP_003,Apparel,30,0,0,79.13
2025-08-10,1,PROD_APP_004,Apparel,36,0,0,79.13
2025-08-10,1,PROD_HOME_001,Home & Kitchen,39,0,0,79.13
2025-08-10,1,PROD_HOME_002,Home & Kitchen,40,0,0,79.13
2025-08-10,1,PROD_HOME_003,Home & Kitchen,40,0,0,79.13
2025-08-10,1,PROD_HOME_004,Home & Kitchen,38,0,0,79.13
2025-08-10,1,PROD_BEAU_001,Health & Beauty,36,0,0,79.13
2025-08-10,1,PROD_BEAU_002,Health & Beauty,39,0,0,79.13
2025-08-10,1,PROD_BEAU_003,Health & Beauty,33,0,0,79.13
2025-08-10,1,PROD_SPRT_001,Sports & Outdoors,34,0,0,79.13
2025-08-10,1,PROD_SPRT_002,Sports & Outdoors,37,0,0,79.13
2025-08-10,1,PROD_SPRT_003,Sports & Outdoors,38,0,0,79.13
2025-08-10,1,PROD_SPRT_004,Sports & Outdoors,30,0,0,79.13
2025-08-11,1,PROD_ELEC_001,Electronics,46,1,0,79.74
2025-08-11,1,PROD_ELEC_002,Electronics,29,0,0,79.74
2025-08-11,1,PROD_ELEC_003,Electronics,39,0,0,79.74
2025-08-11,1,PROD_ELEC_004,Electronics,27,0,0,79.74
2025-08-11,1,PROD_ELEC_005,Electronics,28,0,0,79.74
2025-08-11,1,PROD_APP_001,Apparel,28,0,0,79.74
2025-08-11,1,PROD_APP_002,Apparel,29,0,0,79.74
2025-08-11,1,PROD_APP_003,Apparel,28,0,0,79.74
2025-08-11,1,PROD_APP_004,Apparel,24,0,0,79.74
2025-08-11,1,PROD_HOME_001,Home & Kitchen,27,0,0,79.74
2025-08-11,1,PROD_HOME_002,Home & Kitchen,29,0,0,79.74
2025-08-11,1,PROD_HOME_003,Home & Kitchen,48,1,0,79.74
2025-08-11,1,PROD_HOME_004,Home & Kitchen,38,0,0,79.74
2025-08-11,1,PROD_BEAU_001,Health & Beauty,35,0,0,79.74
2025-08-11,1,PROD_BEAU_002,Health & Beauty,40,1,0,79.74
2025-08-11,1,PROD_BEAU_003,Health & Beauty,27,0,0,79.74
2025-08-11,1,PROD_SPRT_001,Sports & Outdoors,29,0,0,79.74
2025-08-11,1,PROD_SPRT_002,Sports & Outdoors,37,0,0,79.74
2025-08-11,1,PROD_SPRT_003,Sports & Outdoors,42,1,0,79.74
2025-08-11,1,PROD_SPRT_004,Sports & Outdoors,38,1,0,79.74
2025-08-12,1,PROD_ELEC_001,Electronics,33,0,0,78.7
2025-08-12,1,PROD_ELEC_002,Electronics,32,0,0,78.7
2025-08-12,1,PROD_ELEC_003,Electronics,29,0,0,78.7
2025-08-12,1,PROD_ELEC_004,Electronics,32,0,0,78.7
2025-08-12,1,PROD_ELEC_005,Electronics,20,0,0,78.7
2025-08-12,1,PROD_APP_001,Apparel,30,0,0,78.7
2025-08-12,1,PROD_APP_002,Apparel,46,1,0,78.7
2025-08-12,1,PROD_APP_003,Apparel,26,0,0,78.7
2025-08-12,1,PROD_APP_004,Apparel,26,0,0,78.7
2025-08-12,1,PROD_HOME_001,Home & Kitchen,36,1,0,78.7
2025-08-12,1,PROD_HOME_002,Home & Kitchen,36,0,0,78.7
2025-08-12,1,PROD_HOME_003,Home & Kitchen,27,0,0,78.7
2025-08-12,1,PROD_HOME_004,Home & Kitchen,30,0,0,78.7
2025-08-12,1,PROD_BEAU_001,Health & Beauty,32,0,0,78.7
2025-08-12,1,PROD_BEAU_002,Health & Beauty,49,1,0,78.7
2025-08-12,1,PROD_BEAU_003,Health & Beauty,29,0,0,78.7
2025-08-12,1,PROD_SPRT_001,Sports & Outdoors,27,0,0,78.7
2025-08-12,1,PROD_SPRT_002,Sports & Outdoors,30,0,0,78.7
2025-08-12,1,PROD_SPRT_003,Sports & Outdoors,35,0,0,78.7
2025-08-12,1,PROD_SPRT_004,Sports & Outdoors,29,0,0,78.7
2025-08-13,1,PROD_ELEC_001,Electronics,23,0,0,78.26
2025-08-13,1,PROD_ELEC_002,Electronics,38,1,0,78.26
2025-08-13,1,PROD_ELEC_003,Electronics,46,1,0,78.26
2025-08-13,1,PROD_ELEC_004,Electronics,28,0,0,78.26
2025-08-13,1,PROD_ELEC_005,Electronics,41,1,0,78.26
2025-08-13,1,PROD_APP_001,Apparel,40,1,0,78.26
2025-08-13,1,PROD_APP_002,Apparel,30,0,0,78.26
2025-08-13,1,PROD_APP_003,Apparel,29,0,0,78.26
2025-08-13,1,PROD_APP_004,Apparel,28,0,0,78.26
2025-08-13,1,PROD_HOME_001,Home & Kitchen,35,0,0,78.26
2025-08-13,1,PROD_HOME_002,Home & Kitchen,36,0,0,78.26
2025-08-13,1,PROD_HOME_003,Home & Kitchen,37,1,0,78.26
2025-08-13,1,PROD_HOME_004,Home & Kitchen,31,0,0,78.26
2025-08-13,1,PROD_BEAU_001,Health & Beauty,26,0,0,78.26
2025-08-13,1,PROD_BEAU_002,Health & Beauty,42,1,0,78.26
2025-08-13,1,PROD_BEAU_003,Health & Beauty,44,1,0,78.26
2025-08-13,1,PROD_SPRT_001,Sports & Outdoors,29,0,0,78.26
2025-08-13,1,PROD_SPRT_002,Sports & Outdoors,30,0,0,78.26
2025-08-13,1,PROD_SPRT_003,Sports & Outdoors,32,0,0,78.26
2025-08-13,1,PROD_SPRT_004,Sports & Outdoors,44,1,0,78.26
2025-08-14,1,PROD_ELEC_001,Electronics,27,0,0,78.73
2025-08-14,1,PROD_ELEC_002,Electronics,37,1,0,78.73
2025-08-14,1,PROD_ELEC_003,Electronics,40,1,0,78.73
2025-08-14,1,PROD_ELEC_004,Electronics,51,1,0,78.73
2025-08-14,1,PROD_ELEC_005,Electronics,26,0,0,78.73
2025-08-14,1,PROD_APP_001,Apparel,25,0,0,78.73
2025-08-14,1,PROD_APP_002,Apparel,31,0,0,78.73
2025-08-14,1,PROD_APP_003,Apparel,43,1,0,78.73
2025-08-14,1,PROD_APP_004,Apparel,29,0,0,78.73
2025-08-14,1,PROD_HOME_001,Home & Kitchen,35,0,0,78.73
2025-08-14,1,PROD_HOME_002,Home & Kitchen,45,1,0,78.73
2025-08-14,1,PROD_HOME_003,Home & Kitchen,27,0,0,78.73
2025-08-14,1,PROD_HOME_004,Home & Kitchen,28,0,0,78.73
2025-08-14,1,PROD_BEAU_001,Health & Beauty,27,0,0,78.73
2025-08-14,1,PROD_BEAU_002,Health & Beauty,33,0,0,78.73
2025-08-14,1,PROD_BEAU_003,Health & Beauty,28,0,0,78.73
2025-08-14,1,PROD_SPRT_001,Sports & Outdoors,22,0,0,78.73
2025-08-14,1,PROD_SPRT_002,Sports & Outdoors,29,0,0,78.73
2025-08-14,1,PROD_SPRT_003,Sports & Outdoors,23,0,0,78.73
2025-08-14,1,PROD_SPRT_004,Sports & Outdoors,38,0,0,78.73
2025-08-15,1,PROD_ELEC_001,Electronics,29,0,0,78.43
2025-08-15,1,PROD_ELEC_002,Electronics,31,0,0,78.43
2025-08-15,1,PROD_ELEC_003,Electronics,42,1,0,78.43
2025-08-15,1,PROD_ELEC_004,Electronics,28,0,0,78.43
2025-08-15,1,PROD_ELEC_005,Electronics,31,0,0,78.43
2025-08-15,1,PROD_APP_001,Apparel,36,0,0,78.43
2025-08-15,1,PROD_APP_002,Apparel,33,0,0,78.43
2025-08-15,1,PROD_APP_003,Apparel,35,0,0,78.43
2025-08-15,1,PROD_APP_004,Apparel,39,1,0,78.43
2025-08-15,1,PROD_HOME_001,Home & Kitchen,44,1,0,78.43
2025-08-15,1,PROD_HOME_002,Home & Kitchen,30,0,0,78.43
2025-08-15,1,PROD_HOME_003,Home & Kitchen,31,0,0,78.43
2025-08-15,1,PROD_HOME_004,Home & Kitchen,35,0,0,78.43
2025-08-15,1,PROD_BEAU_001,Health & Beauty,29,0,0,78.43
2025-08-15,1,PROD_BEAU_002,Health & Beauty,28,0,0,78.43
2025-08-15,1,PROD_BEAU_003,Health & Beauty,45,1,0,78.43
2025-08-15,1,PROD_SPRT_001,Sports & Outdoors,36,1,0,78.43
2025-08-15,1,PROD_SPRT_002,Sports & Outdoors,29,0,0,78.43
2025-08-15,1,PROD_SPRT_003,Sports & Outdoors,29,0,0,78.43
2025-08-15,1,PROD_SPRT_004,Sports & Outdoors,26,0,0,78.43
2025-08-16,1,PROD_ELEC_001,Electronics,50,1,0,80.94
2025-08-16,1,PROD_ELEC_002,Electronics,36,0,0,80.94
2025-08-16,1,PROD_ELEC_003,Electronics,55,1,0,80.94
2025-08-16,1,PROD_ELEC_004,Electronics,59,1,0,80.94
2025-08-16,1,PROD_ELEC_005,Electronics,54,1,0,80.94
2025-08-16,1,PROD_APP_001,Apparel,41,0,0,80.94
2025-08-16,1,PROD_APP_002,Apparel,40,0,0,80.94
2025-08-16,1,PROD_APP_003,Apparel,37,0,0,80.94
2025-08-16,1,PROD_APP_004,Apparel,33,0,0,80.94
2025-08-16,1,PROD_HOME_001,Home & Kitchen,31,0,0,80.94
2025-08-16,1,PROD_HOME_002,Home & Kitchen,37,0,0,80.94
2025-08-16,1,PROD_HOME_003,Home & Kitchen,35,0,0,80.94
2025-08-16,1,PROD_HOME_004,Home & Kitchen,41,0,0,80.94
2025-08-16,1,PROD_BEAU_001,Health & Beauty,40,0,0,80.94
2025-08-16,1,PROD_BEAU_002,Health & Beauty,36,0,0,80.94
2025-08-16,1,PROD_BEAU_003,Health & Beauty,32,0,0,80.94
2025-08-16,1,PROD_SPRT_001,Sports & Outdoors,39,0,0,80.94
2025-08-16,1,PROD_SPRT_002,Sports & Outdoors,50,1,0,80.94
2025-08-16,1,PROD_SPRT_003,Sports & Outdoors,34,0,0,80.94
2025-08-16,1,PROD_SPRT_004,Sports & Outdoors,33,0,0,80.94
2025-08-17,1,PROD_ELEC_001,Electronics,42,0,0,79.58
2025-08-17,1,PROD_ELEC_002,Electronics,37,0,0,79.58
2025-08-17,1,PROD_ELEC_003,Electronics,35,0,0,79.58
2025-08-17,1,PROD_ELEC_004,Electronics,31,0,0,79.58
2025-08-17,1,PROD_ELEC_005,Electronics,56,1,0,79.58
2025-08-17,1,PROD_APP_001,Apparel,34,0,0,79.58
2025-08-17,1,PROD_APP_002,Apparel,54,1,0,79.58
2025-08-17,1,PROD_APP_003,Apparel,36,0,0,79.58
2025-08-17,1,PROD_APP_004,Apparel,57,1,0,79.58
2025-08-17,1,PROD_HOME_001,Home & Kitchen,36,0,0,79.58
2025-08-17,1,PROD_HOME_002,Home & Kitchen,37,0,0,79.58
2025-08-17,1,PROD_HOME_003,Home & Kitchen,39,0,0,79.58
2025-08-17,1,PROD_HOME_004,Home & Kitchen,45,0,0,79.58
2025-08-17,1,PROD_BEAU_001,Health & Beauty,41,0,0,79.58
2025-08-17,1,PROD_BEAU_002,Health & Beauty,37,0,0,79.58
2025-08-17,1,PROD_BEAU_003,Health & Beauty,37,0,0,79.58
2025-08-17,1,PROD_SPRT_001,Sports & Outdoors,35,0,0,79.58
2025-08-17,1,PROD_SPRT_002,Sports & Outdoors,33,0,0,79.58
2025-08-17,1,PROD_SPRT_003,Sports & Outdoors,35,0,0,79.58
2025-08-17,1,PROD_SPRT_004,Sports & Outdoors,34,0,0,79.58
2025-08-18,1,PROD_ELEC_001,Electronics,25,0,0,80.59
2025-08-18,1,PROD_ELEC_002,Electronics,48,1,0,80.59
2025-08-18,1,PROD_ELEC_003,Electronics,33,0,0,80.59
2025-08-18,1,PROD_ELEC_004,Electronics,43,1,0,80.59
2025-08-18,1,PROD_ELEC_005,Electronics,30,0,0,80.59
2025-08-18,1,PROD_APP_001,Apparel,27,0,0,80.59
2025-08-18,1,PROD_APP_002,Apparel,31,0,0,80.59
2025-08-18,1,PROD_APP_003,Apparel,34,0,0,80.59
2025-08-18,1,PROD_APP_004,Apparel,27,0,0,80.59
2025-08-18,1,PROD_HOME_001,Home & Kitchen,23,0,0,80.59
2025-08-18,1,PROD_HOME_002,Home & Kitchen,46,1,0,80.59
2025-08-18,1,PROD_HOME_003,Home & Kitchen,31,0,0,80.59
2025-08-18,1,PROD_HOME_004,Home & Kitchen,25,0,0,80.59
2025-08-18,1,PROD_BEAU_001,Health & Beauty,40,1,0,80.59
2025-08-18,1,PROD_BEAU_002,Health & Beauty,26,0,0,80.59
2025-08-18,1,PROD_BEAU_003,Health & Beauty,27,0,0,80.59
2025-08-18,1,PROD_SPRT_001,Sports & Outdoors,42,1,0,80.59
2025-08-18,1,PROD_SPRT_002,Sports & Outdoors,28,0,0,80.59
2025-08-18,1,PROD_SPRT_003,Sports & Outdoors,27,0,0,80.59
2025-08-18,1,PROD_SPRT_004,Sports & Outdoors,26,0,0,80.59
2025-08-19,1,PROD_ELEC_001,Electronics,30,0,0,79.59
2025-08-19,1,PROD_ELEC_002,Electronics,28,0,0,79.59
2025-08-19,1,PROD_ELEC_003,Electronics,34,0,0,79.59
2025-08-19,1,PROD_ELEC_004,Electronics,32,0,0,79.59
2025-08-19,1,PROD_ELEC_005,Electronics,23,0,0,79.59
2025-08-19,1,PROD_APP_001,Apparel,32,0,0,79.59
2025-08-19,1,PROD_APP_002,Apparel,45,1,0,79.59
2025-08-19,1,PROD_APP_003,Apparel,28,0,0,79.59
2025-08-19,1,PROD_APP_004,Apparel,24,0,0,79.59
2025-08-19,1,PROD_HOME_001,Home & Kitchen,30,0,0,79.59
2025-08-19,1,PROD_HOME_002,Home & Kitchen,29,0,0,79.59
2025-08-19,1,PROD_HOME_003,Home & Kitchen,25,0,0,79.59
2025-08-19,1,PROD_HOME_004,Home & Kitchen,24,0,0,79.59
2025-08-19,1,PROD_BEAU_001,Health & Beauty,29,0,0,79.59
2025-08-19,1,PROD_BEAU_002,Health & Beauty,42,1,0,79.59
2025-08-19,1,PROD_BEAU_003,Health & Beauty,28,0,0,79.59
2025-08-19,1,PROD_SPRT_001,Sports & Outdoors,29,0,0,79.59
2025-08-19,1,PROD_SPRT_002,Sports & Outdoors,25,0,0,79.59
2025-08-19,1,PROD_SPRT_003,Sports & Outdoors,41,1,0,79.59
2025-08-19,1,PROD_SPRT_004,Sports & Outdoors,32,0,0,79.59
2025-08-20,1,PROD_ELEC_001,Electronics,23,0,0,79.49
2025-08-20,1,PROD_ELEC_002,Electronics,28,0,0,79.49
2025-08-20,1,PROD_ELEC_003,Electronics,25,0,0,79.49
2025-08-20,1,PROD_ELEC_004,Electronics,44,1,0,79.49
2025-08-20,1,PROD_ELEC_005,Electronics,31,0,0,79.49
2025-08-20,1,PROD_APP_001,Apparel,36,1,0,79.49
2025-08-20,1,PROD_APP_002,Apparel,46,1,0,79.49
2025-08-20,1,PROD_APP_003,Apparel,25,0,0,79.49
2025-08-20,1,PROD_APP_004,Apparel,36,0,0,79.49
2025-08-20,1,PROD_HOME_001,Home & Kitchen,43,1,0,79.49
2025-08-20,1,PROD_HOME_002,Home & Kitchen,25,0,0,79.49
2025-08-20,1,PROD_HOME_003,Home & Kitchen,25,0,0,79.49
2025-08-20,1,PROD_HOME_004,Home & Kitchen,31,0,0,79.49
2025-08-20,1,PROD_BEAU_001,Health & Beauty,28,0,0,79.49
2025-08-20,1,PROD_BEAU_002,Health & Beauty,29,0,0,79.49
2025-08-20,1,PROD_BEAU_003,Health & Beauty,36,0,0,79.49
2025-08-20,1,PROD_SPRT_001,Sports & Outdoors,40,1,0,79.49
2025-08-20,1,PROD_SPRT_002,Sports & Outdoors,30,0,0,79.49
2025-08-20,1,PROD_SPRT_003,Sports & Outdoors,35,0,0,79.49
2025-08-20,1,PROD_SPRT_004,Sports & Outdoors,44,1,0,79.49
2025-08-21,1,PROD_ELEC_001,Electronics,32,0,0,78.01
2025-08-21,1,PROD_ELEC_002,Electronics,25,0,0,78.01
2025-08-21,1,PROD_ELEC_003,Electronics,35,0,0,78.01
2025-08-21,1,PROD_ELEC_004,Electronics,26,0,0,78.01
2025-08-21,1,PROD_ELEC_005,Electronics,41,0,0,78.01
2025-08-21,1,PROD_APP_001,Apparel,35,0,0,78.01
2025-08-21,1,PROD_APP_002,Apparel,26,0,0,78.01
2025-08-21,1,PROD_APP_003,Apparel,30,0,0,78.01
2025-08-21,1,PROD_APP_004,Apparel,33,0,0,78.01
2025-08-21,1,PROD_HOME_001,Home & Kitchen,33,0,0,78.01
2025-08-21,1,PROD_HOME_002,Home & Kitchen,31,0,0,78.01
2025-08-21,1,PROD_HOME_003,Home & Kitchen,35,0,0,78.01
2025-08-21,1,PROD_HOME_004,Home & Kitchen,29,0,0,78.01
2025-08-21,1,PROD_BEAU_001,Health & Beauty,42,1,0,78.01
2025-08-21,1,PROD_BEAU_002,Health & Beauty,28,0,0,78.01
2025-08-21,1,PROD_BEAU_003,Health & Beauty,46,1,0,78.01
2025-08-21,1,PROD_SPRT_001,Sports & Outdoors,31,0,0,78.01
2025-08-21,1,PROD_SPRT_002,Sports & Outdoors,44,1,0,78.01
2025-08-21,1,PROD_SPRT_003,Sports & Outdoors,33,0,0,78.01
2025-08-21,1,PROD_SPRT_004,Sports & Outdoors,21,0,0,78.01
2025-08-22,1,PROD_ELEC_001,Electronics,44,1,0,80.34
2025-08-22,1,PROD_ELEC_002,Electronics,36,0,0,80.34
2025-08-22,1,PROD_ELEC_003,Electronics,23,0,0,80.34
2025-08-22,1,PROD_ELEC_004,Electronics,36,0,0,80.34
2025-08-22,1,PROD_ELEC_005,Electronics,30,0,0,80.34
2025-08-22,1,PROD_APP_001,Apparel,31,0,0,80.34
2025-08-22,1,PROD_APP_002,Apparel,36,0,0,80.34
2025-08-22,1,PROD_APP_003,Apparel,32,0,0,80.34
2025-08-22,1,PROD_APP_004,Apparel,45,1,0,80.34
2025-08-22,1,PROD_HOME_001,Home & Kitchen,30,0,0,80.34
2025-08-22,1,PROD_HOME_002,Home & Kitchen,28,0,0,80.34
2025-08-22,1,PROD_HOME_003,Home & Kitchen,43,1,0,80.34
2025-08-22,1,PROD_HOME_004,Home & Kitchen,27,0,0,80.34
2025-08-22,1,PROD_BEAU_001,Health & Beauty,29,0,0,80.34
2025-08-22,1,PROD_BEAU_002,Health & Beauty,34,1,0,80.34
2025-08-22,1,PROD_BEAU_003,Health & Beauty,31,0,0,80.34
2025-08-22,1,PROD_SPRT_001,Sports & Outdoors,29,0,0,80.34
2025-08-22,1,PROD_SPRT_002,Sports & Outdoors,28,0,0,80.34
2025-08-22,1,PROD_SPRT_003,Sports & Outdoors,30,0,0,80.34
2025-08-22,1,PROD_SPRT_004,Sports & Outdoors,24,0,0,80.34
2025-08-23,1,PROD_ELEC_001,Electronics,53,1,0,82.3
2025-08-23,1,PROD_ELEC_002,Electronics,36,0,0,82.3
2025-08-23,1,PROD_ELEC_003,Electronics,33,0,0,82.3
2025-08-23,1,PROD_ELEC_004,Electronics,37,0,0,82.3
2025-08-23,1,PROD_ELEC_005,Electronics,43,0,0,82.3
2025-08-23,1,PROD_APP_001,Apparel,41,0,0,82.3
2025-08-23,1,PROD_APP_002,Apparel,40,0,0,82.3
2025-08-23,1,PROD_APP_003,Apparel,39,0,0,82.3
2025-08-23,1,PROD_APP_004,Apparel,36,0,0,82.3
2025-08-23,1,PROD_HOME_001,Home & Kitchen,31,0,0,82.3
2025-08-23,1,PROD_HOME_002,Home & Kitchen,53,1,0,82.3
2025-08-23,1,PROD_HOME_003,Home & Kitchen,36,0,0,82.3
2025-08-23,1,PROD_HOME_004,Home & Kitchen,41,0,0,82.3
2025-08-23,1,PROD_BEAU_001,Health & Beauty,55,1,0,82.3
2025-08-23,1,PROD_BEAU_002,Health & Beauty,43,0,0,82.3
2025-08-23,1,PROD_BEAU_003,Health & Beauty,42,0,0,82.3
2025-08-23,1,PROD_SPRT_001,Sports & Outdoors,35,0,0,82.3
2025-08-23,1,PROD_SPRT_002,Sports & Outdoors,30,0,0,82.3
2025-08-23,1,PROD_SPRT_003,Sports & Outdoors,43,0,0,82.3
2025-08-23,1,PROD_SPRT_004,Sports & Outdoors,42,0,0,82.3
2025-08-24,1,PROD_ELEC_001,Electronics,60,1,0,78.36
2025-08-24,1,PROD_ELEC_002,Electronics,39,0,0,78.36
2025-08-24,1,PROD_ELEC_003,Electronics,38,0,0,78.36
2025-08-24,1,PROD_ELEC_004,Electronics,60,1,0,78.36
2025-08-24,1,PROD_ELEC_005,Electronics,42,0,0,78.36
2025-08-24,1,PROD_APP_001,Apparel,40,0,0,78.36
2025-08-24,1,PROD_APP_002,Apparel,39,0,0,78.36
2025-08-24,1,PROD_APP_003,Apparel,56,1,0,78.36
2025-08-24,1,PROD_APP_004,Apparel,35,0,0,78.36
2025-08-24,1,PROD_HOME_001,Home & Kitchen,37,0,0,78.36
2025-08-24,1,PROD_HOME_002,Home & Kitchen,33,0,0,78.36
2025-08-24,1,PROD_HOME_003,Home & Kitchen,53,1,0,78.36
2025-08-24,1,PROD_HOME_004,Home & Kitchen,36,0,0,78.36
2025-08-24,1,PROD_BEAU_001,Health & Beauty,51,1,0,78.36
2025-08-24,1,PROD_BEAU_002,Health & Beauty,38,0,0,78.36
2025-08-24,1,PROD_BEAU_003,Health & Beauty,36,0,0,78.36
2025-08-24,1,PROD_SPRT_001,Sports & Outdoors,39,0,0,78.36
2025-08-24,1,PROD_SPRT_002,Sports & Outdoors,31,0,0,78.36
2025-08-24,1,PROD_SPRT_003,Sports & Outdoors,53,1,0,78.36
2025-08-24,1,PROD_SPRT_004,Sports & Outdoors,38,0,0,78.36
2025-08-25,1,PROD_ELEC_001,Electronics,29,0,0,79.63
2025-08-25,1,PROD_ELEC_002,Electronics,23,0,0,79.63
2025-08-25,1,PROD_ELEC_003,Electronics,31,0,0,79.63
2025-08-25,1,PROD_ELEC_004,Electronics,32,0,0,79.63
2025-08-25,1,PROD_ELEC_005,Electronics,31,0,0,79.63
2025-08-25,1,PROD_APP_001,Apparel,34,0,0,79.63
2025-08-25,1,PROD_APP_002,Apparel,30,0,0,79.63
2025-08-25,1,PROD_APP_003,Apparel,31,0,0,79.63
2025-08-25,1,PROD_APP_004,Apparel,30,0,0,79.63
2025-08-25,1,PROD_HOME_001,Home & Kitchen,32,0,0,79.63
2025-08-25,1,PROD_HOME_002,Home & Kitchen,37,1,0,79.63
2025-08-25,1,PROD_HOME_003,Home & Kitchen,26,0,0,79.63
2025-08-25,1,PROD_HOME_004,Home & Kitchen,36,0,0,79.63
2025-08-25,1,PROD_BEAU_001,Health & Beauty,20,0,0,79.63
2025-08-25,1,PROD_BEAU_002,Health & Beauty,42,1,0,79.63
2025-08-25,1,PROD_BEAU_003,Health & Beauty,34,0,0,79.63
2025-08-25,1,PROD_SPRT_001,Sports & Outdoors,29,0,0,79.63
2025-08-25,1,PROD_SPRT_002,Sports & Outdoors,28,0,0,79.63
2025-08-25,1,PROD_SPRT_003,Sports & Outdoors,30,0,0,79.63
2025-08-25,1,PROD_SPRT_004,Sports & Outdoors,28,0,0,79.63
2025-08-26,1,PROD_ELEC_001,Electronics,27,0,0,80.03
2025-08-26,1,PROD_ELEC_002,Electronics,34,0,0,80.03
2025-08-26,1,PROD_ELEC_003,Electronics,35,0,0,80.03
2025-08-26,1,PROD_ELEC_004,Electronics,29,0,0,80.03
2025-08-26,1,PROD_ELEC_005,Electronics,37,1,0,80.03
2025-08-26,1,PROD_APP_001,Apparel,27,0,0,80.03
2025-08-26,1,PROD_APP_002,Apparel,29,0,0,80.03
2025-08-26,1,PROD_APP_003,Apparel,45,1,0,80.03
2025-08-26,1,PROD_APP_004,Apparel,25,0,0,80.03
2025-08-26,1,PROD_HOME_001,Home & Kitchen,26,0,0,80.03
2025-08-26,1,PROD_HOME_002,Home & Kitchen,32,0,0,80.03
2025-08-26,1,PROD_HOME_003,Home & Kitchen,47,1,0,80.03
2025-08-26,1,PROD_HOME_004,Home & Kitchen,27,0,0,80.03
2025-08-26,1,PROD_BEAU_001,Health & Beauty,24,0,0,80.03
2025-08-26,1,PROD_BEAU_002,Health & Beauty,43,0,0,80.03
2025-08-26,1,PROD_BEAU_003,Health & Beauty,33,0,0,80.03
2025-08-26,1,PROD_SPRT_001,Sports & Outdoors,28,0,0,80.03
2025-08-26,1,PROD_SPRT_002,Sports & Outdoors,33,0,0,80.03
2025-08-26,1,PROD_SPRT_003,Sports & Outdoors,29,0,0,80.03
2025-08-26,1,PROD_SPRT_004,Sports & Outdoors,33,0,0,80.03
2025-08-27,1,PROD_ELEC_001,Electronics,30,0,0,80.17
2025-08-27,1,PROD_ELEC_002,Electronics,43,1,0,80.17
2025-08-27,1,PROD_ELEC_003,Electronics,24,0,0,80.17
2025-08-27,1,PROD_ELEC_004,Electronics,37,0,0,80.17
2025-08-27,1,PROD_ELEC_005,Electronics,26,0,0,80.17
2025-08-27,1,PROD_APP_001,Apparel,24,0,0,80.17
2025-08-27,1,PROD_APP_002,Apparel,42,1,0,80.17
2025-08-27,1,PROD_APP_003,Apparel,26,0,0,80.17
2025-08-27,1,PROD_APP_004,Apparel,29,0,0,80.17
2025-08-27,1,PROD_HOME_001,Home & Kitchen,32,0,0,80.17
2025-08-27,1,PROD_HOME_002,Home & Kitchen,33,0,0,80.17
2025-08-27,1,PROD_HOME_003,Home & Kitchen,33,0,0,80.17
2025-08-27,1,PROD_HOME_004,Home & Kitchen,28,0,0,80.17
2025-08-27,1,PROD_BEAU_001,Health & Beauty,30,0,0,80.17
2025-08-27,1,PROD_BEAU_002,Health & Beauty,31,0,0,80.17
2025-08-27,1,PROD_BEAU_003,Health & Beauty,22,0,0,80.17
2025-08-27,1,PROD_SPRT_001,Sports & Outdoors,32,0,0,80.17
2025-08-27,1,PROD_SPRT_002,Sports & Outdoors,24,0,0,80.17
2025-08-27,1,PROD_SPRT_003,Sports & Outdoors,38,0,0,80.17
2025-08-27,1,PROD_SPRT_004,Sports & Outdoors,28,0,0,80.17
2025-08-28,1,PROD_ELEC_001,Electronics,40,1,0,79.73
2025-08-28,1,PROD_ELEC_002,Electronics,27,0,0,79.73
2025-08-28,1,PROD_ELEC_003,Electronics,52,1,0,79.73
2025-08-28,1,PROD_ELEC_004,Electronics,33,0,0,79.73
2025-08-28,1,PROD_ELEC_005,Electronics,23,0,0,79.73
2025-08-28,1,PROD_APP_001,Apparel,36,0,0,79.73
2025-08-28,1,PROD_APP_002,Apparel,34,0,0,79.73
2025-08-28,1,PROD_APP_003,Apparel,42,1,0,79.73
2025-08-28,1,PROD_APP_004,Apparel,31,0,0,79.73
2025-08-28,1,PROD_HOME_001,Home & Kitchen,29,0,0,79.73
2025-08-28,1,PROD_HOME_002,Home & Kitchen,51,1,0,79.73
2025-08-28,1,PROD_HOME_003,Home & Kitchen,26,0,0,79.73
2025-08-28,1,PROD_HOME_004,Home & Kitchen,30,0,0,79.73
2025-08-28,1,PROD_BEAU_001,Health & Beauty,28,0,0,79.73
2025-08-28,1,PROD_BEAU_002,Health & Beauty,24,0,0,79.73
2025-08-28,1,PROD_BEAU_003,Health & Beauty,38,0,0,79.73
2025-08-28,1,PROD_SPRT_001,Sports & Outdoors,25,0,0,79.73
2025-08-28,1,PROD_SPRT_002,Sports & Outdoors,30,0,0,79.73
2025-08-28,1,PROD_SPRT_003,Sports & Outdoors,36,1,0,79.73
2025-08-28,1,PROD_SPRT_004,Sports & Outdoors,28,0,0,79.73
2025-08-29,1,PROD_ELEC_001,Electronics,40,1,0,80.42
2025-08-29,1,PROD_ELEC_002,Electronics,32,0,0,80.42
2025-08-29,1,PROD_ELEC_003,Electronics,42,1,0,80.42
2025-08-29,1,PROD_ELEC_004,Electronics,34,0,0,80.42
2025-08-29,1,PROD_ELEC_005,Electronics,35,0,0,80.42
2025-08-29,1,PROD_APP_001,Apparel,27,0,0,80.42
2025-08-29,1,PROD_APP_002,Apparel,43,1,0,80.42
2025-08-29,1,PROD_APP_003,Apparel,30,0,0,80.42
2025-08-29,1,PROD_APP_004,Apparel,32,0,0,80.42
2025-08-29,1,PROD_HOME_001,Home & Kitchen,30,0,0,80.42
2025-08-29,1,PROD_HOME_002,Home & Kitchen,30,0,0,80.42
2025-08-29,1,PROD_HOME_003,Home & Kitchen,42,1,0,80.42
2025-08-29,1,PROD_HOME_004,Home & Kitchen,30,0,0,80.42
2025-08-29,1,PROD_BEAU_001,Health & Beauty,35,0,0,80.42
2025-08-29,1,PROD_BEAU_002,Health & Beauty,32,0,0,80.42
2025-08-29,1,PROD_BEAU_003,Health & Beauty,32,0,0,80.42
2025-08-29,1,PROD_SPRT_001,Sports & Outdoors,46,1,0,80.42
2025-08-29,1,PROD_SPRT_002,Sports & Outdoors,29,0,0,80.42
2025-08-29,1,PROD_SPRT_003,Sports & Outdoors,31,0,0,80.42
2025-08-29,1,PROD_SPRT_004,Sports & Outdoors,39,1,0,80.42
2025-08-30,1,PROD_ELEC_001,Electronics,26,0,0,81.39
2025-08-30,1,PROD_ELEC_002,Electronics,37,0,0,81.39
2025-08-30,1,PROD_ELEC_003,Electronics,42,0,0,81.39
2025-08-30,1,PROD_ELEC_004,Electronics,32,0,0,81.39
2025-08-30,1,PROD_ELEC_005,Electronics,39,0,0,81.39
2025-08-30,1,PROD_APP_001,Apparel,34,0,0,81.39
2025-08-30,1,PROD_APP_002,Apparel,36,0,0,81.39
2025-08-30,1,PROD_APP_003,Apparel,41,0,0,81.39
2025-08-30,1,PROD_APP_004,Apparel,38,0,0,81.39
2025-08-30,1,PROD_HOME_001,Home & Kitchen,46,1,0,81.39
2025-08-30,1,PROD_HOME_002,Home & Kitchen,33,0,0,81.39
2025-08-30,1,PROD_HOME_003,Home & Kitchen,41,0,0,81.39
2025-08-30,1,PROD_HOME_004,Home & Kitchen,39,0,0,81.39
2025-08-30,1,PROD_BEAU_001,Health & Beauty,44,0,0,81.39
2025-08-30,1,PROD_BEAU_002,Health & Beauty,44,0,0,81.39
2025-08-30,1,PROD_BEAU_003,Health & Beauty,36,0,0,81.39
2025-08-30,1,PROD_SPRT_001,Sports & Outdoors,64,1,0,81.39
2025-08-30,1,PROD_SPRT_002,Sports & Outdoors,37,0,0,81.39
2025-08-30,1,PROD_SPRT_003,Sports & Outdoors,33,0,0,81.39
2025-08-30,1,PROD_SPRT_004,Sports & Outdoors,34,0,0,81.39
2025-08-31,1,PROD_ELEC_001,Electronics,43,0,0,77.11
2025-08-31,1,PROD_ELEC_002,Electronics,43,0,0,77.11
2025-08-31,1,PROD_ELEC_003,Electronics,50,1,0,77.11
2025-08-31,1,PROD_ELEC_004,Electronics,53,1,0,77.11
2025-08-31,1,PROD_ELEC_005,Electronics,37,0,0,77.11
2025-08-31,1,PROD_APP_001,Apparel,33,0,0,77.11
2025-08-31,1,PROD_APP_002,Apparel,30,0,0,77.11
2025-08-31,1,PROD_APP_003,Apparel,36,0,0,77.11
2025-08-31,1,PROD_APP_004,Apparel,36,0,0,77.11
2025-08-31,1,PROD_HOME_001,Home & Kitchen,52,1,0,77.11
2025-08-31,1,PROD_HOME_002,Home & Kitchen,38,0,0,77.11
2025-08-31,1,PROD_HOME_003,Home & Kitchen,43,0,0,77.11
2025-08-31,1,PROD_HOME_004,Home & Kitchen,36,0,0,77.11
2025-08-31,1,PROD_BEAU_001,Health & Beauty,55,1,0,77.11
2025-08-31,1,PROD_BEAU_002,Health & Beauty,40,0,0,77.11
2025-08-31,1,PROD_BEAU_003,Health & Beauty,39,0,0,77.11
2025-08-31,1,PROD_SPRT_001,Sports & Outdoors,35,0,0,77.11
2025-08-31,1,PROD_SPRT_002,Sports & Outdoors,37,0,0,77.11
2025-08-31,1,PROD_SPRT_003,Sports & Outdoors,39,0,0,77.11
2025-08-31,1,PROD_SPRT_004,Sports & Outdoors,32,0,0,77.11
2025-09-01,1,PROD_ELEC_001,Electronics,35,0,0,81.28
2025-09-01,1,PROD_ELEC_002,Electronics,40,1,0,81.28
2025-09-01,1,PROD_ELEC_003,Electronics,30,0,0,81.28
2025-09-01,1,PROD_ELEC_004,Electronics,32,0,0,81.28
2025-09-01,1,PROD_ELEC_005,Electronics,27,0,0,81.28
2025-09-01,1,PROD_APP_001,Apparel,31,0,0,81.28
2025-09-01,1,PROD_APP_002,Apparel,30,0,0,81.28
2025-09-01,1,PROD_APP_003,Apparel,24,0,0,81.28
2025-09-01,1,PROD_APP_004,Apparel,31,0,0,81.28
2025-09-01,1,PROD_HOME_001,Home & Kitchen,39,1,0,81.28
2025-09-01,1,PROD_HOME_002,Home & Kitchen,33,0,0,81.28
2025-09-01,1,PROD_HOME_003,Home & Kitchen,27,0,0,81.28
2025-09-01,1,PROD_HOME_004,Home & Kitchen,29,0,0,81.28
2025-09-01,1,PROD_BEAU_001,Health & Beauty,35,0,0,81.28
2025-09-01,1,PROD_BEAU_002,Health & Beauty,31,0,0,81.28
2025-09-01,1,PROD_BEAU_003,Health & Beauty,25,0,0,81.28
2025-09-01,1,PROD_SPRT_001,Sports & Outdoors,25,0,0,81.28
2025-09-01,1,PROD_SPRT_002,Sports & Outdoors,27,0,0,81.28
2025-09-01,1,PROD_SPRT_003,Sports & Outdoors,31,0,0,81.28
2025-09-01,1,PROD_SPRT_004,Sports & Outdoors,44,1,0,81.28
2025-09-02,1,PROD_ELEC_001,Electronics,25,0,0,78.68
2025-09-02,1,PROD_ELEC_002,Electronics,44,1,0,78.68
2025-09-02,1,PROD_ELEC_003,Electronics,29,0,0,78.68
2025-09-02,1,PROD_ELEC_004,Electronics,38,0,0,78.68
2025-09-02,1,PROD_ELEC_005,Electronics,30,0,0,78.68
2025-09-02,1,PROD_APP_001,Apparel,37,0,0,78.68
2025-09-02,1,PROD_APP_002,Apparel,38,1,0,78.68
2025-09-02,1,PROD_APP_003,Apparel,23,0,0,78.68
2025-09-02,1,PROD_APP_004,Apparel,25,0,0,78.68
2025-09-02,1,PROD_HOME_001,Home & Kitchen,48,1,0,78.68
2025-09-02,1,PROD_HOME_002,Home & Kitchen,37,0,0,78.68
2025-09-02,1,PROD_HOME_003,Home & Kitchen,26,0,0,78.68
2025-09-02,1,PROD_HOME_004,Home & Kitchen,28,0,0,78.68
2025-09-02,1,PROD_BEAU_001,Health & Beauty,25,0,0,78.68
2025-09-02,1,PROD_BEAU_002,Health & Beauty,22,0,0,78.68
2025-09-02,1,PROD_BEAU_003,Health & Beauty,32,0,0,78.68
2025-09-02,1,PROD_SPRT_001,Sports & Outdoors,44,1,0,78.68
2025-09-02,1,PROD_SPRT_002,Sports & Outdoors,30,0,0,78.68
2025-09-02,1,PROD_SPRT_003,Sports & Outdoors,24,0,0,78.68
2025-09-02,1,PROD_SPRT_004,Sports & Outdoors,36,0,0,78.68
2025-09-03,1,PROD_ELEC_001,Electronics,45,1,0,79.01
2025-09-03,1,PROD_ELEC_002,Electronics,24,0,0,79.01
2025-09-03,1,PROD_ELEC_003,Electronics,29,0,0,79.01
2025-09-03,1,PROD_ELEC_004,Electronics,31,0,0,79.01
2025-09-03,1,PROD_ELEC_005,Electronics,31,0,0,79.01
2025-09-03,1,PROD_APP_001,Apparel,30,0,0,79.01
2025-09-03,1,PROD_APP_002,Apparel,45,1,0,79.01
2025-09-03,1,PROD_APP_003,Apparel,38,1,0,79.01
2025-09-03,1,PROD_APP_004,Apparel,30,0,0,79.01
2025-09-03,1,PROD_HOME_001,Home & Kitchen,30,0,0,79.01
2025-09-03,1,PROD_HOME_002,Home & Kitchen,30,0,0,79.01
2025-09-03,1,PROD_HOME_003,Home & Kitchen,30,0,0,79.01
2025-09-03,1,PROD_HOME_004,Home & Kitchen,24,0,0,79.01
2025-09-03,1,PROD_BEAU_001,Health & Beauty,24,0,0,79.01
2025-09-03,1,PROD_BEAU_002,Health & Beauty,21,0,0,79.01
2025-09-03,1,PROD_BEAU_003,Health & Beauty,33,0,0,79.01
2025-09-03,1,PROD_SPRT_001,Sports & Outdoors,33,0,0,79.01
2025-09-03,1,PROD_SPRT_002,Sports & Outdoors,33,0,0,79.01
2025-09-03,1,PROD_SPRT_003,Sports & Outdoors,44,1,0,79.01
2025-09-03,1,PROD_SPRT_004,Sports & Outdoors,21,0,0,79.01
2025-09-04,1,PROD_ELEC_001,Electronics,30,0,0,78.29
2025-09-04,1,PROD_ELEC_002,Electronics,44,1,0,78.29
2025-09-04,1,PROD_ELEC_003,Electronics,29,0,0,78.29
2025-09-04,1,PROD_ELEC_004,Electronics,31,0,0,78.29
2025-09-04,1,PROD_ELEC_005,Electronics,30,0,0,78.29
2025-09-04,1,PROD_APP_001,Apparel,30,0,0,78.29
2025-09-04,1,PROD_APP_002,Apparel,27,0,0,78.29
2025-09-04,1,PROD_APP_003,Apparel,33,0,0,78.29
2025-09-04,1,PROD_APP_004,Apparel,28,0,0,78.29
2025-09-04,1,PROD_HOME_001,Home & Kitchen,38,1,0,78.29
2025-09-04,1,PROD_HOME_002,Home & Kitchen,26,0,0,78.29
2025-09-04,1,PROD_HOME_003,Home & Kitchen,28,0,0,78.29
2025-09-04,1,PROD_HOME_004,Home & Kitchen,33,0,0,78.29
2025-09-04,1,PROD_BEAU_001,Health & Beauty,43,1,0,78.29
2025-09-04,1,PROD_BEAU_002,Health & Beauty,42,1,0,78.29
2025-09-04,1,PROD_BEAU_003,Health & Beauty,25,0,0,78.29
2025-09-04,1,PROD_SPRT_001,Sports & Outdoors,33,0,0,78.29
2025-09-04,1,PROD_SPRT_002,Sports & Outdoors,40,1,0,78.29
2025-09-04,1,PROD_SPRT_003,Sports & Outdoors,43,1,0,78.29
2025-09-04,1,PROD_SPRT_004,Sports & Outdoors,35,0,0,78.29
2025-09-05,1,PROD_ELEC_001,Electronics,23,0,0,80.04
2025-09-05,1,PROD_ELEC_002,Electronics,22,0,0,80.04
2025-09-05,1,PROD_ELEC_003,Electronics,29,0,0,80.04
2025-09-05,1,PROD_ELEC_004,Electronics,25,0,0,80.04
2025-09-05,1,PROD_ELEC_005,Electronics,32,0,0,80.04
2025-09-05,1,PROD_APP_001,Apparel,30,0,0,80.04
2025-09-05,1,PROD_APP_002,Apparel,30,0,0,80.04
2025-09-05,1,PROD_APP_003,Apparel,27,0,0,80.04
2025-09-05,1,PROD_APP_004,Apparel,36,0,0,80.04
2025-09-05,1,PROD_HOME_001,Home & Kitchen,54,1,0,80.04
2025-09-05,1,PROD_HOME_002,Home & Kitchen,28,0,0,80.04
2025-09-05,1,PROD_HOME_003,Home & Kitchen,31,0,0,80.04
2025-09-05,1,PROD_HOME_004,Home & Kitchen,30,0,0,80.04
2025-09-05,1,PROD_BEAU_001,Health & Beauty,28,0,0,80.04
2025-09-05,1,PROD_BEAU_002,Health & Beauty,26,0,0,80.04
2025-09-05,1,PROD_BEAU_003,Health & Beauty,25,0,0,80.04
2025-09-05,1,PROD_SPRT_001,Sports & Outdoors,25,0,0,80.04
2025-09-05,1,PROD_SPRT_002,Sports & Outdoors,31,0,0,80.04
2025-09-05,1,PROD_SPRT_003,Sports & Outdoors,41,1,0,80.04
2025-09-05,1,PROD_SPRT_004,Sports & Outdoors,19,0,0,80.04
2025-09-06,1,PROD_ELEC_001,Electronics,37,0,0,79.86
2025-09-06,1,PROD_ELEC_002,Electronics,59,1,0,79.86
2025-09-06,1,PROD_ELEC_003,Electronics,38,0,0,79.86
2025-09-06,1,PROD_ELEC_004,Electronics,31,0,0,79.86
2025-09-06,1,PROD_ELEC_005,Electronics,28,0,0,79.86
2025-09-06,1,PROD_APP_001,Apparel,34,0,0,79.86
2025-09-06,1,PROD_APP_002,Apparel,34,0,0,79.86
2025-09-06,1,PROD_APP_003,Apparel,58,1,0,79.86
2025-09-06,1,PROD_APP_004,Apparel,54,1,0,79.86
2025-09-06,1,PROD_HOME_001,Home & Kitchen,42,0,0,79.86
2025-09-06,1,PROD_HOME_002,Home & Kitchen,32,0,0,79.86
2025-09-06,1,PROD_HOME_003,Home & Kitchen,41,0,0,79.86
2025-09-06,1,PROD_HOME_004,Home & Kitchen,40,0,0,79.86
2025-09-06,1,PROD_BEAU_001,Health & Beauty,29,0,0,79.86
2025-09-06,1,PROD_BEAU_002,Health & Beauty,42,0,0,79.86
2025-09-06,1,PROD_BEAU_003,Health & Beauty,37,0,0,79.86
2025-09-06,1,PROD_SPRT_001,Sports & Outdoors,39,0,0,79.86
2025-09-06,1,PROD_SPRT_002,Sports & Outdoors,34,0,0,79.86
2025-09-06,1,PROD_SPRT_003,Sports & Outdoors,59,1,0,79.86
2025-09-06,1,PROD_SPRT_004,Sports & Outdoors,32,0,0,79.86
2025-09-07,1,PROD_ELEC_001,Electronics,57,1,0,80.22
2025-09-07,1,PROD_ELEC_002,Electronics,33,0,0,80.22
2025-09-07,1,PROD_ELEC_003,Electronics,45,0,0,80.22
2025-09-07,1,PROD_ELEC_004,Electronics,38,0,0,80.22
2025-09-07,1,PROD_ELEC_005,Electronics,40,0,0,80.22
2025-09-07,1,PROD_APP_001,Apparel,31,0,0,80.22
2025-09-07,1,PROD_APP_002,Apparel,45,0,0,80.22
2025-09-07,1,PROD_APP_003,Apparel,32,0,0,80.22
2025-09-07,1,PROD_APP_004,Apparel,41,0,0,80.22
2025-09-07,1,PROD_HOME_001,Home & Kitchen,33,0,0,80.22
2025-09-07,1,PROD_HOME_002,Home & Kitchen,35,0,0,80.22
2025-09-07,1,PROD_HOME_003,Home & Kitchen,40,0,0,80.22
2025-09-07,1,PROD_HOME_004,Home & Kitchen,58,1,0,80.22
2025-09-07,1,PROD_BEAU_001,Health & Beauty,32,0,0,80.22
2025-09-07,1,PROD_BEAU_002,Health & Beauty,41,0,0,80.22
2025-09-07,1,PROD_BEAU_003,Health & Beauty,41,0,0,80.22
2025-09-07,1,PROD_SPRT_001,Sports & Outdoors,50,1,0,80.22
2025-09-07,1,PROD_SPRT_002,Sports & Outdoors,43,0,0,80.22
2025-09-07,1,PROD_SPRT_003,Sports & Outdoors,48,1,0,80.22
2025-09-07,1,PROD_SPRT_004,Sports & Outdoors,51,1,0,80.22
2025-09-08,1,PROD_ELEC_001,Electronics,40,1,0,79.67
2025-09-08,1,PROD_ELEC_002,Electronics,31,0,0,79.67
2025-09-08,1,PROD_ELEC_003,Electronics,30,0,0,79.67
2025-09-08,1,PROD_ELEC_004,Electronics,42,1,0,79.67
2025-09-08,1,PROD_ELEC_005,Electronics,33,0,0,79.67
2025-09-08,1,PROD_APP_001,Apparel,29,0,0,79.67
2025-09-08,1,PROD_APP_002,Apparel,44,1,0,79.67
2025-09-08,1,PROD_APP_003,Apparel,48,1,0,79.67
2025-09-08,1,PROD_APP_004,Apparel,33,0,0,79.67
2025-09-08,1,PROD_HOME_001,Home & Kitchen,33,0,0,79.67
2025-09-08,1,PROD_HOME_002,Home & Kitchen,38,1,0,79.67
2025-09-08,1,PROD_HOME_003,Home & Kitchen,45,1,0,79.67
2025-09-08,1,PROD_HOME_004,Home & Kitchen,26,0,0,79.67
2025-09-08,1,PROD_BEAU_001,Health & Beauty,38,1,0,79.67
2025-09-08,1,PROD_BEAU_002,Health & Beauty,29,0,0,79.67
2025-09-08,1,PROD_BEAU_003,Health & Beauty,26,0,0,79.67
2025-09-08,1,PROD_SPRT_001,Sports & Outdoors,33,0,0,79.67
2025-09-08,1,PROD_SPRT_002,Sports & Outdoors,33,0,0,79.67
2025-09-08,1,PROD_SPRT_003,Sports & Outdoors,22,0,0,79.67
2025-09-08,1,PROD_SPRT_004,Sports & Outdoors,26,0,0,79.67
2025-09-09,1,PROD_ELEC_001,Electronics,28,0,0,77.22
2025-09-09,1,PROD_ELEC_002,Electronics,31,0,0,77.22
2025-09-09,1,PROD_ELEC_003,Electronics,42,1,0,77.22
2025-09-09,1,PROD_ELEC_004,Electronics,27,0,0,77.22
2025-09-09,1,PROD_ELEC_005,Electronics,35,0,0,77.22
2025-09-09,1,PROD_APP_001,Apparel,20,0,0,77.22
2025-09-09,1,PROD_APP_002,Apparel,34,0,0,77.22
2025-09-09,1,PROD_APP_003,Apparel,41,1,0,77.22
2025-09-09,1,PROD_APP_004,Apparel,29,0,0,77.22
2025-09-09,1,PROD_HOME_001,Home & Kitchen,27,0,0,77.22
2025-09-09,1,PROD_HOME_002,Home & Kitchen,36,0,0,77.22
2025-09-09,1,PROD_HOME_003,Home & Kitchen,25,0,0,77.22
2025-09-09,1,PROD_HOME_004,Home & Kitchen,43,1,0,77.22
2025-09-09,1,PROD_BEAU_001,Health & Beauty,32,0,0,77.22
2025-09-09,1,PROD_BEAU_002,Health & Beauty,37,1,0,77.22
2025-09-09,1,PROD_BEAU_003,Health & Beauty,26,0,0,77.22
2025-09-09,1,PROD_SPRT_001,Sports & Outdoors,29,0,0,77.22
2025-09-09,1,PROD_SPRT_002,Sports & Outdoors,26,0,0,77.22
2025-09-09,1,PROD_SPRT_003,Sports & Outdoors,26,0,0,77.22
2025-09-09,1,PROD_SPRT_004,Sports & Outdoors,28,0,0,77.22
2025-09-10,1,PROD_ELEC_001,Electronics,28,0,0,79.62
2025-09-10,1,PROD_ELEC_002,Electronics,47,1,0,79.62
2025-09-10,1,PROD_ELEC_003,Electronics,26,0,0,79.62
2025-09-10,1,PROD_ELEC_004,Electronics,24,0,0,79.62
2025-09-10,1,PROD_ELEC_005,Electronics,37,0,0,79.62
2025-09-10,1,PROD_APP_001,Apparel,27,0,0,79.62
2025-09-10,1,PROD_APP_002,Apparel,24,0,0,79.62
2025-09-10,1,PROD_APP_003,Apparel,23,0,0,79.62
2025-09-10,1,PROD_APP_004,Apparel,34,0,0,79.62
2025-09-10,1,PROD_HOME_001,Home & Kitchen,28,0,0,79.62
2025-09-10,1,PROD_HOME_002,Home & Kitchen,28,0,0,79.62
2025-09-10,1,PROD_HOME_003,Home & Kitchen,29,0,0,79.62
2025-09-10,1,PROD_HOME_004,Home & Kitchen,34,0,0,79.62
2025-09-10,1,PROD_BEAU_001,Health & Beauty,29,0,0,79.62
2025-09-10,1,PROD_BEAU_002,Health & Beauty,52,1,0,79.62
2025-09-10,1,PROD_BEAU_003,Health & Beauty,30,0,0,79.62
2025-09-10,1,PROD_SPRT_001,Sports & Outdoors,47,1,0,79.62
2025-09-10,1,PROD_SPRT_002,Sports & Outdoors,46,1,0,79.62
2025-09-10,1,PROD_SPRT_003,Sports & Outdoors,43,1,0,79.62
2025-09-10,1,PROD_SPRT_004,Sports & Outdoors,27,0,0,79.62
2025-09-11,1,PROD_ELEC_001,Electronics,32,0,0,79.09
2025-09-11,1,PROD_ELEC_002,Electronics,27,0,0,79.09
2025-09-11,1,PROD_ELEC_003,Electronics,44,1,0,79.09
2025-09-11,1,PROD_ELEC_004,Electronics,34,0,0,79.09
2025-09-11,1,PROD_ELEC_005,Electronics,51,1,0,79.09
2025-09-11,1,PROD_APP_001,Apparel,33,0,0,79.09
2025-09-11,1,PROD_APP_002,Apparel,37,0,0,79.09
2025-09-11,1,PROD_APP_003,Apparel,27,0,0,79.09
2025-09-11,1,PROD_APP_004,Apparel,32,0,0,79.09
2025-09-11,1,PROD_HOME_001,Home & Kitchen,35,0,0,79.09
2025-09-11,1,PROD_HOME_002,Home & Kitchen,26,0,0,79.09
2025-09-11,1,PROD_HOME_003,Home & Kitchen,28,0,0,79.09
2025-09-11,1,PROD_HOME_004,Home & Kitchen,36,0,0,79.09
2025-09-11,1,PROD_BEAU_001,Health & Beauty,26,0,0,79.09
2025-09-11,1,PROD_BEAU_002,Health & Beauty,38,1,0,79.09
2025-09-11,1,PROD_BEAU_003,Health & Beauty,36,0,0,79.09
2025-09-11,1,PROD_SPRT_001,Sports & Outdoors,34,0,0,79.09
2025-09-11,1,PROD_SPRT_002,Sports & Outdoors,31,0,0,79.09
2025-09-11,1,PROD_SPRT_003,Sports & Outdoors,43,1,0,79.09
2025-09-11,1,PROD_SPRT_004,Sports & Outdoors,28,0,0,79.09
2025-09-12,1,PROD_ELEC_001,Electronics,36,0,0,78.88
2025-09-12,1,PROD_ELEC_002,Electronics,44,1,0,78.88
2025-09-12,1,PROD_ELEC_003,Electronics,38,0,0,78.88
2025-09-12,1,PROD_ELEC_004,Electronics,26,0,0,78.88
2025-09-12,1,PROD_ELEC_005,Electronics,43,1,0,78.88
2025-09-12,1,PROD_APP_001,Apparel,42,1,0,78.88
2025-09-12,1,PROD_APP_002,Apparel,25,0,0,78.88
2025-09-12,1,PROD_APP_003,Apparel,29,0,0,78.88
2025-09-12,1,PROD_APP_004,Apparel,45,1,0,78.88
2025-09-12,1,PROD_HOME_001,Home & Kitchen,32,0,0,78.88
2025-09-12,1,PROD_HOME_002,Home & Kitchen,38,0,0,78.88
2025-09-12,1,PROD_HOME_003,Home & Kitchen,45,1,0,78.88
2025-09-12,1,PROD_HOME_004,Home & Kitchen,34,0,0,78.88
2025-09-12,1,PROD_BEAU_001,Health & Beauty,30,0,0,78.88
2025-09-12,1,PROD_BEAU_002,Health & Beauty,36,0,0,78.88
2025-09-12,1,PROD_BEAU_003,Health & Beauty,39,0,0,78.88
2025-09-12,1,PROD_SPRT_001,Sports & Outdoors,45,1,0,78.88
2025-09-12,1,PROD_SPRT_002,Sports & Outdoors,26,0,0,78.88
2025-09-12,1,PROD_SPRT_003,Sports & Outdoors,27,0,0,78.88
2025-09-12,1,PROD_SPRT_004,Sports & Outdoors,31,0,0,78.88
2025-09-13,1,PROD_ELEC_001,Electronics,40,0,0,78.94
2025-09-13,1,PROD_ELEC_002,Electronics,39,0,0,78.94
2025-09-13,1,PROD_ELEC_003,Electronics,37,0,0,78.94
2025-09-13,1,PROD_ELEC_004,Electronics,34,0,0,78.94
2025-09-13,1,PROD_ELEC_005,Electronics,39,0,0,78.94
2025-09-13,1,PROD_APP_001,Apparel,44,0,0,78.94
2025-09-13,1,PROD_APP_002,Apparel,41,0,0,78.94
2025-09-13,1,PROD_APP_003,Apparel,39,0,0,78.94
2025-09-13,1,PROD_APP_004,Apparel,41,0,0,78.94
2025-09-13,1,PROD_HOME_001,Home & Kitchen,36,0,0,78.94
2025-09-13,1,PROD_HOME_002,Home & Kitchen,35,0,0,78.94
2025-09-13,1,PROD_HOME_003,Home & Kitchen,34,0,0,78.94
2025-09-13,1,PROD_HOME_004,Home & Kitchen,53,1,0,78.94
2025-09-13,1,PROD_BEAU_001,Health & Beauty,35,0,0,78.94
2025-09-13,1,PROD_BEAU_002,Health & Beauty,42,0,0,78.94
2025-09-13,1,PROD_BEAU_003,Health & Beauty,35,0,0,78.94
2025-09-13,1,PROD_SPRT_001,Sports & Outdoors,51,1,0,78.94
2025-09-13,1,PROD_SPRT_002,Sports & Outdoors,62,1,0,78.94
2025-09-13,1,PROD_SPRT_003,Sports & Outdoors,52,1,0,78.94
2025-09-13,1,PROD_SPRT_004,Sports & Outdoors,54,1,0,78.94
2025-09-14,1,PROD_ELEC_001,Electronics,32,0,0,78.77
2025-09-14,1,PROD_ELEC_002,Electronics,42,0,0,78.77
2025-09-14,1,PROD_ELEC_003,Electronics,40,0,0,78.77
2025-09-14,1,PROD_ELEC_004,Electronics,43,0,0,78.77
2025-09-14,1,PROD_ELEC_005,Electronics,51,1,0,78.77
2025-09-14,1,PROD_APP_001,Apparel,37,0,0,78.77
2025-09-14,1,PROD_APP_002,Apparel,54,1,0,78.77
2025-09-14,1,PROD_APP_003,Apparel,55,1,0,78.77
2025-09-14,1,PROD_APP_004,Apparel,31,0,0,78.77
2025-09-14,1,PROD_HOME_001,Home & Kitchen,37,0,0,78.77
2025-09-14,1,PROD_HOME_002,Home & Kitchen,31,0,0,78.77
2025-09-14,1,PROD_HOME_003,Home & Kitchen,38,0,0,78.77
2025-09-14,1,PROD_HOME_004,Home & Kitchen,28,0,0,78.77
2025-09-14,1,PROD_BEAU_001,Health & Beauty,30,0,0,78.77
2025-09-14,1,PROD_BEAU_002,Health & Beauty,40,0,0,78.77
2025-09-14,1,PROD_BEAU_003,Health & Beauty,35,0,0,78.77
2025-09-14,1,PROD_SPRT_001,Sports & Outdoors,33,0,0,78.77
2025-09-14,1,PROD_SPRT_002,Sports & Outdoors,42,0,0,78.77
2025-09-14,1,PROD_SPRT_003,Sports & Outdoors,38,0,0,78.77
2025-09-14,1,PROD_SPRT_004,Sports & Outdoors,57,1,0,78.77
2025-09-15,1,PROD_ELEC_001,Electronics,40,0,0,77.85
2025-09-15,1,PROD_ELEC_002,Electronics,27,0,0,77.85
2025-09-15,1,PROD_ELEC_003,Electronics,36,0,0,77.85
2025-09-15,1,PROD_ELEC_004,Electronics,29,0,0,77.85
2025-09-15,1,PROD_ELEC_005,Electronics,23,0,0,77.85
2025-09-15,1,PROD_APP_001,Apparel,31,0,0,77.85
2025-09-15,1,PROD_APP_002,Apparel,44,1,0,77.85
2025-09-15,1,PROD_APP_003,Apparel,25,0,0,77.85
2025-09-15,1,PROD_APP_004,Apparel,26,0,0,77.85
2025-09-15,1,PROD_HOME_001,Home & Kitchen,29,0,0,77.85
2025-09-15,1,PROD_HOME_002,Home & Kitchen,31,0,0,77.85
2025-09-15,1,PROD_HOME_003,Home & Kitchen,20,0,0,77.85
2025-09-15,1,PROD_HOME_004,Home & Kitchen,47,1,0,77.85
2025-09-15,1,PROD_BEAU_001,Health & Beauty,28,0,0,77.85
2025-09-15,1,PROD_BEAU_002,Health & Beauty,24,0,0,77.85
2025-09-15,1,PROD_BEAU_003,Health & Beauty,47,1,0,77.85
2025-09-15,1,PROD_SPRT_001,Sports & Outdoors,29,0,0,77.85
2025-09-15,1,PROD_SPRT_002,Sports & Outdoors,34,0,0,77.85
2025-09-15,1,PROD_SPRT_003,Sports & Outdoors,31,0,0,77.85
2025-09-15,1,PROD_SPRT_004,Sports & Outdoors,29,0,0,77.85
2025-09-16,1,PROD_ELEC_001,Electronics,31,0,0,77.69
2025-09-16,1,PROD_ELEC_002,Electronics,28,0,0,77.69
2025-09-16,1,PROD_ELEC_003,Electronics,26,0,0,77.69
2025-09-16,1,PROD_ELEC_004,Electronics,32,0,0,77.69
2025-09-16,1,PROD_ELEC_005,Electronics,29,0,0,77.69
2025-09-16,1,PROD_APP_001,Apparel,30,0,0,77.69
2025-09-16,1,PROD_APP_002,Apparel,34,0,0,77.69
2025-09-16,1,PROD_APP_003,Apparel,29,0,0,77.69
2025-09-16,1,PROD_APP_004,Apparel,30,0,0,77.69
2025-09-16,1,PROD_HOME_001,Home & Kitchen,27,0,0,77.69
2025-09-16,1,PROD_HOME_002,Home & Kitchen,45,1,0,77.69
2025-09-16,1,PROD_HOME_003,Home & Kitchen,44,1,0,77.69
2025-09-16,1,PROD_HOME_004,Home & Kitchen,33,0,0,77.69
2025-09-16,1,PROD_BEAU_001,Health & Beauty,27,0,0,77.69
2025-09-16,1,PROD_BEAU_002,Health & Beauty,28,0,0,77.69
2025-09-16,1,PROD_BEAU_003,Health & Beauty,46,1,0,77.69
2025-09-16,1,PROD_SPRT_001,Sports & Outdoors,31,0,0,77.69
2025-09-16,1,PROD_SPRT_002,Sports & Outdoors,26,0,0,77.69
2025-09-16,1,PROD_SPRT_003,Sports & Outdoors,48,1,0,77.69
2025-09-16,1,PROD_SPRT_004,Sports & Outdoors,23,0,0,77.69
2025-09-17,1,PROD_ELEC_001,Electronics,24,0,0,78.63
2025-09-17,1,PROD_ELEC_002,Electronics,37,0,0,78.63
2025-09-17,1,PROD_ELEC_003,Electronics,23,0,0,78.63
2025-09-17,1,PROD_ELEC_004,Electronics,34,0,0,78.63
2025-09-17,1,PROD_ELEC_005,Electronics,29,0,0,78.63
2025-09-17,1,PROD_APP_001,Apparel,28,0,0,78.63
2025-09-17,1,PROD_APP_002,Apparel,30,0,0,78.63
2025-09-17,1,PROD_APP_003,Apparel,46,1,0,78.63
2025-09-17,1,PROD_APP_004,Apparel,26,0,0,78.63
2025-09-17,1,PROD_HOME_001,Home & Kitchen,26,0,0,78.63
2025-09-17,1,PROD_HOME_002,Home & Kitchen,46,1,0,78.63
2025-09-17,1,PROD_HOME_003,Home & Kitchen,23,0,0,78.63
2025-09-17,1,PROD_HOME_004,Home & Kitchen,27,0,0,78.63
2025-09-17,1,PROD_BEAU_001,Health & Beauty,42,0,0,78.63
2025-09-17,1,PROD_BEAU_002,Health & Beauty,26,0,0,78.63
2025-09-17,1,PROD_BEAU_003,Health & Beauty,34,0,0,78.63
2025-09-17,1,PROD_SPRT_001,Sports & Outdoors,27,0,0,78.63
2025-09-17,1,PROD_SPRT_002,Sports & Outdoors,32,0,0,78.63
2025-09-17,1,PROD_SPRT_003,Sports & Outdoors,32,0,0,78.63
2025-09-17,1,PROD_SPRT_004,Sports & Outdoors,34,0,0,78.63
2025-09-18,1,PROD_ELEC_001,Electronics,37,0,0,77.26
2025-09-18,1,PROD_ELEC_002,Electronics,27,0,0,77.26
2025-09-18,1,PROD_ELEC_003,Electronics,30,0,0,77.26
2025-09-18,1,PROD_ELEC_004,Electronics,30,0,0,77.26
2025-09-18,1,PROD_ELEC_005,Electronics,39,1,0,77.26
2025-09-18,1,PROD_APP_001,Apparel,28,0,0,77.26
2025-09-18,1,PROD_APP_002,Apparel,30,0,0,77.26
2025-09-18,1,PROD_APP_003,Apparel,28,0,0,77.26
2025-09-18,1,PROD_APP_004,Apparel,39,0,0,77.26
2025-09-18,1,PROD_HOME_001,Home & Kitchen,26,0,0,77.26
2025-09-18,1,PROD_HOME_002,Home & Kitchen,34,0,0,77.26
2025-09-18,1,PROD_HOME_003,Home & Kitchen,33,0,0,77.26
2025-09-18,1,PROD_HOME_004,Home & Kitchen,29,0,0,77.26
2025-09-18,1,PROD_BEAU_001,Health & Beauty,26,0,0,77.26
2025-09-18,1,PROD_BEAU_002,Health & Beauty,26,0,0,77.26
2025-09-18,1,PROD_BEAU_003,Health & Beauty,27,0,0,77.26
2025-09-18,1,PROD_SPRT_001,Sports & Outdoors,22,0,0,77.26
2025-09-18,1,PROD_SPRT_002,Sports & Outdoors,25,0,0,77.26
2025-09-18,1,PROD_SPRT_003,Sports & Outdoors,24,0,0,77.26
2025-09-18,1,PROD_SPRT_004,Sports & Outdoors,48,1,0,77.26
2025-09-19,1,PROD_ELEC_001,Electronics,33,0,0,78.05
2025-09-19,1,PROD_ELEC_002,Electronics,32,0,0,78.05
2025-09-19,1,PROD_ELEC_003,Electronics,30,0,0,78.05
2025-09-19,1,PROD_ELEC_004,Electronics,35,0,0,78.05
2025-09-19,1,PROD_ELEC_005,Electronics,41,1,0,78.05
2025-09-19,1,PROD_APP_001,Apparel,30,0,0,78.05
2025-09-19,1,PROD_APP_002,Apparel,46,1,0,78.05
2025-09-19,1,PROD_APP_003,Apparel,24,0,0,78.05
2025-09-19,1,PROD_APP_004,Apparel,55,1,0,78.05
2025-09-19,1,PROD_HOME_001,Home & Kitchen,30,0,0,78.05
2025-09-19,1,PROD_HOME_002,Home & Kitchen,30,0,0,78.05
2025-09-19,1,PROD_HOME_003,Home & Kitchen,35,0,0,78.05
2025-09-19,1,PROD_HOME_004,Home & Kitchen,33,0,0,78.05
2025-09-19,1,PROD_BEAU_001,Health & Beauty,30,0,0,78.05
2025-09-19,1,PROD_BEAU_002,Health & Beauty,30,0,0,78.05
2025-09-19,1,PROD_BEAU_003,Health & Beauty,23,0,0,78.05
2025-09-19,1,PROD_SPRT_001,Sports & Outdoors,27,0,0,78.05
2025-09-19,1,PROD_SPRT_002,Sports & Outdoors,32,0,0,78.05
2025-09-19,1,PROD_SPRT_003,Sports & Outdoors,31,0,0,78.05
2025-09-19,1,PROD_SPRT_004,Sports & Outdoors,34,0,0,78.05
2025-09-20,1,PROD_ELEC_001,Electronics,31,0,0,76.96
2025-09-20,1,PROD_ELEC_002,Electronics,41,0,0,76.96
2025-09-20,1,PROD_ELEC_003,Electronics,43,0,0,76.96
2025-09-20,1,PROD_ELEC_004,Electronics,41,0,0,76.96
2025-09-20,1,PROD_ELEC_005,Electronics,53,1,0,76.96
2025-09-20,1,PROD_APP_001,Apparel,41,0,0,76.96
2025-09-20,1,PROD_APP_002,Apparel,51,0,0,76.96
2025-09-20,1,PROD_APP_003,Apparel,37,0,0,76.96
2025-09-20,1,PROD_APP_004,Apparel,32,0,0,76.96
2025-09-20,1,PROD_HOME_001,Home & Kitchen,35,0,0,76.96
2025-09-20,1,PROD_HOME_002,Home & Kitchen,40,0,0,76.96
2025-09-20,1,PROD_HOME_003,Home & Kitchen,31,0,0,76.96
2025-09-20,1,PROD_HOME_004,Home & Kitchen,38,0,0,76.96
2025-09-20,1,PROD_BEAU_001,Health & Beauty,39,0,0,76.96
2025-09-20,1,PROD_BEAU_002,Health & Beauty,43,0,0,76.96
2025-09-20,1,PROD_BEAU_003,Health & Beauty,42,0,0,76.96
2025-09-20,1,PROD_SPRT_001,Sports & Outdoors,40,0,0,76.96
2025-09-20,1,PROD_SPRT_002,Sports & Outdoors,28,0,0,76.96
2025-09-20,1,PROD_SPRT_003,Sports & Outdoors,41,0,0,76.96
2025-09-20,1,PROD_SPRT_004,Sports & Outdoors,40,0,0,76.96
2025-09-21,1,PROD_ELEC_001,Electronics,30,0,0,77.2
2025-09-21,1,PROD_ELEC_002,Electronics,51,1,0,77.2
2025-09-21,1,PROD_ELEC_003,Electronics,49,1,0,77.2
2025-09-21,1,PROD_ELEC_004,Electronics,29,0,0,77.2
2025-09-21,1,PROD_ELEC_005,Electronics,37,0,0,77.2
2025-09-21,1,PROD_APP_001,Apparel,34,0,0,77.2
2025-09-21,1,PROD_APP_002,Apparel,48,0,0,77.2
2025-09-21,1,PROD_APP_003,Apparel,36,0,0,77.2
2025-09-21,1,PROD_APP_004,Apparel,59,1,0,77.2
2025-09-21,1,PROD_HOME_001,Home & Kitchen,31,0,0,77.2
2025-09-21,1,PROD_HOME_002,Home & Kitchen,35,0,0,77.2
2025-09-21,1,PROD_HOME_003,Home & Kitchen,37,0,0,77.2
2025-09-21,1,PROD_HOME_004,Home & Kitchen,33,0,0,77.2
2025-09-21,1,PROD_BEAU_001,Health & Beauty,35,0,0,77.2
2025-09-21,1,PROD_BEAU_002,Health & Beauty,36,0,0,77.2
2025-09-21,1,PROD_BEAU_003,Health & Beauty,36,0,0,77.2
2025-09-21,1,PROD_SPRT_001,Sports & Outdoors,61,1,0,77.2
2025-09-21,1,PROD_SPRT_002,Sports & Outdoors,39,0,0,77.2
2025-09-21,1,PROD_SPRT_003,Sports & Outdoors,39,0,0,77.2
2025-09-21,1,PROD_SPRT_004,Sports & Outdoors,39,0,0,77.2
2025-09-22,1,PROD_ELEC_001,Electronics,29,0,0,77.41
2025-09-22,1,PROD_ELEC_002,Electronics,28,0,0,77.41
2025-09-22,1,PROD_ELEC_003,Electronics,30,0,0,77.41
2025-09-22,1,PROD_ELEC_004,Electronics,34,0,0,77.41
2025-09-22,1,PROD_ELEC_005,Electronics,48,1,0,77.41
2025-09-22,1,PROD_APP_001,Apparel,42,1,0,77.41
2025-09-22,1,PROD_APP_002,Apparel,46,1,0,77.41
2025-09-22,1,PROD_APP_003,Apparel,29,0,0,77.41
2025-09-22,1,PROD_APP_004,Apparel,30,0,0,77.41
2025-09-22,1,PROD_HOME_001,Home & Kitchen,28,0,0,77.41
2025-09-22,1,PROD_HOME_002,Home & Kitchen,42,1,0,77.41
2025-09-22,1,PROD_HOME_003,Home & Kitchen,35,0,0,77.41
2025-09-22,1,PROD_HOME_004,Home & Kitchen,30,0,0,77.41
2025-09-22,1,PROD_BEAU_001,Health & Beauty,30,0,0,77.41
2025-09-22,1,PROD_BEAU_002,Health & Beauty,37,1,0,77.41
2025-09-22,1,PROD_BEAU_003,Health & Beauty,28,0,0,77.41
2025-09-22,1,PROD_SPRT_001,Sports & Outdoors,42,1,0,77.41
2025-09-22,1,PROD_SPRT_002,Sports & Outdoors,26,0,0,77.41
2025-09-22,1,PROD_SPRT_003,Sports & Outdoors,30,0,0,77.41
2025-09-22,1,PROD_SPRT_004,Sports & Outdoors,28,0,0,77.41
2025-09-23,1,PROD_ELEC_001,Electronics,30,0,0,76.56
2025-09-23,1,PROD_ELEC_002,Electronics,26,0,0,76.56
2025-09-23,1,PROD_ELEC_003,Electronics,28,0,0,76.56
2025-09-23,1,PROD_ELEC_004,Electronics,43,1,0,76.56
2025-09-23,1,PROD_ELEC_005,Electronics,34,0,0,76.56
2025-09-23,1,PROD_APP_001,Apparel,31,0,0,76.56
2025-09-23,1,PROD_APP_002,Apparel,40,1,0,76.56
2025-09-23,1,PROD_APP_003,Apparel,45,1,0,76.56
2025-09-23,1,PROD_APP_004,Apparel,36,0,0,76.56
2025-09-23,1,PROD_HOME_001,Home & Kitchen,33,0,0,76.56
2025-09-23,1,PROD_HOME_002,Home & Kitchen,32,0,0,76.56
2025-09-23,1,PROD_HOME_003,Home & Kitchen,32,0,0,76.56
2025-09-23,1,PROD_HOME_004,Home & Kitchen,35,0,0,76.56
2025-09-23,1,PROD_BEAU_001,Health & Beauty,34,0,0,76.56
2025-09-23,1,PROD_BEAU_002,Health & Beauty,32,0,0,76.56
2025-09-23,1,PROD_BEAU_003,Health & Beauty,34,0,0,76.56
2025-09-23,1,PROD_SPRT_001,Sports & Outdoors,25,0,0,76.56
2025-09-23,1,PROD_SPRT_002,Sports & Outdoors,37,1,0,76.56
2025-09-23,1,PROD_SPRT_003,Sports & Outdoors,30,0,0,76.56
2025-09-23,1,PROD_SPRT_004,Sports & Outdoors,30,0,0,76.56
2025-09-24,1,PROD_ELEC_001,Electronics,33,0,0,75.58
2025-09-24,1,PROD_ELEC_002,Electronics,22,0,0,75.58
2025-09-24,1,PROD_ELEC_003,Electronics,27,0,0,75.58
2025-09-24,1,PROD_ELEC_004,Electronics,28,0,0,75.58
2025-09-24,1,PROD_ELEC_005,Electronics,23,0,0,75.58
2025-09-24,1,PROD_APP_001,Apparel,49,1,0,75.58
2025-09-24,1,PROD_APP_002,Apparel,38,1,0,75.58
2025-09-24,1,PROD_APP_003,Apparel,27,0,0,75.58
2025-09-24,1,PROD_APP_004,Apparel,33,0,0,75.58
2025-09-24,1,PROD_HOME_001,Home & Kitchen,32,0,0,75.58
2025-09-24,1,PROD_HOME_002,Home & Kitchen,25,0,0,75.58
2025-09-24,1,PROD_HOME_003,Home & Kitchen,32,0,0,75.58
2025-09-24,1,PROD_HOME_004,Home & Kitchen,31,0,0,75.58
2025-09-24,1,PROD_BEAU_001,Health & Beauty,39,0,0,75.58
2025-09-24,1,PROD_BEAU_002,Health & Beauty,31,0,0,75.58
2025-09-24,1,PROD_BEAU_003,Health & Beauty,29,0,0,75.58
2025-09-24,1,PROD_SPRT_001,Sports & Outdoors,26,0,0,75.58
2025-09-24,1,PROD_SPRT_002,Sports & Outdoors,27,0,0,75.58
2025-09-24,1,PROD_SPRT_003,Sports & Outdoors,26,0,0,75.58
2025-09-24,1,PROD_SPRT_004,Sports & Outdoors,35,0,0,75.58
2025-09-25,1,PROD_ELEC_001,Electronics,32,0,0,76.03
2025-09-25,1,PROD_ELEC_002,Electronics,36,0,0,76.03
2025-09-25,1,PROD_ELEC_003,Electronics,20,0,0,76.03
2025-09-25,1,PROD_ELEC_004,Electronics,48,1,0,76.03
2025-09-25,1,PROD_ELEC_005,Electronics,30,0,0,76.03
2025-09-25,1,PROD_APP_001,Apparel,31,0,0,76.03
2025-09-25,1,PROD_APP_002,Apparel,26,0,0,76.03
2025-09-25,1,PROD_APP_003,Apparel,26,0,0,76.03
2025-09-25,1,PROD_APP_004,Apparel,31,0,0,76.03
2025-09-25,1,PROD_HOME_001,Home & Kitchen,39,0,0,76.03
2025-09-25,1,PROD_HOME_002,Home & Kitchen,34,0,0,76.03
2025-09-25,1,PROD_HOME_003,Home & Kitchen,35,0,0,76.03
2025-09-25,1,PROD_HOME_004,Home & Kitchen,29,0,0,76.03
2025-09-25,1,PROD_BEAU_001,Health & Beauty,27,0,0,76.03
2025-09-25,1,PROD_BEAU_002,Health & Beauty,26,0,0,76.03
2025-09-25,1,PROD_BEAU_003,Health & Beauty,28,0,0,76.03
2025-09-25,1,PROD_SPRT_001,Sports & Outdoors,21,0,0,76.03
2025-09-25,1,PROD_SPRT_002,Sports & Outdoors,40,1,0,76.03
2025-09-25,1,PROD_SPRT_003,Sports & Outdoors,27,0,0,76.03
2025-09-25,1,PROD_SPRT_004,Sports & Outdoors,29,0,0,76.03
2025-09-26,1,PROD_ELEC_001,Electronics,31,0,0,75.93
2025-09-26,1,PROD_ELEC_002,Electronics,29,0,0,75.93
2025-09-26,1,PROD_ELEC_003,Electronics,27,0,0,75.93
2025-09-26,1,PROD_ELEC_004,Electronics,22,0,0,75.93
2025-09-26,1,PROD_ELEC_005,Electronics,27,0,0,75.93
2025-09-26,1,PROD_APP_001,Apparel,39,1,0,75.93
2025-09-26,1,PROD_APP_002,Apparel,31,0,0,75.93
2025-09-26,1,PROD_APP_003,Apparel,33,0,0,75.93
2025-09-26,1,PROD_APP_004,Apparel,33,0,0,75.93
2025-09-26,1,PROD_HOME_001,Home & Kitchen,33,0,0,75.93
2025-09-26,1,PROD_HOME_002,Home & Kitchen,29,0,0,75.93
2025-09-26,1,PROD_HOME_003,Home & Kitchen,27,0,0,75.93
2025-09-26,1,PROD_HOME_004,Home & Kitchen,27,0,0,75.93
2025-09-26,1,PROD_BEAU_001,Health & Beauty,23,0,0,75.93
2025-09-26,1,PROD_BEAU_002,Health & Beauty,33,0,0,75.93
2025-09-26,1,PROD_BEAU_003,Health & Beauty,42,1,0,75.93
2025-09-26,1,PROD_SPRT_001,Sports & Outdoors,25,0,0,75.93
2025-09-26,1,PROD_SPRT_002,Sports & Outdoors,26,0,0,75.93
2025-09-26,1,PROD_SPRT_003,Sports & Outdoors,26,0,0,75.93
2025-09-26,1,PROD_SPRT_004,Sports & Outdoors,30,0,0,75.93
2025-09-27,1,PROD_ELEC_001,Electronics,36,0,0,76.82
2025-09-27,1,PROD_ELEC_002,Electronics,28,0,0,76.82
2025-09-27,1,PROD_ELEC_003,Electronics,36,0,0,76.82
2025-09-27,1,PROD_ELEC_004,Electronics,36,0,0,76.82
2025-09-27,1,PROD_ELEC_005,Electronics,36,0,0,76.82
2025-09-27,1,PROD_APP_001,Apparel,34,0,0,76.82
2025-09-27,1,PROD_APP_002,Apparel,38,0,0,76.82
2025-09-27,1,PROD_APP_003,Apparel,37,0,0,76.82
2025-09-27,1,PROD_APP_004,Apparel,37,0,0,76.82
2025-09-27,1,PROD_HOME_001,Home & Kitchen,39,0,0,76.82
2025-09-27,1,PROD_HOME_002,Home & Kitchen,35,0,0,76.82
2025-09-27,1,PROD_HOME_003,Home & Kitchen,35,0,0,76.82
2025-09-27,1,PROD_HOME_004,Home & Kitchen,43,0,0,76.82
2025-09-27,1,PROD_BEAU_001,Health & Beauty,56,1,0,76.82
2025-09-27,1,PROD_BEAU_002,Health & Beauty,57,1,0,76.82
2025-09-27,1,PROD_BEAU_003,Health & Beauty,42,0,0,76.82
2025-09-27,1,PROD_SPRT_001,Sports & Outdoors,39,0,0,76.82
2025-09-27,1,PROD_SPRT_002,Sports & Outdoors,41,0,0,76.82
2025-09-27,1,PROD_SPRT_003,Sports & Outdoors,48,1,0,76.82
2025-09-27,1,PROD_SPRT_004,Sports & Outdoors,38,0,0,76.82
2025-09-28,1,PROD_ELEC_001,Electronics,44,0,0,75.08
2025-09-28,1,PROD_ELEC_002,Electronics,41,0,0,75.08
2025-09-28,1,PROD_ELEC_003,Electronics,51,1,0,75.08
2025-09-28,1,PROD_ELEC_004,Electronics,55,1,0,75.08
2025-09-28,1,PROD_ELEC_005,Electronics,38,0,0,75.08
2025-09-28,1,PROD_APP_001,Apparel,39,0,0,75.08
2025-09-28,1,PROD_APP_002,Apparel,33,0,0,75.08
2025-09-28,1,PROD_APP_003,Apparel,38,0,0,75.08
2025-09-28,1,PROD_APP_004,Apparel,36,0,0,75.08
2025-09-28,1,PROD_HOME_001,Home & Kitchen,38,0,0,75.08
2025-09-28,1,PROD_HOME_002,Home & Kitchen,34,0,0,75.08
2025-09-28,1,PROD_HOME_003,Home & Kitchen,35,0,0,75.08
2025-09-28,1,PROD_HOME_004,Home & Kitchen,42,0,0,75.08
2025-09-28,1,PROD_BEAU_001,Health & Beauty,33,0,0,75.08
2025-09-28,1,PROD_BEAU_002,Health & Beauty,33,0,0,75.08
2025-09-28,1,PROD_BEAU_003,Health & Beauty,37,0,0,75.08
2025-09-28,1,PROD_SPRT_001,Sports & Outdoors,34,0,0,75.08
2025-09-28,1,PROD_SPRT_002,Sports & Outdoors,33,0,0,75.08
2025-09-28,1,PROD_SPRT_003,Sports & Outdoors,37,0,0,75.08
2025-09-28,1,PROD_SPRT_004,Sports & Outdoors,31,0,0,75.08
2025-09-29,1,PROD_ELEC_001,Electronics,38,0,0,73.84
2025-09-29,1,PROD_ELEC_002,Electronics,31,0,0,73.84
2025-09-29,1,PROD_ELEC_003,Electronics,27,0,0,73.84
2025-09-29,1,PROD_ELEC_004,Electronics,31,0,0,73.84
2025-09-29,1,PROD_ELEC_005,Electronics,32,0,0,73.84
2025-09-29,1,PROD_APP_001,Apparel,33,0,0,73.84
2025-09-29,1,PROD_APP_002,Apparel,29,0,0,73.84
2025-09-29,1,PROD_APP_003,Apparel,33,0,0,73.84
2025-09-29,1,PROD_APP_004,Apparel,21,0,0,73.84
2025-09-29,1,PROD_HOME_001,Home & Kitchen,25,0,0,73.84
2025-09-29,1,PROD_HOME_002,Home & Kitchen,30,0,0,73.84
2025-09-29,1,PROD_HOME_003,Home & Kitchen,31,0,0,73.84
2025-09-29,1,PROD_HOME_004,Home & Kitchen,26,0,0,73.84
2025-09-29,1,PROD_BEAU_001,Health & Beauty,44,1,0,73.84
2025-09-29,1,PROD_BEAU_002,Health & Beauty,27,0,0,73.84
2025-09-29,1,PROD_BEAU_003,Health & Beauty,28,0,0,73.84
2025-09-29,1,PROD_SPRT_001,Sports & Outdoors,34,0,0,73.84
2025-09-29,1,PROD_SPRT_002,Sports & Outdoors,47,1,0,73.84
2025-09-29,1,PROD_SPRT_003,Sports & Outdoors,26,0,0,73.84
2025-09-29,1,PROD_SPRT_004,Sports & Outdoors,25,0,0,73.84
2025-09-30,1,PROD_ELEC_001,Electronics,43,1,0,74.31
2025-09-30,1,PROD_ELEC_002,Electronics,27,0,0,74.31
2025-09-30,1,PROD_ELEC_003,Electronics,34,0,0,74.31
2025-09-30,1,PROD_ELEC_004,Electronics,31,0,0,74.31
2025-09-30,1,PROD_ELEC_005,Electronics,31,0,0,74.31
2025-09-30,1,PROD_APP_001,Apparel,24,0,0,74.31
2025-09-30,1,PROD_APP_002,Apparel,48,1,0,74.31
2025-09-30,1,PROD_APP_003,Apparel,18,0,0,74.31
2025-09-30,1,PROD_APP_004,Apparel,33,0,0,74.31
2025-09-30,1,PROD_HOME_001,Home & Kitchen,33,0,0,74.31
2025-09-30,1,PROD_HOME_002,Home & Kitchen,28,0,0,74.31
2025-09-30,1,PROD_HOME_003,Home & Kitchen,35,0,0,74.31
2025-09-30,1,PROD_HOME_004,Home & Kitchen,29,0,0,74.31
2025-09-30,1,PROD_BEAU_001,Health & Beauty,43,1,0,74.31
2025-09-30,1,PROD_BEAU_002,Health & Beauty,31,0,0,74.31
2025-09-30,1,PROD_BEAU_003,Health & Beauty,42,0,0,74.31
2025-09-30,1,PROD_SPRT_001,Sports & Outdoors,35,0,0,74.31
2025-09-30,1,PROD_SPRT_002,Sports & Outdoors,32,0,0,74.31
2025-09-30,1,PROD_SPRT_003,Sports & Outdoors,26,0,0,74.31
2025-09-30,1,PROD_SPRT_004,Sports & Outdoors,30,0,0,74.31
2025-10-01,1,PROD_ELEC_001,Electronics,33,0,0,73.58
2025-10-01,1,PROD_ELEC_002,Electronics,44,1,0,73.58
2025-10-01,1,PROD_ELEC_003,Electronics,25,0,0,73.58
2025-10-01,1,PROD_ELEC_004,Electronics,30,0,0,73.58
2025-10-01,1,PROD_ELEC_005,Electronics,26,0,0,73.58
2025-10-01,1,PROD_APP_001,Apparel,30,0,0,73.58
2025-10-01,1,PROD_APP_002,Apparel,26,0,0,73.58
2025-10-01,1,PROD_APP_003,Apparel,30,0,0,73.58
2025-10-01,1,PROD_APP_004,Apparel,33,0,0,73.58
2025-10-01,1,PROD_HOME_001,Home & Kitchen,43,1,0,73.58
2025-10-01,1,PROD_HOME_002,Home & Kitchen,41,1,0,73.58
2025-10-01,1,PROD_HOME_003,Home & Kitchen,30,0,0,73.58
2025-10-01,1,PROD_HOME_004,Home & Kitchen,32,0,0,73.58
2025-10-01,1,PROD_BEAU_001,Health & Beauty,25,0,0,73.58
2025-10-01,1,PROD_BEAU_002,Health & Beauty,31,0,0,73.58
2025-10-01,1,PROD_BEAU_003,Health & Beauty,35,0,0,73.58
2025-10-01,1,PROD_SPRT_001,Sports & Outdoors,32,0,0,73.58
2025-10-01,1,PROD_SPRT_002,Sports & Outdoors,30,0,0,73.58
2025-10-01,1,PROD_SPRT_003,Sports & Outdoors,46,1,0,73.58
2025-10-01,1,PROD_SPRT_004,Sports & Outdoors,45,1,0,73.58
2025-10-02,1,PROD_ELEC_001,Electronics,21,0,0,75.2
2025-10-02,1,PROD_ELEC_002,Electronics,23,0,0,75.2
2025-10-02,1,PROD_ELEC_003,Electronics,34,0,0,75.2
2025-10-02,1,PROD_ELEC_004,Electronics,23,0,0,75.2
2025-10-02,1,PROD_ELEC_005,Electronics,31,0,0,75.2
2025-10-02,1,PROD_APP_001,Apparel,28,0,0,75.2
2025-10-02,1,PROD_APP_002,Apparel,26,0,0,75.2
2025-10-02,1,PROD_APP_003,Apparel,31,0,0,75.2
2025-10-02,1,PROD_APP_004,Apparel,44,1,0,75.2
2025-10-02,1,PROD_HOME_001,Home & Kitchen,38,0,0,75.2
2025-10-02,1,PROD_HOME_002,Home & Kitchen,27,0,0,75.2
2025-10-02,1,PROD_HOME_003,Home & Kitchen,35,0,0,75.2
2025-10-02,1,PROD_HOME_004,Home & Kitchen,31,0,0,75.2
2025-10-02,1,PROD_BEAU_001,Health & Beauty,27,0,0,75.2
2025-10-02,1,PROD_BEAU_002,Health & Beauty,33,0,0,75.2
2025-10-02,1,PROD_BEAU_003,Health & Beauty,32,0,0,75.2
2025-10-02,1,PROD_SPRT_001,Sports & Outdoors,30,0,0,75.2
2025-10-02,1,PROD_SPRT_002,Sports & Outdoors,31,0,0,75.2
2025-10-02,1,PROD_SPRT_003,Sports & Outdoors,27,0,0,75.2
2025-10-02,1,PROD_SPRT_004,Sports & Outdoors,26,0,0,75.2
2025-10-03,1,PROD_ELEC_001,Electronics,29,0,0,74.95
2025-10-03,1,PROD_ELEC_002,Electronics,43,1,0,74.95
2025-10-03,1,PROD_ELEC_003,Electronics,31,0,0,74.95
2025-10-03,1,PROD_ELEC_004,Electronics,31,0,0,74.95
2025-10-03,1,PROD_ELEC_005,Electronics,37,1,0,74.95
2025-10-03,1,PROD_APP_001,Apparel,48,1,0,74.95
2025-10-03,1,PROD_APP_002,Apparel,43,1,0,74.95
2025-10-03,1,PROD_APP_003,Apparel,42,1,0,74.95
2025-10-03,1,PROD_APP_004,Apparel,31,0,0,74.95
2025-10-03,1,PROD_HOME_001,Home & Kitchen,30,0,0,74.95
2025-10-03,1,PROD_HOME_002,Home & Kitchen,33,0,0,74.95
2025-10-03,1,PROD_HOME_003,Home & Kitchen,32,0,0,74.95
2025-10-03,1,PROD_HOME_004,Home & Kitchen,32,0,0,74.95
2025-10-03,1,PROD_BEAU_001,Health & Beauty,35,0,0,74.95
2025-10-03,1,PROD_BEAU_002,Health & Beauty,33,0,0,74.95
2025-10-03,1,PROD_BEAU_003,Health & Beauty,29,0,0,74.95
2025-10-03,1,PROD_SPRT_001,Sports & Outdoors,25,0,0,74.95
2025-10-03,1,PROD_SPRT_002,Sports & Outdoors,36,0,0,74.95
2025-10-03,1,PROD_SPRT_003,Sports & Outdoors,29,0,0,74.95
2025-10-03,1,PROD_SPRT_004,Sports & Outdoors,28,0,0,74.95
2025-10-04,1,PROD_ELEC_001,Electronics,38,0,0,71.7
2025-10-04,1,PROD_ELEC_002,Electronics,38,0,0,71.7
2025-10-04,1,PROD_ELEC_003,Electronics,48,1,0,71.7
2025-10-04,1,PROD_ELEC_004,Electronics,39,0,0,71.7
2025-10-04,1,PROD_ELEC_005,Electronics,35,0,0,71.7
2025-10-04,1,PROD_APP_001,Apparel,48,0,0,71.7
2025-10-04,1,PROD_APP_002,Apparel,52,1,0,71.7
2025-10-04,1,PROD_APP_003,Apparel,52,1,0,71.7
2025-10-04,1,PROD_APP_004,Apparel,34,0,0,71.7
2025-10-04,1,PROD_HOME_001,Home & Kitchen,59,1,0,71.7
2025-10-04,1,PROD_HOME_002,Home & Kitchen,36,0,0,71.7
2025-10-04,1,PROD_HOME_003,Home & Kitchen,34,0,0,71.7
2025-10-04,1,PROD_HOME_004,Home & Kitchen,40,0,0,71.7
2025-10-04,1,PROD_BEAU_001,Health & Beauty,31,0,0,71.7
2025-10-04,1,PROD_BEAU_002,Health & Beauty,40,0,0,71.7
2025-10-04,1,PROD_BEAU_003,Health & Beauty,61,1,0,71.7
2025-10-04,1,PROD_SPRT_001,Sports & Outdoors,39,0,0,71.7
2025-10-04,1,PROD_SPRT_002,Sports & Outdoors,40,0,0,71.7
2025-10-04,1,PROD_SPRT_003,Sports & Outdoors,40,0,0,71.7
2025-10-04,1,PROD_SPRT_004,Sports & Outdoors,44,0,0,71.7
2025-10-05,1,PROD_ELEC_001,Electronics,39,0,0,74.97
2025-10-05,1,PROD_ELEC_002,Electronics,41,0,0,74.97
2025-10-05,1,PROD_ELEC_003,Electronics,50,1,0,74.97
2025-10-05,1,PROD_ELEC_004,Electronics,57,1,0,74.97
2025-10-05,1,PROD_ELEC_005,Electronics,33,0,0,74.97
2025-10-05,1,PROD_APP_001,Apparel,36,0,0,74.97
2025-10-05,1,PROD_APP_002,Apparel,42,1,0,74.97
2025-10-05,1,PROD_APP_003,Apparel,39,0,0,74.97
2025-10-05,1,PROD_APP_004,Apparel,34,0,0,74.97
2025-10-05,1,PROD_HOME_001,Home & Kitchen,41,0,0,74.97
2025-10-05,1,PROD_HOME_002,Home & Kitchen,39,0,0,74.97
2025-10-05,1,PROD_HOME_003,Home & Kitchen,41,0,0,74.97
2025-10-05,1,PROD_HOME_004,Home & Kitchen,33,0,0,74.97
2025-10-05,1,PROD_BEAU_001,Health & Beauty,41,0,0,74.97
2025-10-05,1,PROD_BEAU_002,Health & Beauty,45,0,0,74.97
2025-10-05,1,PROD_BEAU_003,Health & Beauty,40,0,0,74.97
2025-10-05,1,PROD_SPRT_001,Sports & Outdoors,57,1,0,74.97
2025-10-05,1,PROD_SPRT_002,Sports & Outdoors,38,0,0,74.97
2025-10-05,1,PROD_SPRT_003,Sports & Outdoors,35,0,0,74.97
2025-10-05,1,PROD_SPRT_004,Sports & Outdoors,40,0,0,74.97
2025-10-06,1,PROD_ELEC_001,Electronics,41,1,0,71.45
2025-10-06,1,PROD_ELEC_002,Electronics,22,0,0,71.45
2025-10-06,1,PROD_ELEC_003,Electronics,27,0,0,71.45
2025-10-06,1,PROD_ELEC_004,Electronics,32,0,0,71.45
2025-10-06,1,PROD_ELEC_005,Electronics,32,0,0,71.45
2025-10-06,1,PROD_APP_001,Apparel,30,0,0,71.45
2025-10-06,1,PROD_APP_002,Apparel,30,0,0,71.45
2025-10-06,1,PROD_APP_003,Apparel,35,1,0,71.45
2025-10-06,1,PROD_APP_004,Apparel,42,1,0,71.45
2025-10-06,1,PROD_HOME_001,Home & Kitchen,27,0,0,71.45
2025-10-06,1,PROD_HOME_002,Home & Kitchen,27,0,0,71.45
2025-10-06,1,PROD_HOME_003,Home & Kitchen,32,0,0,71.45
2025-10-06,1,PROD_HOME_004,Home & Kitchen,26,0,0,71.45
2025-10-06,1,PROD_BEAU_001,Health & Beauty,27,0,0,71.45
2025-10-06,1,PROD_BEAU_002,Health & Beauty,35,1,0,71.45
2025-10-06,1,PROD_BEAU_003,Health & Beauty,28,0,0,71.45
2025-10-06,1,PROD_SPRT_001,Sports & Outdoors,25,0,0,71.45
2025-10-06,1,PROD_SPRT_002,Sports & Outdoors,30,0,0,71.45
2025-10-06,1,PROD_SPRT_003,Sports & Outdoors,26,0,0,71.45
2025-10-06,1,PROD_SPRT_004,Sports & Outdoors,30,0,0,71.45
2025-10-07,1,PROD_ELEC_001,Electronics,36,0,0,72.82
2025-10-07,1,PROD_ELEC_002,Electronics,31,0,0,72.82
2025-10-07,1,PROD_ELEC_003,Electronics,22,0,0,72.82
2025-10-07,1,PROD_ELEC_004,Electronics,24,0,0,72.82
2025-10-07,1,PROD_ELEC_005,Electronics,43,1,0,72.82
2025-10-07,1,PROD_APP_001,Apparel,26,0,0,72.82
2025-10-07,1,PROD_APP_002,Apparel,18,0,0,72.82
2025-10-07,1,PROD_APP_003,Apparel,48,1,0,72.82
2025-10-07,1,PROD_APP_004,Apparel,46,1,0,72.82
2025-10-07,1,PROD_HOME_001,Home & Kitchen,32,0,0,72.82
2025-10-07,1,PROD_HOME_002,Home & Kitchen,27,0,0,72.82
2025-10-07,1,PROD_HOME_003,Home & Kitchen,31,0,0,72.82
2025-10-07,1,PROD_HOME_004,Home & Kitchen,40,1,0,72.82
2025-10-07,1,PROD_BEAU_001,Health & Beauty,30,0,0,72.82
2025-10-07,1,PROD_BEAU_002,Health & Beauty,26,0,0,72.82
2025-10-07,1,PROD_BEAU_003,Health & Beauty,49,1,0,72.82
2025-10-07,1,PROD_SPRT_001,Sports & Outdoors,23,0,0,72.82
2025-10-07,1,PROD_SPRT_002,Sports & Outdoors,48,1,0,72.82
2025-10-07,1,PROD_SPRT_003,Sports & Outdoors,30,0,0,72.82
2025-10-07,1,PROD_SPRT_004,Sports & Outdoors,28,0,0,72.82
2025-10-08,1,PROD_ELEC_001,Electronics,32,0,0,72.93
2025-10-08,1,PROD_ELEC_002,Electronics,35,0,0,72.93
2025-10-08,1,PROD_ELEC_003,Electronics,44,1,0,72.93
2025-10-08,1,PROD_ELEC_004,Electronics,26,0,0,72.93
2025-10-08,1,PROD_ELEC_005,Electronics,30,0,0,72.93
2025-10-08,1,PROD_APP_001,Apparel,37,0,0,72.93
2025-10-08,1,PROD_APP_002,Apparel,35,0,0,72.93
2025-10-08,1,PROD_APP_003,Apparel,33,0,0,72.93
2025-10-08,1,PROD_APP_004,Apparel,46,1,0,72.93
2025-10-08,1,PROD_HOME_001,Home & Kitchen,32,0,0,72.93
2025-10-08,1,PROD_HOME_002,Home & Kitchen,34,0,0,72.93
2025-10-08,1,PROD_HOME_003,Home & Kitchen,28,0,0,72.93
2025-10-08,1,PROD_HOME_004,Home & Kitchen,24,0,0,72.93
2025-10-08,1,PROD_BEAU_001,Health & Beauty,30,0,0,72.93
2025-10-08,1,PROD_BEAU_002,Health & Beauty,26,0,0,72.93
2025-10-08,1,PROD_BEAU_003,Health & Beauty,25,0,0,72.93
2025-10-08,1,PROD_SPRT_001,Sports & Outdoors,27,0,0,72.93
2025-10-08,1,PROD_SPRT_002,Sports & Outdoors,39,0,0,72.93
2025-10-08,1,PROD_SPRT_003,Sports & Outdoors,30,0,0,72.93
2025-10-08,1,PROD_SPRT_004,Sports & Outdoors,31,0,0,72.93
2025-10-09,1,PROD_ELEC_001,Electronics,22,0,0,71.0
2025-10-09,1,PROD_ELEC_002,Electronics,26,0,0,71.0
2025-10-09,1,PROD_ELEC_003,Electronics,49,1,0,71.0
2025-10-09,1,PROD_ELEC_004,Electronics,31,0,0,71.0
2025-10-09,1,PROD_ELEC_005,Electronics,32,0,0,71.0
2025-10-09,1,PROD_APP_001,Apparel,32,0,0,71.0
2025-10-09,1,PROD_APP_002,Apparel,27,0,0,71.0
2025-10-09,1,PROD_APP_003,Apparel,49,1,0,71.0
2025-10-09,1,PROD_APP_004,Apparel,27,0,0,71.0
2025-10-09,1,PROD_HOME_001,Home & Kitchen,35,0,0,71.0
2025-10-09,1,PROD_HOME_002,Home & Kitchen,31,0,0,71.0
2025-10-09,1,PROD_HOME_003,Home & Kitchen,22,0,0,71.0
2025-10-09,1,PROD_HOME_004,Home & Kitchen,27,0,0,71.0
2025-10-09,1,PROD_BEAU_001,Health & Beauty,22,0,0,71.0
2025-10-09,1,PROD_BEAU_002,Health & Beauty,34,0,0,71.0
2025-10-09,1,PROD_BEAU_003,Health & Beauty,43,1,0,71.0
2025-10-09,1,PROD_SPRT_001,Sports & Outdoors,34,1,0,71.0
2025-10-09,1,PROD_SPRT_002,Sports & Outdoors,31,0,0,71.0
2025-10-09,1,PROD_SPRT_003,Sports & Outdoors,27,0,0,71.0
2025-10-09,1,PROD_SPRT_004,Sports & Outdoors,24,0,0,71.0
2025-10-10,1,PROD_ELEC_001,Electronics,30,0,0,74.21
2025-10-10,1,PROD_ELEC_002,Electronics,42,1,0,74.21
2025-10-10,1,PROD_ELEC_003,Electronics,41,1,0,74.21
2025-10-10,1,PROD_ELEC_004,Electronics,37,1,0,74.21
2025-10-10,1,PROD_ELEC_005,Electronics,38,1,0,74.21
2025-10-10,1,PROD_APP_001,Apparel,35,0,0,74.21
2025-10-10,1,PROD_APP_002,Apparel,41,1,0,74.21
2025-10-10,1,PROD_APP_003,Apparel,30,0,0,74.21
2025-10-10,1,PROD_APP_004,Apparel,21,0,0,74.21
2025-10-10,1,PROD_HOME_001,Home & Kitchen,24,0,0,74.21
2025-10-10,1,PROD_HOME_002,Home & Kitchen,32,0,0,74.21
2025-10-10,1,PROD_HOME_003,Home & Kitchen,45,1,0,74.21
2025-10-10,1,PROD_HOME_004,Home & Kitchen,37,0,0,74.21
2025-10-10,1,PROD_BEAU_001,Health & Beauty,48,1,0,74.21
2025-10-10,1,PROD_BEAU_002,Health & Beauty,29,0,0,74.21
2025-10-10,1,PROD_BEAU_003,Health & Beauty,45,1,0,74.21
2025-10-10,1,PROD_SPRT_001,Sports & Outdoors,28,0,0,74.21
2025-10-10,1,PROD_SPRT_002,Sports & Outdoors,38,0,0,74.21
2025-10-10,1,PROD_SPRT_003,Sports & Outdoors,48,1,0,74.21
2025-10-10,1,PROD_SPRT_004,Sports & Outdoors,30,0,0,74.21
2025-10-11,1,PROD_ELEC_001,Electronics,43,0,0,72.17
2025-10-11,1,PROD_ELEC_002,Electronics,39,0,0,72.17
2025-10-11,1,PROD_ELEC_003,Electronics,43,0,0,72.17
2025-10-11,1,PROD_ELEC_004,Electronics,28,0,0,72.17
2025-10-11,1,PROD_ELEC_005,Electronics,39,0,0,72.17
2025-10-11,1,PROD_APP_001,Apparel,35,0,0,72.17
2025-10-11,1,PROD_APP_002,Apparel,44,0,0,72.17
2025-10-11,1,PROD_APP_003,Apparel,43,0,0,72.17
2025-10-11,1,PROD_APP_004,Apparel,37,0,0,72.17
2025-10-11,1,PROD_HOME_001,Home & Kitchen,43,0,0,72.17
2025-10-11,1,PROD_HOME_002,Home & Kitchen,44,0,0,72.17
2025-10-11,1,PROD_HOME_003,Home & Kitchen,37,0,0,72.17
2025-10-11,1,PROD_HOME_004,Home & Kitchen,47,0,0,72.17
2025-10-11,1,PROD_BEAU_001,Health & Beauty,54,1,0,72.17
2025-10-11,1,PROD_BEAU_002,Health & Beauty,36,0,0,72.17
2025-10-11,1,PROD_BEAU_003,Health & Beauty,57,1,0,72.17
2025-10-11,1,PROD_SPRT_001,Sports & Outdoors,52,1,0,72.17
2025-10-11,1,PROD_SPRT_002,Sports & Outdoors,54,1,0,72.17
2025-10-11,1,PROD_SPRT_003,Sports & Outdoors,43,0,0,72.17
2025-10-11,1,PROD_SPRT_004,Sports & Outdoors,37,0,0,72.17
2025-10-12,1,PROD_ELEC_001,Electronics,38,0,0,69.63
2025-10-12,1,PROD_ELEC_002,Electronics,34,0,0,69.63
2025-10-12,1,PROD_ELEC_003,Electronics,40,0,0,69.63
2025-10-12,1,PROD_ELEC_004,Electronics,40,0,0,69.63
2025-10-12,1,PROD_ELEC_005,Electronics,43,0,0,69.63
2025-10-12,1,PROD_APP_001,Apparel,41,0,0,69.63
2025-10-12,1,PROD_APP_002,Apparel,41,0,0,69.63
2025-10-12,1,PROD_APP_003,Apparel,34,0,0,69.63
2025-10-12,1,PROD_APP_004,Apparel,40,0,0,69.63
2025-10-12,1,PROD_HOME_001,Home & Kitchen,45,0,0,69.63
2025-10-12,1,PROD_HOME_002,Home & Kitchen,34,0,0,69.63
2025-10-12,1,PROD_HOME_003,Home & Kitchen,61,1,0,69.63
2025-10-12,1,PROD_HOME_004,Home & Kitchen,52,1,0,69.63
2025-10-12,1,PROD_BEAU_001,Health & Beauty,50,1,0,69.63
2025-10-12,1,PROD_BEAU_002,Health & Beauty,55,1,0,69.63
2025-10-12,1,PROD_BEAU_003,Health & Beauty,40,0,0,69.63
2025-10-12,1,PROD_SPRT_001,Sports & Outdoors,41,0,0,69.63
2025-10-12,1,PROD_SPRT_002,Sports & Outdoors,33,0,0,69.63
2025-10-12,1,PROD_SPRT_003,Sports & Outdoors,39,0,0,69.63
2025-10-12,1,PROD_SPRT_004,Sports & Outdoors,34,0,0,69.63
2025-10-13,1,PROD_ELEC_001,Electronics,26,0,0,69.61
2025-10-13,1,PROD_ELEC_002,Electronics,26,0,0,69.61
2025-10-13,1,PROD_ELEC_003,Electronics,32,0,0,69.61
2025-10-13,1,PROD_ELEC_004,Electronics,34,0,0,69.61
2025-10-13,1,PROD_ELEC_005,Electronics,24,0,0,69.61
2025-10-13,1,PROD_APP_001,Apparel,31,0,0,69.61
2025-10-13,1,PROD_APP_002,Apparel,25,0,0,69.61
2025-10-13,1,PROD_APP_003,Apparel,46,1,0,69.61
2025-10-13,1,PROD_APP_004,Apparel,41,1,0,69.61
2025-10-13,1,PROD_HOME_001,Home & Kitchen,39,1,0,69.61
2025-10-13,1,PROD_HOME_002,Home & Kitchen,33,0,0,69.61
2025-10-13,1,PROD_HOME_003,Home & Kitchen,27,0,0,69.61
2025-10-13,1,PROD_HOME_004,Home & Kitchen,28,0,0,69.61
2025-10-13,1,PROD_BEAU_001,Health & Beauty,21,0,0,69.61
2025-10-13,1,PROD_BEAU_002,Health & Beauty,33,0,0,69.61
2025-10-13,1,PROD_BEAU_003,Health & Beauty,33,0,0,69.61
2025-10-13,1,PROD_SPRT_001,Sports & Outdoors,30,0,0,69.61
2025-10-13,1,PROD_SPRT_002,Sports & Outdoors,23,0,0,69.61
2025-10-13,1,PROD_SPRT_003,Sports & Outdoors,48,1,0,69.61
2025-10-13,1,PROD_SPRT_004,Sports & Outdoors,40,1,0,69.61
2025-10-14,1,PROD_ELEC_001,Electronics,39,0,0,70.59
2025-10-14,1,PROD_ELEC_002,Electronics,27,0,0,70.59
2025-10-14,1,PROD_ELEC_003,Electronics,32,0,0,70.59
2025-10-14,1,PROD_ELEC_004,Electronics,32,0,0,70.59
2025-10-14,1,PROD_ELEC_005,Electronics,31,0,0,70.59
2025-10-14,1,PROD_APP_001,Apparel,31,0,0,70.59
2025-10-14,1,PROD_APP_002,Apparel,31,0,0,70.59
2025-10-14,1,PROD_APP_003,Apparel,31,0,0,70.59
2025-10-14,1,PROD_APP_004,Apparel,29,0,0,70.59
2025-10-14,1,PROD_HOME_001,Home & Kitchen,36,0,0,70.59
2025-10-14,1,PROD_HOME_002,Home & Kitchen,24,0,0,70.59
2025-10-14,1,PROD_HOME_003,Home & Kitchen,34,0,0,70.59
2025-10-14,1,PROD_HOME_004,Home & Kitchen,33,0,0,70.59
2025-10-14,1,PROD_BEAU_001,Health & Beauty,32,0,0,70.59
2025-10-14,1,PROD_BEAU_002,Health & Beauty,34,0,0,70.59
2025-10-14,1,PROD_BEAU_003,Health & Beauty,29,0,0,70.59
2025-10-14,1,PROD_SPRT_001,Sports & Outdoors,22,0,0,70.59
2025-10-14,1,PROD_SPRT_002,Sports & Outdoors,29,0,0,70.59
2025-10-14,1,PROD_SPRT_003,Sports & Outdoors,26,0,0,70.59
2025-10-14,1,PROD_SPRT_004,Sports & Outdoors,40,1,0,70.59
2025-10-15,1,PROD_ELEC_001,Electronics,28,0,0,69.38
2025-10-15,1,PROD_ELEC_002,Electronics,27,0,0,69.38
2025-10-15,1,PROD_ELEC_003,Electronics,20,0,0,69.38
2025-10-15,1,PROD_ELEC_004,Electronics,32,0,0,69.38
2025-10-15,1,PROD_ELEC_005,Electronics,38,0,0,69.38
2025-10-15,1,PROD_APP_001,Apparel,32,0,0,69.38
2025-10-15,1,PROD_APP_002,Apparel,29,0,0,69.38
2025-10-15,1,PROD_APP_003,Apparel,43,1,0,69.38
2025-10-15,1,PROD_APP_004,Apparel,28,0,0,69.38
2025-10-15,1,PROD_HOME_001,Home & Kitchen,30,0,0,69.38
2025-10-15,1,PROD_HOME_002,Home & Kitchen,29,0,0,69.38
2025-10-15,1,PROD_HOME_003,Home & Kitchen,26,0,0,69.38
2025-10-15,1,PROD_HOME_004,Home & Kitchen,36,0,0,69.38
2025-10-15,1,PROD_BEAU_001,Health & Beauty,24,0,0,69.38
2025-10-15,1,PROD_BEAU_002,Health & Beauty,32,0,0,69.38
2025-10-15,1,PROD_BEAU_003,Health & Beauty,29,0,0,69.38
2025-10-15,1,PROD_SPRT_001,Sports & Outdoors,37,0,0,69.38
2025-10-15,1,PROD_SPRT_002,Sports & Outdoors,31,0,0,69.38
2025-10-15,1,PROD_SPRT_003,Sports & Outdoors,42,1,0,69.38
2025-10-15,1,PROD_SPRT_004,Sports & Outdoors,29,0,0,69.38
2025-10-16,1,PROD_ELEC_001,Electronics,25,0,0,70.65
2025-10-16,1,PROD_ELEC_002,Electronics,26,0,0,70.65
2025-10-16,1,PROD_ELEC_003,Electronics,22,0,0,70.65
2025-10-16,1,PROD_ELEC_004,Electronics,26,0,0,70.65
2025-10-16,1,PROD_ELEC_005,Electronics,30,0,0,70.65
2025-10-16,1,PROD_APP_001,Apparel,31,0,0,70.65
2025-10-16,1,PROD_APP_002,Apparel,22,0,0,70.65
2025-10-16,1,PROD_APP_003,Apparel,29,0,0,70.65
2025-10-16,1,PROD_APP_004,Apparel,32,0,0,70.65
2025-10-16,1,PROD_HOME_001,Home & Kitchen,29,0,0,70.65
2025-10-16,1,PROD_HOME_002,Home & Kitchen,27,0,0,70.65
2025-10-16,1,PROD_HOME_003,Home & Kitchen,28,0,0,70.65
2025-10-16,1,PROD_HOME_004,Home & Kitchen,41,1,0,70.65
2025-10-16,1,PROD_BEAU_001,Health & Beauty,27,0,0,70.65
2025-10-16,1,PROD_BEAU_002,Health & Beauty,30,0,0,70.65
2025-10-16,1,PROD_BEAU_003,Health & Beauty,52,1,0,70.65
2025-10-16,1,PROD_SPRT_001,Sports & Outdoors,27,0,0,70.65
2025-10-16,1,PROD_SPRT_002,Sports & Outdoors,28,0,0,70.65
2025-10-16,1,PROD_SPRT_003,Sports & Outdoors,29,0,0,70.65
2025-10-16,1,PROD_SPRT_004,Sports & Outdoors,27,0,0,70.65
2025-10-17,1,PROD_ELEC_001,Electronics,34,1,0,71.66
2025-10-17,1,PROD_ELEC_002,Electronics,41,1,0,71.66
2025-10-17,1,PROD_ELEC_003,Electronics,33,0,0,71.66
2025-10-17,1,PROD_ELEC_004,Electronics,28,0,0,71.66
2025-10-17,1,PROD_ELEC_005,Electronics,40,1,0,71.66
2025-10-17,1,PROD_APP_001,Apparel,31,0,0,71.66
2025-10-17,1,PROD_APP_002,Apparel,33,0,0,71.66
2025-10-17,1,PROD_APP_003,Apparel,44,1,0,71.66
2025-10-17,1,PROD_APP_004,Apparel,40,1,0,71.66
2025-10-17,1,PROD_HOME_001,Home & Kitchen,31,0,0,71.66
2025-10-17,1,PROD_HOME_002,Home & Kitchen,28,0,0,71.66
2025-10-17,1,PROD_HOME_003,Home & Kitchen,46,1,0,71.66
2025-10-17,1,PROD_HOME_004,Home & Kitchen,35,0,0,71.66
2025-10-17,1,PROD_BEAU_001,Health & Beauty,19,0,0,71.66
2025-10-17,1,PROD_BEAU_002,Health & Beauty,30,0,0,71.66
2025-10-17,1,PROD_BEAU_003,Health & Beauty,23,0,0,71.66
2025-10-17,1,PROD_SPRT_001,Sports & Outdoors,53,1,0,71.66
2025-10-17,1,PROD_SPRT_002,Sports & Outdoors,28,0,0,71.66
2025-10-17,1,PROD_SPRT_003,Sports & Outdoors,32,0,0,71.66
2025-10-17,1,PROD_SPRT_004,Sports & Outdoors,43,1,0,71.66
2025-10-18,1,PROD_ELEC_001,Electronics,33,0,0,69.12
2025-10-18,1,PROD_ELEC_002,Electronics,43,0,0,69.12
2025-10-18,1,PROD_ELEC_003,Electronics,41,0,0,69.12
2025-10-18,1,PROD_ELEC_004,Electronics,45,0,0,69.12
2025-10-18,1,PROD_ELEC_005,Electronics,37,0,0,69.12
2025-10-18,1,PROD_APP_001,Apparel,38,0,0,69.12
2025-10-18,1,PROD_APP_002,Apparel,36,0,0,69.12
2025-10-18,1,PROD_APP_003,Apparel,36,0,0,69.12
2025-10-18,1,PROD_APP_004,Apparel,50,1,0,69.12
2025-10-18,1,PROD_HOME_001,Home & Kitchen,54,1,0,69.12
2025-10-18,1,PROD_HOME_002,Home & Kitchen,34,0,0,69.12
2025-10-18,1,PROD_HOME_003,Home & Kitchen,39,0,0,69.12
2025-10-18,1,PROD_HOME_004,Home & Kitchen,38,0,0,69.12
2025-10-18,1,PROD_BEAU_001,Health & Beauty,38,0,0,69.12
2025-10-18,1,PROD_BEAU_002,Health & Beauty,61,1,0,69.12
2025-10-18,1,PROD_BEAU_003,Health & Beauty,54,1,0,69.12
2025-10-18,1,PROD_SPRT_001,Sports & Outdoors,40,0,0,69.12
2025-10-18,1,PROD_SPRT_002,Sports & Outdoors,45,0,0,69.12
2025-10-18,1,PROD_SPRT_003,Sports & Outdoors,42,0,0,69.12
2025-10-18,1,PROD_SPRT_004,Sports & Outdoors,58,1,0,69.12
2025-10-19,1,PROD_ELEC_001,Electronics,38,0,0,69.46
2025-10-19,1,PROD_ELEC_002,Electronics,32,0,0,69.46
2025-10-19,1,PROD_ELEC_003,Electronics,39,0,0,69.46
2025-10-19,1,PROD_ELEC_004,Electronics,38,0,0,69.46
2025-10-19,1,PROD_ELEC_005,Electronics,54,1,0,69.46
2025-10-19,1,PROD_APP_001,Apparel,41,0,0,69.46
2025-10-19,1,PROD_APP_002,Apparel,32,0,0,69.46
2025-10-19,1,PROD_APP_003,Apparel,60,1,0,69.46
2025-10-19,1,PROD_APP_004,Apparel,41,0,0,69.46
2025-10-19,1,PROD_HOME_001,Home & Kitchen,37,0,0,69.46
2025-10-19,1,PROD_HOME_002,Home & Kitchen,36,0,0,69.46
2025-10-19,1,PROD_HOME_003,Home & Kitchen,39,0,0,69.46
2025-10-19,1,PROD_HOME_004,Home & Kitchen,43,0,0,69.46
2025-10-19,1,PROD_BEAU_001,Health & Beauty,37,0,0,69.46
2025-10-19,1,PROD_BEAU_002,Health & Beauty,38,0,0,69.46
2025-10-19,1,PROD_BEAU_003,Health & Beauty,37,0,0,69.46
2025-10-19,1,PROD_SPRT_001,Sports & Outdoors,61,1,0,69.46
2025-10-19,1,PROD_SPRT_002,Sports & Outdoors,36,0,0,69.46
2025-10-19,1,PROD_SPRT_003,Sports & Outdoors,37,0,0,69.46
2025-10-19,1,PROD_SPRT_004,Sports & Outdoors,43,0,0,69.46
2025-10-20,1,PROD_ELEC_001,Electronics,34,0,0,69.75
2025-10-20,1,PROD_ELEC_002,Electronics,39,1,0,69.75
2025-10-20,1,PROD_ELEC_003,Electronics,29,0,0,69.75
2025-10-20,1,PROD_ELEC_004,Electronics,35,0,0,69.75
2025-10-20,1,PROD_ELEC_005,Electronics,27,0,0,69.75
2025-10-20,1,PROD_APP_001,Apparel,29,0,0,69.75
2025-10-20,1,PROD_APP_002,Apparel,31,0,0,69.75
2025-10-20,1,PROD_APP_003,Apparel,26,0,0,69.75
2025-10-20,1,PROD_APP_004,Apparel,28,0,0,69.75
2025-10-20,1,PROD_HOME_001,Home & Kitchen,30,0,0,69.75
2025-10-20,1,PROD_HOME_002,Home & Kitchen,30,0,0,69.75
2025-10-20,1,PROD_HOME_003,Home & Kitchen,35,0,0,69.75
2025-10-20,1,PROD_HOME_004,Home & Kitchen,49,1,0,69.75
2025-10-20,1,PROD_BEAU_001,Health & Beauty,40,1,0,69.75
2025-10-20,1,PROD_BEAU_002,Health & Beauty,43,1,0,69.75
2025-10-20,1,PROD_BEAU_003,Health & Beauty,32,0,0,69.75
2025-10-20,1,PROD_SPRT_001,Sports & Outdoors,36,0,0,69.75
2025-10-20,1,PROD_SPRT_002,Sports & Outdoors,46,1,0,69.75
2025-10-20,1,PROD_SPRT_003,Sports & Outdoors,31,0,0,69.75
2025-10-20,1,PROD_SPRT_004,Sports & Outdoors,32,0,0,69.75
2025-10-21,1,PROD_ELEC_001,Electronics,39,1,0,70.13
2025-10-21,1,PROD_ELEC_002,Electronics,44,1,0,70.13
2025-10-21,1,PROD_ELEC_003,Electronics,35,0,0,70.13
2025-10-21,1,PROD_ELEC_004,Electronics,29,0,0,70.13
2025-10-21,1,PROD_ELEC_005,Electronics,30,0,0,70.13
2025-10-21,1,PROD_APP_001,Apparel,29,0,0,70.13
2025-10-21,1,PROD_APP_002,Apparel,34,1,0,70.13
2025-10-21,1,PROD_APP_003,Apparel,30,0,0,70.13
2025-10-21,1,PROD_APP_004,Apparel,31,0,0,70.13
2025-10-21,1,PROD_HOME_001,Home & Kitchen,27,0,0,70.13
2025-10-21,1,PROD_HOME_002,Home & Kitchen,25,0,0,70.13
2025-10-21,1,PROD_HOME_003,Home & Kitchen,26,0,0,70.13
2025-10-21,1,PROD_HOME_004,Home & Kitchen,33,0,0,70.13
2025-10-21,1,PROD_BEAU_001,Health & Beauty,37,0,0,70.13
2025-10-21,1,PROD_BEAU_002,Health & Beauty,35,0,0,70.13
2025-10-21,1,PROD_BEAU_003,Health & Beauty,24,0,0,70.13
2025-10-21,1,PROD_SPRT_001,Sports & Outdoors,33,0,0,70.13
2025-10-21,1,PROD_SPRT_002,Sports & Outdoors,27,0,0,70.13
2025-10-21,1,PROD_SPRT_003,Sports & Outdoors,41,1,0,70.13
2025-10-21,1,PROD_SPRT_004,Sports & Outdoors,28,0,0,70.13
2025-10-22,1,PROD_ELEC_001,Electronics,33,0,0,69.92
2025-10-22,1,PROD_ELEC_002,Electronics,29,0,0,69.92
2025-10-22,1,PROD_ELEC_003,Electronics,29,0,0,69.92
2025-10-22,1,PROD_ELEC_004,Electronics,31,0,0,69.92
2025-10-22,1,PROD_ELEC_005,Electronics,32,0,0,69.92
2025-10-22,1,PROD_APP_001,Apparel,34,0,0,69.92
2025-10-22,1,PROD_APP_002,Apparel,24,0,0,69.92
2025-10-22,1,PROD_APP_003,Apparel,30,0,0,69.92
2025-10-22,1,PROD_APP_004,Apparel,25,0,0,69.92
2025-10-22,1,PROD_HOME_001,Home & Kitchen,29,0,0,69.92
2025-10-22,1,PROD_HOME_002,Home & Kitchen,29,0,0,69.92
2025-10-22,1,PROD_HOME_003,Home & Kitchen,29,0,0,69.92
2025-10-22,1,PROD_HOME_004,Home & Kitchen,26,0,0,69.92
2025-10-22,1,PROD_BEAU_001,Health & Beauty,24,0,0,69.92
2025-10-22,1,PROD_BEAU_002,Health & Beauty,35,1,0,69.92
2025-10-22,1,PROD_BEAU_003,Health & Beauty,29,0,0,69.92
2025-10-22,1,PROD_SPRT_001,Sports & Outdoors,28,0,0,69.92
2025-10-22,1,PROD_SPRT_002,Sports & Outdoors,27,0,0,69.92
2025-10-22,1,PROD_SPRT_003,Sports & Outdoors,48,1,0,69.92
2025-10-22,1,PROD_SPRT_004,Sports & Outdoors,26,0,0,69.92
2025-10-23,1,PROD_ELEC_001,Electronics,36,0,0,70.52
2025-10-23,1,PROD_ELEC_002,Electronics,35,1,0,70.52
2025-10-23,1,PROD_ELEC_003,Electronics,30,0,0,70.52
2025-10-23,1,PROD_ELEC_004,Electronics,28,0,0,70.52
2025-10-23,1,PROD_ELEC_005,Electronics,18,0,0,70.52
2025-10-23,1,PROD_APP_001,Apparel,37,1,0,70.52
2025-10-23,1,PROD_APP_002,Apparel,46,1,0,70.52
2025-10-23,1,PROD_APP_003,Apparel,38,0,0,70.52
2025-10-23,1,PROD_APP_004,Apparel,33,0,0,70.52
2025-10-23,1,PROD_HOME_001,Home & Kitchen,31,0,0,70.52
2025-10-23,1,PROD_HOME_002,Home & Kitchen,29,0,0,70.52
2025-10-23,1,PROD_HOME_003,Home & Kitchen,36,0,0,70.52
2025-10-23,1,PROD_HOME_004,Home & Kitchen,38,0,0,70.52
2025-10-23,1,PROD_BEAU_001,Health & Beauty,41,1,0,70.52
2025-10-23,1,PROD_BEAU_002,Health & Beauty,35,1,0,70.52
2025-10-23,1,PROD_BEAU_003,Health & Beauty,21,0,0,70.52
2025-10-23,1,PROD_SPRT_001,Sports & Outdoors,35,0,0,70.52
2025-10-23,1,PROD_SPRT_002,Sports & Outdoors,29,0,0,70.52
2025-10-23,1,PROD_SPRT_003,Sports & Outdoors,44,1,0,70.52
2025-10-23,1,PROD_SPRT_004,Sports & Outdoors,22,0,0,70.52
2025-10-24,1,PROD_ELEC_001,Electronics,42,1,0,67.67
2025-10-24,1,PROD_ELEC_002,Electronics,30,0,0,67.67
2025-10-24,1,PROD_ELEC_003,Electronics,28,0,0,67.67
2025-10-24,1,PROD_ELEC_004,Electronics,25,0,0,67.67
2025-10-24,1,PROD_ELEC_005,Electronics,26,0,0,67.67
2025-10-24,1,PROD_APP_001,Apparel,34,0,0,67.67
2025-10-24,1,PROD_APP_002,Apparel,30,0,0,67.67
2025-10-24,1,PROD_APP_003,Apparel,32,0,0,67.67
2025-10-24,1,PROD_APP_004,Apparel,26,0,0,67.67
2025-10-24,1,PROD_HOME_001,Home & Kitchen,18,0,0,67.67
2025-10-24,1,PROD_HOME_002,Home & Kitchen,27,0,0,67.67
2025-10-24,1,PROD_HOME_003,Home & Kitchen,26,0,0,67.67
2025-10-24,1,PROD_HOME_004,Home & Kitchen,31,0,0,67.67
2025-10-24,1,PROD_BEAU_001,Health & Beauty,43,0,0,67.67
2025-10-24,1,PROD_BEAU_002,Health & Beauty,32,0,0,67.67
2025-10-24,1,PROD_BEAU_003,Health & Beauty,40,0,0,67.67
2025-10-24,1,PROD_SPRT_001,Sports & Outdoors,32,0,0,67.67
2025-10-24,1,PROD_SPRT_002,Sports & Outdoors,27,0,0,67.67
2025-10-24,1,PROD_SPRT_003,Sports & Outdoors,31,0,0,67.67
2025-10-24,1,PROD_SPRT_004,Sports & Outdoors,37,0,0,67.67
2025-10-25,1,PROD_ELEC_001,Electronics,35,0,0,70.54
2025-10-25,1,PROD_ELEC_002,Electronics,38,0,0,70.54
2025-10-25,1,PROD_ELEC_003,Electronics,31,0,0,70.54
2025-10-25,1,PROD_ELEC_004,Electronics,40,0,0,70.54
2025-10-25,1,PROD_ELEC_005,Electronics,60,1,0,70.54
2025-10-25,1,PROD_APP_001,Apparel,37,0,0,70.54
2025-10-25,1,PROD_APP_002,Apparel,34,0,0,70.54
2025-10-25,1,PROD_APP_003,Apparel,55,1,0,70.54
2025-10-25,1,PROD_APP_004,Apparel,56,1,0,70.54
2025-10-25,1,PROD_HOME_001,Home & Kitchen,37,0,0,70.54
2025-10-25,1,PROD_HOME_002,Home & Kitchen,38,0,0,70.54
2025-10-25,1,PROD_HOME_003,Home & Kitchen,36,0,0,70.54
2025-10-25,1,PROD_HOME_004,Home & Kitchen,41,0,0,70.54
2025-10-25,1,PROD_BEAU_001,Health & Beauty,40,0,0,70.54
2025-10-25,1,PROD_BEAU_002,Health & Beauty,33,0,0,70.54
2025-10-25,1,PROD_BEAU_003,Health & Beauty,33,0,0,70.54
2025-10-25,1,PROD_SPRT_001,Sports & Outdoors,36,0,0,70.54
2025-10-25,1,PROD_SPRT_002,Sports & Outdoors,40,0,0,70.54
2025-10-25,1,PROD_SPRT_003,Sports & Outdoors,38,0,0,70.54
2025-10-25,1,PROD_SPRT_004,Sports & Outdoors,34,0,0,70.54
2025-10-26,1,PROD_ELEC_001,Electronics,36,0,0,68.42
2025-10-26,1,PROD_ELEC_002,Electronics,41,0,0,68.42
2025-10-26,1,PROD_ELEC_003,Electronics,38,0,0,68.42
2025-10-26,1,PROD_ELEC_004,Electronics,36,0,0,68.42
2025-10-26,1,PROD_ELEC_005,Electronics,38,0,0,68.42
2025-10-26,1,PROD_APP_001,Apparel,59,1,0,68.42
2025-10-26,1,PROD_APP_002,Apparel,52,1,0,68.42
2025-10-26,1,PROD_APP_003,Apparel,39,0,0,68.42
2025-10-26,1,PROD_APP_004,Apparel,54,1,0,68.42
2025-10-26,1,PROD_HOME_001,Home & Kitchen,39,0,0,68.42
2025-10-26,1,PROD_HOME_002,Home & Kitchen,34,0,0,68.42
2025-10-26,1,PROD_HOME_003,Home & Kitchen,54,1,0,68.42
2025-10-26,1,PROD_HOME_004,Home & Kitchen,41,0,0,68.42
2025-10-26,1,PROD_BEAU_001,Health & Beauty,33,0,0,68.42
2025-10-26,1,PROD_BEAU_002,Health & Beauty,32,0,0,68.42
2025-10-26,1,PROD_BEAU_003,Health & Beauty,32,0,0,68.42
2025-10-26,1,PROD_SPRT_001,Sports & Outdoors,32,0,0,68.42
2025-10-26,1,PROD_SPRT_002,Sports & Outdoors,39,0,0,68.42
2025-10-26,1,PROD_SPRT_003,Sports & Outdoors,31,0,0,68.42
2025-10-26,1,PROD_SPRT_004,Sports & Outdoors,36,0,0,68.42
2025-10-27,1,PROD_ELEC_001,Electronics,45,1,0,68.62
2025-10-27,1,PROD_ELEC_002,Electronics,28,0,0,68.62
2025-10-27,1,PROD_ELEC_003,Electronics,44,1,0,68.62
2025-10-27,1,PROD_ELEC_004,Electronics,43,1,0,68.62
2025-10-27,1,PROD_ELEC_005,Electronics,29,0,0,68.62
2025-10-27,1,PROD_APP_001,Apparel,29,0,0,68.62
2025-10-27,1,PROD_APP_002,Apparel,38,0,0,68.62
2025-10-27,1,PROD_APP_003,Apparel,33,0,0,68.62
2025-10-27,1,PROD_APP_004,Apparel,39,0,0,68.62
2025-10-27,1,PROD_HOME_001,Home & Kitchen,41,1,0,68.62
2025-10-27,1,PROD_HOME_002,Home & Kitchen,29,0,0,68.62
2025-10-27,1,PROD_HOME_003,Home & Kitchen,38,1,0,68.62
2025-10-27,1,PROD_HOME_004,Home & Kitchen,26,0,0,68.62
2025-10-27,1,PROD_BEAU_001,Health & Beauty,37,0,0,68.62
2025-10-27,1,PROD_BEAU_002,Health & Beauty,27,0,0,68.62
2025-10-27,1,PROD_BEAU_003,Health & Beauty,37,0,0,68.62
2025-10-27,1,PROD_SPRT_001,Sports & Outdoors,25,0,0,68.62
2025-10-27,1,PROD_SPRT_002,Sports & Outdoors,39,1,0,68.62
2025-10-27,1,PROD_SPRT_003,Sports & Outdoors,28,0,0,68.62
2025-10-27,1,PROD_SPRT_004,Sports & Outdoors,29,0,0,68.62
2025-10-28,1,PROD_ELEC_001,Electronics,31,0,0,68.76
2025-10-28,1,PROD_ELEC_002,Electronics,28,0,0,68.76
2025-10-28,1,PROD_ELEC_003,Electronics,29,0,0,68.76
2025-10-28,1,PROD_ELEC_004,Electronics,28,0,0,68.76
2025-10-28,1,PROD_ELEC_005,Electronics,26,0,0,68.76
2025-10-28,1,PROD_APP_001,Apparel,26,0,0,68.76
2025-10-28,1,PROD_APP_002,Apparel,34,0,0,68.76
2025-10-28,1,PROD_APP_003,Apparel,22,0,0,68.76
2025-10-28,1,PROD_APP_004,Apparel,36,0,0,68.76
2025-10-28,1,PROD_HOME_001,Home & Kitchen,28,0,0,68.76
2025-10-28,1,PROD_HOME_002,Home & Kitchen,26,0,0,68.76
2025-10-28,1,PROD_HOME_003,Home & Kitchen,32,0,0,68.76
2025-10-28,1,PROD_HOME_004,Home & Kitchen,35,0,0,68.76
2025-10-28,1,PROD_BEAU_001,Health & Beauty,34,0,0,68.76
2025-10-28,1,PROD_BEAU_002,Health & Beauty,32,0,0,68.76
2025-10-28,1,PROD_BEAU_003,Health & Beauty,34,0,0,68.76
2025-10-28,1,PROD_SPRT_001,Sports & Outdoors,23,0,0,68.76
2025-10-28,1,PROD_SPRT_002,Sports & Outdoors,27,0,0,68.76
2025-10-28,1,PROD_SPRT_003,Sports & Outdoors,26,0,0,68.76
2025-10-28,1,PROD_SPRT_004,Sports & Outdoors,34,0,0,68.76
2025-10-29,1,PROD_ELEC_001,Electronics,33,0,0,66.97
2025-10-29,1,PROD_ELEC_002,Electronics,32,0,0,66.97
2025-10-29,1,PROD_ELEC_003,Electronics,26,0,0,66.97
2025-10-29,1,PROD_ELEC_004,Electronics,27,0,0,66.97
2025-10-29,1,PROD_ELEC_005,Electronics,35,0,0,66.97
2025-10-29,1,PROD_APP_001,Apparel,26,0,0,66.97
2025-10-29,1,PROD_APP_002,Apparel,30,0,0,66.97
2025-10-29,1,PROD_APP_003,Apparel,26,0,0,66.97
2025-10-29,1,PROD_APP_004,Apparel,28,0,0,66.97
2025-10-29,1,PROD_HOME_001,Home & Kitchen,29,0,0,66.97
2025-10-29,1,PROD_HOME_002,Home & Kitchen,26,0,0,66.97
2025-10-29,1,PROD_HOME_003,Home & Kitchen,39,1,0,66.97
2025-10-29,1,PROD_HOME_004,Home & Kitchen,31,0,0,66.97
2025-10-29,1,PROD_BEAU_001,Health & Beauty,26,0,0,66.97
2025-10-29,1,PROD_BEAU_002,Health & Beauty,26,0,0,66.97
2025-10-29,1,PROD_BEAU_003,Health & Beauty,26,0,0,66.97
2025-10-29,1,PROD_SPRT_001,Sports & Outdoors,43,1,0,66.97
2025-10-29,1,PROD_SPRT_002,Sports & Outdoors,33,0,0,66.97
2025-10-29,1,PROD_SPRT_003,Sports & Outdoors,36,0,0,66.97
2025-10-29,1,PROD_SPRT_004,Sports & Outdoors,27,0,0,66.97
2025-10-30,1,PROD_ELEC_001,Electronics,25,0,0,69.79
2025-10-30,1,PROD_ELEC_002,Electronics,47,1,0,69.79
2025-10-30,1,PROD_ELEC_003,Electronics,27,0,0,69.79
2025-10-30,1,PROD_ELEC_004,Electronics,40,1,0,69.79
2025-10-30,1,PROD_ELEC_005,Electronics,40,1,0,69.79
2025-10-30,1,PROD_APP_001,Apparel,29,0,0,69.79
2025-10-30,1,PROD_APP_002,Apparel,32,0,0,69.79
2025-10-30,1,PROD_APP_003,Apparel,32,0,0,69.79
2025-10-30,1,PROD_APP_004,Apparel,26,0,0,69.79
2025-10-30,1,PROD_HOME_001,Home & Kitchen,26,0,0,69.79
2025-10-30,1,PROD_HOME_002,Home & Kitchen,26,0,0,69.79
2025-10-30,1,PROD_HOME_003,Home & Kitchen,29,0,0,69.79
2025-10-30,1,PROD_HOME_004,Home & Kitchen,29,0,0,69.79
2025-10-30,1,PROD_BEAU_001,Health & Beauty,39,1,0,69.79
2025-10-30,1,PROD_BEAU_002,Health & Beauty,31,0,0,69.79
2025-10-30,1,PROD_BEAU_003,Health & Beauty,52,1,0,69.79
2025-10-30,1,PROD_SPRT_001,Sports & Outdoors,27,0,0,69.79
2025-10-30,1,PROD_SPRT_002,Sports & Outdoors,28,0,0,69.79
2025-10-30,1,PROD_SPRT_003,Sports & Outdoors,32,0,0,69.79
2025-10-30,1,PROD_SPRT_004,Sports & Outdoors,27,0,0,69.79
2025-10-31,1,PROD_ELEC_001,Electronics,27,0,0,67.8
2025-10-31,1,PROD_ELEC_002,Electronics,50,1,0,67.8
2025-10-31,1,PROD_ELEC_003,Electronics,44,1,0,67.8
2025-10-31,1,PROD_ELEC_004,Electronics,41,1,0,67.8
2025-10-31,1,PROD_ELEC_005,Electronics,41,1,0,67.8
2025-10-31,1,PROD_APP_001,Apparel,27,0,0,67.8
2025-10-31,1,PROD_APP_002,Apparel,48,1,0,67.8
2025-10-31,1,PROD_APP_003,Apparel,24,0,0,67.8
2025-10-31,1,PROD_APP_004,Apparel,27,0,0,67.8
2025-10-31,1,PROD_HOME_001,Home & Kitchen,41,1,0,67.8
2025-10-31,1,PROD_HOME_002,Home & Kitchen,29,0,0,67.8
2025-10-31,1,PROD_HOME_003,Home & Kitchen,28,0,0,67.8
2025-10-31,1,PROD_HOME_004,Home & Kitchen,37,1,0,67.8
2025-10-31,1,PROD_BEAU_001,Health & Beauty,41,1,0,67.8
2025-10-31,1,PROD_BEAU_002,Health & Beauty,29,0,0,67.8
2025-10-31,1,PROD_BEAU_003,Health & Beauty,27,0,0,67.8
2025-10-31,1,PROD_SPRT_001,Sports & Outdoors,32,0,0,67.8
2025-10-31,1,PROD_SPRT_002,Sports & Outdoors,33,0,0,67.8
2025-10-31,1,PROD_SPRT_003,Sports & Outdoors,29,0,0,67.8
2025-10-31,1,PROD_SPRT_004,Sports & Outdoors,30,0,0,67.8
2025-11-01,1,PROD_ELEC_001,Electronics,71,1,0,64.2
2025-11-01,1,PROD_ELEC_002,Electronics,54,0,0,64.2
2025-11-01,1,PROD_ELEC_003,Electronics,48,0,0,64.2
2025-11-01,1,PROD_ELEC_004,Electronics,47,0,0,64.2
2025-11-01,1,PROD_ELEC_005,Electronics,59,0,0,64.2
2025-11-01,1,PROD_APP_001,Apparel,57,0,0,64.2
2025-11-01,1,PROD_APP_002,Apparel,52,0,0,64.2
2025-11-01,1,PROD_APP_003,Apparel,77,1,0,64.2
2025-11-01,1,PROD_APP_004,Apparel,64,1,0,64.2
2025-11-01,1,PROD_HOME_001,Home & Kitchen,47,0,0,64.2
2025-11-01,1,PROD_HOME_002,Home & Kitchen,48,0,0,64.2
2025-11-01,1,PROD_HOME_003,Home & Kitchen,49,0,0,64.2
2025-11-01,1,PROD_HOME_004,Home & Kitchen,48,0,0,64.2
2025-11-01,1,PROD_BEAU_001,Health & Beauty,40,0,0,64.2
2025-11-01,1,PROD_BEAU_002,Health & Beauty,52,0,0,64.2
2025-11-01,1,PROD_BEAU_003,Health & Beauty,52,0,0,64.2
2025-11-01,1,PROD_SPRT_001,Sports & Outdoors,57,0,0,64.2
2025-11-01,1,PROD_SPRT_002,Sports & Outdoors,47,0,0,64.2
2025-11-01,1,PROD_SPRT_003,Sports & Outdoors,47,0,0,64.2
2025-11-01,1,PROD_SPRT_004,Sports & Outdoors,39,0,0,64.2
2025-11-02,1,PROD_ELEC_001,Electronics,54,0,0,66.24
2025-11-02,1,PROD_ELEC_002,Electronics,48,0,0,66.24
2025-11-02,1,PROD_ELEC_003,Electronics,59,0,0,66.24
2025-11-02,1,PROD_ELEC_004,Electronics,72,1,0,66.24
2025-11-02,1,PROD_ELEC_005,Electronics,51,0,0,66.24
2025-11-02,1,PROD_APP_001,Apparel,45,0,0,66.24
2025-11-02,1,PROD_APP_002,Apparel,51,0,0,66.24
2025-11-02,1,PROD_APP_003,Apparel,42,0,0,66.24
2025-11-02,1,PROD_APP_004,Apparel,53,0,0,66.24
2025-11-02,1,PROD_HOME_001,Home & Kitchen,53,0,0,66.24
2025-11-02,1,PROD_HOME_002,Home & Kitchen,56,0,0,66.24
2025-11-02,1,PROD_HOME_003,Home & Kitchen,46,0,0,66.24
2025-11-02,1,PROD_HOME_004,Home & Kitchen,51,0,0,66.24
2025-11-02,1,PROD_BEAU_001,Health & Beauty,52,0,0,66.24
2025-11-02,1,PROD_BEAU_002,Health & Beauty,75,1,0,66.24
2025-11-02,1,PROD_BEAU_003,Health & Beauty,47,0,0,66.24
2025-11-02,1,PROD_SPRT_001,Sports & Outdoors,41,0,0,66.24
2025-11-02,1,PROD_SPRT_002,Sports & Outdoors,52,0,0,66.24
2025-11-02,1,PROD_SPRT_003,Sports & Outdoors,50,0,0,66.24
2025-11-02,1,PROD_SPRT_004,Sports & Outdoors,71,1,0,66.24
2025-11-03,1,PROD_ELEC_001,Electronics,40,0,0,67.32
2025-11-03,1,PROD_ELEC_002,Electronics,35,0,0,67.32
2025-11-03,1,PROD_ELEC_003,Electronics,32,0,0,67.32
2025-11-03,1,PROD_ELEC_004,Electronics,35,0,0,67.32
2025-11-03,1,PROD_ELEC_005,Electronics,50,0,0,67.32
2025-11-03,1,PROD_APP_001,Apparel,43,0,0,67.32
2025-11-03,1,PROD_APP_002,Apparel,41,0,0,67.32
2025-11-03,1,PROD_APP_003,Apparel,39,0,0,67.32
2025-11-03,1,PROD_APP_004,Apparel,39,0,0,67.32
2025-11-03,1,PROD_HOME_001,Home & Kitchen,63,1,0,67.32
2025-11-03,1,PROD_HOME_002,Home & Kitchen,38,0,0,67.32
2025-11-03,1,PROD_HOME_003,Home & Kitchen,42,0,0,67.32
2025-11-03,1,PROD_HOME_004,Home & Kitchen,39,0,0,67.32
2025-11-03,1,PROD_BEAU_001,Health & Beauty,48,0,0,67.32
2025-11-03,1,PROD_BEAU_002,Health & Beauty,61,1,0,67.32
2025-11-03,1,PROD_BEAU_003,Health & Beauty,63,1,0,67.32
2025-11-03,1,PROD_SPRT_001,Sports & Outdoors,38,0,0,67.32
2025-11-03,1,PROD_SPRT_002,Sports & Outdoors,44,0,0,67.32
2025-11-03,1,PROD_SPRT_003,Sports & Outdoors,39,0,0,67.32
2025-11-03,1,PROD_SPRT_004,Sports & Outdoors,40,0,0,67.32
2025-11-04,1,PROD_ELEC_001,Electronics,36,0,0,68.18
2025-11-04,1,PROD_ELEC_002,Electronics,41,0,0,68.18
2025-11-04,1,PROD_ELEC_003,Electronics,42,0,0,68.18
2025-11-04,1,PROD_ELEC_004,Electronics,42,0,0,68.18
2025-11-04,1,PROD_ELEC_005,Electronics,38,0,0,68.18
2025-11-04,1,PROD_APP_001,Apparel,48,0,0,68.18
2025-11-04,1,PROD_APP_002,Apparel,35,0,0,68.18
2025-11-04,1,PROD_APP_003,Apparel,46,0,0,68.18
2025-11-04,1,PROD_APP_004,Apparel,45,0,0,68.18
2025-11-04,1,PROD_HOME_001,Home & Kitchen,48,0,0,68.18
2025-11-04,1,PROD_HOME_002,Home & Kitchen,34,0,0,68.18
2025-11-04,1,PROD_HOME_003,Home & Kitchen,37,0,0,68.18
2025-11-04,1,PROD_HOME_004,Home & Kitchen,64,1,0,68.18
2025-11-04,1,PROD_BEAU_001,Health & Beauty,32,0,0,68.18
2025-11-04,1,PROD_BEAU_002,Health & Beauty,34,0,0,68.18
2025-11-04,1,PROD_BEAU_003,Health & Beauty,56,1,0,68.18
2025-11-04,1,PROD_SPRT_001,Sports & Outdoors,41,0,0,68.18
2025-11-04,1,PROD_SPRT_002,Sports & Outdoors,46,0,0,68.18
2025-11-04,1,PROD_SPRT_003,Sports & Outdoors,39,0,0,68.18
2025-11-04,1,PROD_SPRT_004,Sports & Outdoors,38,0,0,68.18
2025-11-05,1,PROD_ELEC_001,Electronics,42,0,0,66.41
2025-11-05,1,PROD_ELEC_002,Electronics,42,0,0,66.41
2025-11-05,1,PROD_ELEC_003,Electronics,39,0,0,66.41
2025-11-05,1,PROD_ELEC_004,Electronics,32,0,0,66.41
2025-11-05,1,PROD_ELEC_005,Electronics,36,0,0,66.41
2025-11-05,1,PROD_APP_001,Apparel,46,0,0,66.41
2025-11-05,1,PROD_APP_002,Apparel,59,1,0,66.41
2025-11-05,1,PROD_APP_003,Apparel,57,1,0,66.41
2025-11-05,1,PROD_APP_004,Apparel,44,0,0,66.41
2025-11-05,1,PROD_HOME_001,Home & Kitchen,35,0,0,66.41
2025-11-05,1,PROD_HOME_002,Home & Kitchen,39,0,0,66.41
2025-11-05,1,PROD_HOME_003,Home & Kitchen,41,0,0,66.41
2025-11-05,1,PROD_HOME_004,Home & Kitchen,38,0,0,66.41
2025-11-05,1,PROD_BEAU_001,Health & Beauty,40,0,0,66.41
2025-11-05,1,PROD_BEAU_002,Health & Beauty,39,0,0,66.41
2025-11-05,1,PROD_BEAU_003,Health & Beauty,53,1,0,66.41
2025-11-05,1,PROD_SPRT_001,Sports & Outdoors,41,0,0,66.41
2025-11-05,1,PROD_SPRT_002,Sports & Outdoors,35,0,0,66.41
2025-11-05,1,PROD_SPRT_003,Sports & Outdoors,59,1,0,66.41
2025-11-05,1,PROD_SPRT_004,Sports & Outdoors,45,0,0,66.41
2025-11-06,1,PROD_ELEC_001,Electronics,35,0,0,65.52
2025-11-06,1,PROD_ELEC_002,Electronics,39,0,0,65.52
2025-11-06,1,PROD_ELEC_003,Electronics,37,0,0,65.52
2025-11-06,1,PROD_ELEC_004,Electronics,61,1,0,65.52
2025-11-06,1,PROD_ELEC_005,Electronics,39,0,0,65.52
2025-11-06,1,PROD_APP_001,Apparel,47,0,0,65.52
2025-11-06,1,PROD_APP_002,Apparel,45,0,0,65.52
2025-11-06,1,PROD_APP_003,Apparel,58,1,0,65.52
2025-11-06,1,PROD_APP_004,Apparel,43,0,0,65.52
2025-11-06,1,PROD_HOME_001,Home & Kitchen,38,0,0,65.52
2025-11-06,1,PROD_HOME_002,Home & Kitchen,40,0,0,65.52
2025-11-06,1,PROD_HOME_003,Home & Kitchen,39,0,0,65.52
2025-11-06,1,PROD_HOME_004,Home & Kitchen,43,0,0,65.52
2025-11-06,1,PROD_BEAU_001,Health & Beauty,46,0,0,65.52
2025-11-06,1,PROD_BEAU_002,Health & Beauty,43,0,0,65.52
2025-11-06,1,PROD_BEAU_003,Health & Beauty,44,0,0,65.52
2025-11-06,1,PROD_SPRT_001,Sports & Outdoors,44,0,0,65.52
2025-11-06,1,PROD_SPRT_002,Sports & Outdoors,42,0,0,65.52
2025-11-06,1,PROD_SPRT_003,Sports & Outdoors,35,0,0,65.52
2025-11-06,1,PROD_SPRT_004,Sports & Outdoors,47,0,0,65.52
2025-11-07,1,PROD_ELEC_001,Electronics,39,0,0,67.86
2025-11-07,1,PROD_ELEC_002,Electronics,39,0,0,67.86
2025-11-07,1,PROD_ELEC_003,Electronics,42,0,0,67.86
2025-11-07,1,PROD_ELEC_004,Electronics,42,0,0,67.86
2025-11-07,1,PROD_ELEC_005,Electronics,39,0,0,67.86
2025-11-07,1,PROD_APP_001,Apparel,35,0,0,67.86
2025-11-07,1,PROD_APP_002,Apparel,41,0,0,67.86
2025-11-07,1,PROD_APP_003,Apparel,42,0,0,67.86
2025-11-07,1,PROD_APP_004,Apparel,43,0,0,67.86
2025-11-07,1,PROD_HOME_001,Home & Kitchen,60,1,0,67.86
2025-11-07,1,PROD_HOME_002,Home & Kitchen,57,1,0,67.86
2025-11-07,1,PROD_HOME_003,Home & Kitchen,62,1,0,67.86
2025-11-07,1,PROD_HOME_004,Home & Kitchen,40,0,0,67.86
2025-11-07,1,PROD_BEAU_001,Health & Beauty,38,0,0,67.86
2025-11-07,1,PROD_BEAU_002,Health & Beauty,39,0,0,67.86
2025-11-07,1,PROD_BEAU_003,Health & Beauty,33,0,0,67.86
2025-11-07,1,PROD_SPRT_001,Sports & Outdoors,39,0,0,67.86
2025-11-07,1,PROD_SPRT_002,Sports & Outdoors,43,0,0,67.86
2025-11-07,1,PROD_SPRT_003,Sports & Outdoors,41,0,0,67.86
2025-11-07,1,PROD_SPRT_004,Sports & Outdoors,46,0,0,67.86
2025-11-08,1,PROD_ELEC_001,Electronics,52,0,0,65.22
2025-11-08,1,PROD_ELEC_002,Electronics,53,0,0,65.22
2025-11-08,1,PROD_ELEC_003,Electronics,59,0,0,65.22
2025-11-08,1,PROD_ELEC_004,Electronics,51,0,0,65.22
2025-11-08,1,PROD_ELEC_005,Electronics,46,0,0,65.22
2025-11-08,1,PROD_APP_001,Apparel,54,0,0,65.22
2025-11-08,1,PROD_APP_002,Apparel,58,0,0,65.22
2025-11-08,1,PROD_APP_003,Apparel,49,0,0,65.22
2025-11-08,1,PROD_APP_004,Apparel,76,1,0,65.22
2025-11-08,1,PROD_HOME_001,Home & Kitchen,55,0,0,65.22
2025-11-08,1,PROD_HOME_002,Home & Kitchen,54,0,0,65.22
2025-11-08,1,PROD_HOME_003,Home & Kitchen,51,0,0,65.22
2025-11-08,1,PROD_HOME_004,Home & Kitchen,47,0,0,65.22
2025-11-08,1,PROD_BEAU_001,Health & Beauty,50,0,0,65.22
2025-11-08,1,PROD_BEAU_002,Health & Beauty,52,0,0,65.22
2025-11-08,1,PROD_BEAU_003,Health & Beauty,54,0,0,65.22
2025-11-08,1,PROD_SPRT_001,Sports & Outdoors,51,0,0,65.22
2025-11-08,1,PROD_SPRT_002,Sports & Outdoors,49,0,0,65.22
2025-11-08,1,PROD_SPRT_003,Sports & Outdoors,52,0,0,65.22
2025-11-08,1,PROD_SPRT_004,Sports & Outdoors,54,0,0,65.22
2025-11-09,1,PROD_ELEC_001,Electronics,47,0,0,65.83
2025-11-09,1,PROD_ELEC_002,Electronics,49,0,0,65.83
2025-11-09,1,PROD_ELEC_003,Electronics,77,1,0,65.83
2025-11-09,1,PROD_ELEC_004,Electronics,45,0,0,65.83
2025-11-09,1,PROD_ELEC_005,Electronics,65,1,0,65.83
2025-11-09,1,PROD_APP_001,Apparel,56,0,0,65.83
2025-11-09,1,PROD_APP_002,Apparel,75,1,0,65.83
2025-11-09,1,PROD_APP_003,Apparel,53,0,0,65.83
2025-11-09,1,PROD_APP_004,Apparel,46,0,0,65.83
2025-11-09,1,PROD_HOME_001,Home & Kitchen,53,0,0,65.83
2025-11-09,1,PROD_HOME_002,Home & Kitchen,74,1,0,65.83
2025-11-09,1,PROD_HOME_003,Home & Kitchen,44,0,0,65.83
2025-11-09,1,PROD_HOME_004,Home & Kitchen,79,1,0,65.83
2025-11-09,1,PROD_BEAU_001,Health & Beauty,51,0,0,65.83
2025-11-09,1,PROD_BEAU_002,Health & Beauty,49,0,0,65.83
2025-11-09,1,PROD_BEAU_003,Health & Beauty,71,1,0,65.83
2025-11-09,1,PROD_SPRT_001,Sports & Outdoors,42,0,0,65.83
2025-11-09,1,PROD_SPRT_002,Sports & Outdoors,52,0,0,65.83
2025-11-09,1,PROD_SPRT_003,Sports & Outdoors,51,0,0,65.83
2025-11-09,1,PROD_SPRT_004,Sports & Outdoors,49,0,0,65.83
2025-11-10,1,PROD_ELEC_001,Electronics,34,0,0,66.77
2025-11-10,1,PROD_ELEC_002,Electronics,38,0,0,66.77
2025-11-10,1,PROD_ELEC_003,Electronics,55,1,0,66.77
2025-11-10,1,PROD_ELEC_004,Electronics,39,0,0,66.77
2025-11-10,1,PROD_ELEC_005,Electronics,40,0,0,66.77
2025-11-10,1,PROD_APP_001,Apparel,60,1,0,66.77
2025-11-10,1,PROD_APP_002,Apparel,39,0,0,66.77
2025-11-10,1,PROD_APP_003,Apparel,36,0,0,66.77
2025-11-10,1,PROD_APP_004,Apparel,47,0,0,66.77
2025-11-10,1,PROD_HOME_001,Home & Kitchen,50,0,0,66.77
2025-11-10,1,PROD_HOME_002,Home & Kitchen,41,0,0,66.77
2025-11-10,1,PROD_HOME_003,Home & Kitchen,37,0,0,66.77
2025-11-10,1,PROD_HOME_004,Home & Kitchen,46,0,0,66.77
2025-11-10,1,PROD_BEAU_001,Health & Beauty,34,0,0,66.77
2025-11-10,1,PROD_BEAU_002,Health & Beauty,57,1,0,66.77
2025-11-10,1,PROD_BEAU_003,Health & Beauty,55,1,0,66.77
2025-11-10,1,PROD_SPRT_001,Sports & Outdoors,54,1,0,66.77
2025-11-10,1,PROD_SPRT_002,Sports & Outdoors,39,0,0,66.77
2025-11-10,1,PROD_SPRT_003,Sports & Outdoors,37,0,0,66.77
2025-11-10,1,PROD_SPRT_004,Sports & Outdoors,58,1,0,66.77
2025-11-11,1,PROD_ELEC_001,Electronics,56,1,0,65.13
2025-11-11,1,PROD_ELEC_002,Electronics,39,0,0,65.13
2025-11-11,1,PROD_ELEC_003,Electronics,39,0,0,65.13
2025-11-11,1,PROD_ELEC_004,Electronics,43,0,0,65.13
2025-11-11,1,PROD_ELEC_005,Electronics,39,0,0,65.13
2025-11-11,1,PROD_APP_001,Apparel,62,1,0,65.13
2025-11-11,1,PROD_APP_002,Apparel,42,0,0,65.13
2025-11-11,1,PROD_APP_003,Apparel,42,0,0,65.13
2025-11-11,1,PROD_APP_004,Apparel,46,0,0,65.13
2025-11-11,1,PROD_HOME_001,Home & Kitchen,36,0,0,65.13
2025-11-11,1,PROD_HOME_002,Home & Kitchen,56,1,0,65.13
2025-11-11,1,PROD_HOME_003,Home & Kitchen,47,0,0,65.13
2025-11-11,1,PROD_HOME_004,Home & Kitchen,39,0,0,65.13
2025-11-11,1,PROD_BEAU_001,Health & Beauty,29,0,0,65.13
2025-11-11,1,PROD_BEAU_002,Health & Beauty,39,0,0,65.13
2025-11-11,1,PROD_BEAU_003,Health & Beauty,59,1,0,65.13
2025-11-11,1,PROD_SPRT_001,Sports & Outdoors,30,0,0,65.13
2025-11-11,1,PROD_SPRT_002,Sports & Outdoors,45,0,0,65.13
2025-11-11,1,PROD_SPRT_003,Sports & Outdoors,37,0,0,65.13
2025-11-11,1,PROD_SPRT_004,Sports & Outdoors,41,0,0,65.13
2025-11-12,1,PROD_ELEC_001,Electronics,35,0,0,64.69
2025-11-12,1,PROD_ELEC_002,Electronics,36,0,0,64.69
2025-11-12,1,PROD_ELEC_003,Electronics,36,0,0,64.69
2025-11-12,1,PROD_ELEC_004,Electronics,44,0,0,64.69
2025-11-12,1,PROD_ELEC_005,Electronics,39,0,0,64.69
2025-11-12,1,PROD_APP_001,Apparel,38,0,0,64.69
2025-11-12,1,PROD_APP_002,Apparel,54,1,0,64.69
2025-11-12,1,PROD_APP_003,Apparel,45,0,0,64.69
2025-11-12,1,PROD_APP_004,Apparel,64,1,0,64.69
2025-11-12,1,PROD_HOME_001,Home & Kitchen,45,0,0,64.69
2025-11-12,1,PROD_HOME_002,Home & Kitchen,42,0,0,64.69
2025-11-12,1,PROD_HOME_003,Home & Kitchen,41,0,0,64.69
2025-11-12,1,PROD_HOME_004,Home & Kitchen,35,0,0,64.69
2025-11-12,1,PROD_BEAU_001,Health & Beauty,39,0,0,64.69
2025-11-12,1,PROD_BEAU_002,Health & Beauty,37,0,0,64.69
2025-11-12,1,PROD_BEAU_003,Health & Beauty,33,0,0,64.69
2025-11-12,1,PROD_SPRT_001,Sports & Outdoors,44,0,0,64.69
2025-11-12,1,PROD_SPRT_002,Sports & Outdoors,37,0,0,64.69
2025-11-12,1,PROD_SPRT_003,Sports & Outdoors,45,0,0,64.69
2025-11-12,1,PROD_SPRT_004,Sports & Outdoors,62,1,0,64.69
2025-11-13,1,PROD_ELEC_001,Electronics,42,0,0,65.51
2025-11-13,1,PROD_ELEC_002,Electronics,38,0,0,65.51
2025-11-13,1,PROD_ELEC_003,Electronics,47,0,0,65.51
2025-11-13,1,PROD_ELEC_004,Electronics,40,0,0,65.51
2025-11-13,1,PROD_ELEC_005,Electronics,41,0,0,65.51
2025-11-13,1,PROD_APP_001,Apparel,37,0,0,65.51
2025-11-13,1,PROD_APP_002,Apparel,36,0,0,65.51
2025-11-13,1,PROD_APP_003,Apparel,60,1,0,65.51
2025-11-13,1,PROD_APP_004,Apparel,41,0,0,65.51
2025-11-13,1,PROD_HOME_001,Home & Kitchen,37,0,0,65.51
2025-11-13,1,PROD_HOME_002,Home & Kitchen,34,0,0,65.51
2025-11-13,1,PROD_HOME_003,Home & Kitchen,53,1,0,65.51
2025-11-13,1,PROD_HOME_004,Home & Kitchen,45,0,0,65.51
2025-11-13,1,PROD_BEAU_001,Health & Beauty,38,0,0,65.51
2025-11-13,1,PROD_BEAU_002,Health & Beauty,57,1,0,65.51
2025-11-13,1,PROD_BEAU_003,Health & Beauty,46,0,0,65.51
2025-11-13,1,PROD_SPRT_001,Sports & Outdoors,36,0,0,65.51
2025-11-13,1,PROD_SPRT_002,Sports & Outdoors,37,0,0,65.51
2025-11-13,1,PROD_SPRT_003,Sports & Outdoors,37,0,0,65.51
2025-11-13,1,PROD_SPRT_004,Sports & Outdoors,46,0,0,65.51
2025-11-14,1,PROD_ELEC_001,Electronics,43,0,0,67.12
2025-11-14,1,PROD_ELEC_002,Electronics,43,0,0,67.12
2025-11-14,1,PROD_ELEC_003,Electronics,38,0,0,67.12
2025-11-14,1,PROD_ELEC_004,Electronics,48,0,0,67.12
2025-11-14,1,PROD_ELEC_005,Electronics,41,0,0,67.12
2025-11-14,1,PROD_APP_001,Apparel,43,0,0,67.12
2025-11-14,1,PROD_APP_002,Apparel,40,0,0,67.12
2025-11-14,1,PROD_APP_003,Apparel,39,0,0,67.12
2025-11-14,1,PROD_APP_004,Apparel,47,0,0,67.12
2025-11-14,1,PROD_HOME_001,Home & Kitchen,42,0,0,67.12
2025-11-14,1,PROD_HOME_002,Home & Kitchen,46,0,0,67.12
2025-11-14,1,PROD_HOME_003,Home & Kitchen,41,0,0,67.12
2025-11-14,1,PROD_HOME_004,Home & Kitchen,37,0,0,67.12
2025-11-14,1,PROD_BEAU_001,Health & Beauty,56,1,0,67.12
2025-11-14,1,PROD_BEAU_002,Health & Beauty,40,0,0,67.12
2025-11-14,1,PROD_BEAU_003,Health & Beauty,37,0,0,67.12
2025-11-14,1,PROD_SPRT_001,Sports & Outdoors,54,1,0,67.12
2025-11-14,1,PROD_SPRT_002,Sports & Outdoors,45,0,0,67.12
2025-11-14,1,PROD_SPRT_003,Sports & Outdoors,56,1,0,67.12
2025-11-14,1,PROD_SPRT_004,Sports & Outdoors,41,0,0,67.12
2025-11-15,1,PROD_ELEC_001,Electronics,48,0,0,64.97
2025-11-15,1,PROD_ELEC_002,Electronics,56,0,0,64.97
2025-11-15,1,PROD_ELEC_003,Electronics,46,0,0,64.97
2025-11-15,1,PROD_ELEC_004,Electronics,51,0,0,64.97
2025-11-15,1,PROD_ELEC_005,Electronics,51,0,0,64.97
2025-11-15,1,PROD_APP_001,Apparel,50,0,0,64.97
2025-11-15,1,PROD_APP_002,Apparel,45,0,0,64.97
2025-11-15,1,PROD_APP_003,Apparel,54,0,0,64.97
2025-11-15,1,PROD_APP_004,Apparel,53,0,0,64.97
2025-11-15,1,PROD_HOME_001,Home & Kitchen,47,0,0,64.97
2025-11-15,1,PROD_HOME_002,Home & Kitchen,53,0,0,64.97
2025-11-15,1,PROD_HOME_003,Home & Kitchen,74,1,0,64.97
2025-11-15,1,PROD_HOME_004,Home & Kitchen,68,1,0,64.97
2025-11-15,1,PROD_BEAU_001,Health & Beauty,69,1,0,64.97
2025-11-15,1,PROD_BEAU_002,Health & Beauty,55,0,0,64.97
2025-11-15,1,PROD_BEAU_003,Health & Beauty,51,0,0,64.97
2025-11-15,1,PROD_SPRT_001,Sports & Outdoors,48,0,0,64.97
2025-11-15,1,PROD_SPRT_002,Sports & Outdoors,47,0,0,64.97
2025-11-15,1,PROD_SPRT_003,Sports & Outdoors,71,1,0,64.97
2025-11-15,1,PROD_SPRT_004,Sports & Outdoors,71,1,0,64.97
2025-11-16,1,PROD_ELEC_001,Electronics,43,0,0,63.5
2025-11-16,1,PROD_ELEC_002,Electronics,77,1,0,63.5
2025-11-16,1,PROD_ELEC_003,Electronics,54,0,0,63.5
2025-11-16,1,PROD_ELEC_004,Electronics,45,0,0,63.5
2025-11-16,1,PROD_ELEC_005,Electronics,51,0,0,63.5
2025-11-16,1,PROD_APP_001,Apparel,47,0,0,63.5
2025-11-16,1,PROD_APP_002,Apparel,72,1,0,63.5
2025-11-16,1,PROD_APP_003,Apparel,72,1,0,63.5
2025-11-16,1,PROD_APP_004,Apparel,48,0,0,63.5
2025-11-16,1,PROD_HOME_001,Home & Kitchen,58,0,0,63.5
2025-11-16,1,PROD_HOME_002,Home & Kitchen,71,1,0,63.5
2025-11-16,1,PROD_HOME_003,Home & Kitchen,47,0,0,63.5
2025-11-16,1,PROD_HOME_004,Home & Kitchen,47,0,0,63.5
2025-11-16,1,PROD_BEAU_001,Health & Beauty,54,0,0,63.5
2025-11-16,1,PROD_BEAU_002,Health & Beauty,66,1,0,63.5
2025-11-16,1,PROD_BEAU_003,Health & Beauty,47,0,0,63.5
2025-11-16,1,PROD_SPRT_001,Sports & Outdoors,56,0,0,63.5
2025-11-16,1,PROD_SPRT_002,Sports & Outdoors,51,0,0,63.5
2025-11-16,1,PROD_SPRT_003,Sports & Outdoors,51,0,0,63.5
2025-11-16,1,PROD_SPRT_004,Sports & Outdoors,59,0,0,63.5
2025-11-17,1,PROD_ELEC_001,Electronics,37,0,0,64.72
2025-11-17,1,PROD_ELEC_002,Electronics,39,0,0,64.72
2025-11-17,1,PROD_ELEC_003,Electronics,35,0,0,64.72
2025-11-17,1,PROD_ELEC_004,Electronics,45,0,0,64.72
2025-11-17,1,PROD_ELEC_005,Electronics,42,0,0,64.72
2025-11-17,1,PROD_APP_001,Apparel,63,1,0,64.72
2025-11-17,1,PROD_APP_002,Apparel,63,1,0,64.72
2025-11-17,1,PROD_APP_003,Apparel,38,0,0,64.72
2025-11-17,1,PROD_APP_004,Apparel,36,0,0,64.72
2025-11-17,1,PROD_HOME_001,Home & Kitchen,40,0,0,64.72
2025-11-17,1,PROD_HOME_002,Home & Kitchen,37,0,0,64.72
2025-11-17,1,PROD_HOME_003,Home & Kitchen,41,0,0,64.72
2025-11-17,1,PROD_HOME_004,Home & Kitchen,45,0,0,64.72
2025-11-17,1,PROD_BEAU_001,Health & Beauty,39,0,0,64.72
2025-11-17,1,PROD_BEAU_002,Health & Beauty,41,0,0,64.72
2025-11-17,1,PROD_BEAU_003,Health & Beauty,58,1,0,64.72
2025-11-17,1,PROD_SPRT_001,Sports & Outdoors,43,0,0,64.72
2025-11-17,1,PROD_SPRT_002,Sports & Outdoors,37,0,0,64.72
2025-11-17,1,PROD_SPRT_003,Sports & Outdoors,31,0,0,64.72
2025-11-17,1,PROD_SPRT_004,Sports & Outdoors,42,0,0,64.72
2025-11-18,1,PROD_ELEC_001,Electronics,42,0,0,65.53
2025-11-18,1,PROD_ELEC_002,Electronics,56,1,0,65.53
2025-11-18,1,PROD_ELEC_003,Electronics,35,0,0,65.53
2025-11-18,1,PROD_ELEC_004,Electronics,42,0,0,65.53
2025-11-18,1,PROD_ELEC_005,Electronics,41,0,0,65.53
2025-11-18,1,PROD_APP_001,Apparel,39,0,0,65.53
2025-11-18,1,PROD_APP_002,Apparel,47,0,0,65.53
2025-11-18,1,PROD_APP_003,Apparel,36,0,0,65.53
2025-11-18,1,PROD_APP_004,Apparel,65,1,0,65.53
2025-11-18,1,PROD_HOME_001,Home & Kitchen,40,0,0,65.53
2025-11-18,1,PROD_HOME_002,Home & Kitchen,33,0,0,65.53
2025-11-18,1,PROD_HOME_003,Home & Kitchen,58,1,0,65.53
2025-11-18,1,PROD_HOME_004,Home & Kitchen,44,0,0,65.53
2025-11-18,1,PROD_BEAU_001,Health & Beauty,39,0,0,65.53
2025-11-18,1,PROD_BEAU_002,Health & Beauty,34,0,0,65.53
2025-11-18,1,PROD_BEAU_003,Health & Beauty,39,0,0,65.53
2025-11-18,1,PROD_SPRT_001,Sports & Outdoors,37,0,0,65.53
2025-11-18,1,PROD_SPRT_002,Sports & Outdoors,42,0,0,65.53
2025-11-18,1,PROD_SPRT_003,Sports & Outdoors,43,0,0,65.53
2025-11-18,1,PROD_SPRT_004,Sports & Outdoors,36,0,0,65.53
2025-11-19,1,PROD_ELEC_001,Electronics,43,0,0,63.43
2025-11-19,1,PROD_ELEC_002,Electronics,37,0,0,63.43
2025-11-19,1,PROD_ELEC_003,Electronics,36,0,0,63.43
2025-11-19,1,PROD_ELEC_004,Electronics,35,0,0,63.43
2025-11-19,1,PROD_ELEC_005,Electronics,41,0,0,63.43
2025-11-19,1,PROD_APP_001,Apparel,41,0,0,63.43
2025-11-19,1,PROD_APP_002,Apparel,37,0,0,63.43
2025-11-19,1,PROD_APP_003,Apparel,58,1,0,63.43
2025-11-19,1,PROD_APP_004,Apparel,46,0,0,63.43
2025-11-19,1,PROD_HOME_001,Home & Kitchen,36,0,0,63.43
2025-11-19,1,PROD_HOME_002,Home & Kitchen,32,0,0,63.43
2025-11-19,1,PROD_HOME_003,Home & Kitchen,42,0,0,63.43
2025-11-19,1,PROD_HOME_004,Home & Kitchen,40,0,0,63.43
2025-11-19,1,PROD_BEAU_001,Health & Beauty,37,0,0,63.43
2025-11-19,1,PROD_BEAU_002,Health & Beauty,43,0,0,63.43
2025-11-19,1,PROD_BEAU_003,Health & Beauty,43,0,0,63.43
2025-11-19,1,PROD_SPRT_001,Sports & Outdoors,31,0,0,63.43
2025-11-19,1,PROD_SPRT_002,Sports & Outdoors,37,0,0,63.43
2025-11-19,1,PROD_SPRT_003,Sports & Outdoors,67,1,0,63.43
2025-11-19,1,PROD_SPRT_004,Sports & Outdoors,61,1,0,63.43
2025-11-20,1,PROD_ELEC_001,Electronics,45,0,0,65.02
2025-11-20,1,PROD_ELEC_002,Electronics,40,0,0,65.02
2025-11-20,1,PROD_ELEC_003,Electronics,43,0,0,65.02
2025-11-20,1,PROD_ELEC_004,Electronics,43,0,0,65.02
2025-11-20,1,PROD_ELEC_005,Electronics,42,0,0,65.02
2025-11-20,1,PROD_APP_001,Apparel,39,0,0,65.02
2025-11-20,1,PROD_APP_002,Apparel,41,0,0,65.02
2025-11-20,1,PROD_APP_003,Apparel,38,0,0,65.02
2025-11-20,1,PROD_APP_004,Apparel,40,0,0,65.02
2025-11-20,1,PROD_HOME_001,Home & Kitchen,35,0,0,65.02
2025-11-20,1,PROD_HOME_002,Home & Kitchen,37,0,0,65.02
2025-11-20,1,PROD_HOME_003,Home & Kitchen,57,1,0,65.02
2025-11-20,1,PROD_HOME_004,Home & Kitchen,36,0,0,65.02
2025-11-20,1,PROD_BEAU_001,Health & Beauty,38,0,0,65.02
2025-11-20,1,PROD_BEAU_002,Health & Beauty,39,0,0,65.02
2025-11-20,1,PROD_BEAU_003,Health & Beauty,60,1,0,65.02
2025-11-20,1,PROD_SPRT_001,Sports & Outdoors,44,0,0,65.02
2025-11-20,1,PROD_SPRT_002,Sports & Outdoors,38,0,0,65.02
2025-11-20,1,PROD_SPRT_003,Sports & Outdoors,45,0,0,65.02
2025-11-20,1,PROD_SPRT_004,Sports & Outdoors,44,0,0,65.02
2025-11-21,1,PROD_ELEC_001,Electronics,41,0,0,64.76
2025-11-21,1,PROD_ELEC_002,Electronics,60,1,0,64.76
2025-11-21,1,PROD_ELEC_003,Electronics,63,1,0,64.76
2025-11-21,1,PROD_ELEC_004,Electronics,63,1,0,64.76
2025-11-21,1,PROD_ELEC_005,Electronics,45,0,0,64.76
2025-11-21,1,PROD_APP_001,Apparel,40,0,0,64.76
2025-11-21,1,PROD_APP_002,Apparel,42,0,0,64.76
2025-11-21,1,PROD_APP_003,Apparel,45,0,0,64.76
2025-11-21,1,PROD_APP_004,Apparel,38,0,0,64.76
2025-11-21,1,PROD_HOME_001,Home & Kitchen,39,0,0,64.76
2025-11-21,1,PROD_HOME_002,Home & Kitchen,40,0,0,64.76
2025-11-21,1,PROD_HOME_003,Home & Kitchen,44,0,0,64.76
2025-11-21,1,PROD_HOME_004,Home & Kitchen,44,0,0,64.76
2025-11-21,1,PROD_BEAU_001,Health & Beauty,39,0,0,64.76
2025-11-21,1,PROD_BEAU_002,Health & Beauty,34,0,0,64.76
2025-11-21,1,PROD_BEAU_003,Health & Beauty,41,0,0,64.76
2025-11-21,1,PROD_SPRT_001,Sports & Outdoors,36,0,0,64.76
2025-11-21,1,PROD_SPRT_002,Sports & Outdoors,52,1,0,64.76
2025-11-21,1,PROD_SPRT_003,Sports & Outdoors,35,0,0,64.76
2025-11-21,1,PROD_SPRT_004,Sports & Outdoors,41,0,0,64.76
2025-11-22,1,PROD_ELEC_001,Electronics,50,0,0,65.74
2025-11-22,1,PROD_ELEC_002,Electronics,51,0,0,65.74
2025-11-22,1,PROD_ELEC_003,Electronics,55,0,0,65.74
2025-11-22,1,PROD_ELEC_004,Electronics,44,0,0,65.74
2025-11-22,1,PROD_ELEC_005,Electronics,52,0,0,65.74
2025-11-22,1,PROD_APP_001,Apparel,50,0,0,65.74
2025-11-22,1,PROD_APP_002,Apparel,52,0,0,65.74
2025-11-22,1,PROD_APP_003,Apparel,48,0,0,65.74
2025-11-22,1,PROD_APP_004,Apparel,70,1,0,65.74
2025-11-22,1,PROD_HOME_001,Home & Kitchen,51,0,0,65.74
2025-11-22,1,PROD_HOME_002,Home & Kitchen,57,0,0,65.74
2025-11-22,1,PROD_HOME_003,Home & Kitchen,54,0,0,65.74
2025-11-22,1,PROD_HOME_004,Home & Kitchen,48,0,0,65.74
2025-11-22,1,PROD_BEAU_001,Health & Beauty,45,0,0,65.74
2025-11-22,1,PROD_BEAU_002,Health & Beauty,43,0,0,65.74
2025-11-22,1,PROD_BEAU_003,Health & Beauty,55,0,0,65.74
2025-11-22,1,PROD_SPRT_001,Sports & Outdoors,46,0,0,65.74
2025-11-22,1,PROD_SPRT_002,Sports & Outdoors,49,0,0,65.74
2025-11-22,1,PROD_SPRT_003,Sports & Outdoors,55,0,0,65.74
2025-11-22,1,PROD_SPRT_004,Sports & Outdoors,44,0,0,65.74
2025-11-23,1,PROD_ELEC_001,Electronics,49,0,0,65.86
2025-11-23,1,PROD_ELEC_002,Electronics,46,0,0,65.86
2025-11-23,1,PROD_ELEC_003,Electronics,49,0,0,65.86
2025-11-23,1,PROD_ELEC_004,Electronics,47,0,0,65.86
2025-11-23,1,PROD_ELEC_005,Electronics,52,0,0,65.86
2025-11-23,1,PROD_APP_001,Apparel,48,0,0,65.86
2025-11-23,1,PROD_APP_002,Apparel,42,0,0,65.86
2025-11-23,1,PROD_APP_003,Apparel,49,0,0,65.86
2025-11-23,1,PROD_APP_004,Apparel,67,1,0,65.86
2025-11-23,1,PROD_HOME_001,Home & Kitchen,51,0,0,65.86
2025-11-23,1,PROD_HOME_002,Home & Kitchen,68,1,0,65.86
2025-11-23,1,PROD_HOME_003,Home & Kitchen,48,0,0,65.86
2025-11-23,1,PROD_HOME_004,Home & Kitchen,51,0,0,65.86
2025-11-23,1,PROD_BEAU_001,Health & Beauty,49,0,0,65.86
2025-11-23,1,PROD_BEAU_002,Health & Beauty,51,0,0,65.86
2025-11-23,1,PROD_BEAU_003,Health & Beauty,53,0,0,65.86
2025-11-23,1,PROD_SPRT_001,Sports & Outdoors,45,0,0,65.86
2025-11-23,1,PROD_SPRT_002,Sports & Outdoors,50,0,0,65.86
2025-11-23,1,PROD_SPRT_003,Sports & Outdoors,37,0,0,65.86
2025-11-23,1,PROD_SPRT_004,Sports & Outdoors,51,0,0,65.86
2025-11-24,1,PROD_ELEC_001,Electronics,54,1,0,63.68
2025-11-24,1,PROD_ELEC_002,Electronics,41,0,0,63.68
2025-11-24,1,PROD_ELEC_003,Electronics,45,0,0,63.68
2025-11-24,1,PROD_ELEC_004,Electronics,56,1,0,63.68
2025-11-24,1,PROD_ELEC_005,Electronics,36,0,0,63.68
2025-11-24,1,PROD_APP_001,Apparel,41,0,0,63.68
2025-11-24,1,PROD_APP_002,Apparel,35,0,0,63.68
2025-11-24,1,PROD_APP_003,Apparel,37,0,0,63.68
2025-11-24,1,PROD_APP_004,Apparel,45,0,0,63.68
2025-11-24,1,PROD_HOME_001,Home & Kitchen,40,0,0,63.68
2025-11-24,1,PROD_HOME_002,Home & Kitchen,32,0,0,63.68
2025-11-24,1,PROD_HOME_003,Home & Kitchen,33,0,0,63.68
2025-11-24,1,PROD_HOME_004,Home & Kitchen,41,0,0,63.68
2025-11-24,1,PROD_BEAU_001,Health & Beauty,43,0,0,63.68
2025-11-24,1,PROD_BEAU_002,Health & Beauty,34,0,0,63.68
2025-11-24,1,PROD_BEAU_003,Health & Beauty,60,1,0,63.68
2025-11-24,1,PROD_SPRT_001,Sports & Outdoors,45,0,0,63.68
2025-11-24,1,PROD_SPRT_002,Sports & Outdoors,48,0,0,63.68
2025-11-24,1,PROD_SPRT_003,Sports & Outdoors,41,0,0,63.68
2025-11-24,1,PROD_SPRT_004,Sports & Outdoors,60,1,0,63.68
2025-11-25,1,PROD_ELEC_001,Electronics,67,1,0,61.46
2025-11-25,1,PROD_ELEC_002,Electronics,38,0,0,61.46
2025-11-25,1,PROD_ELEC_003,Electronics,54,1,0,61.46
2025-11-25,1,PROD_ELEC_004,Electronics,39,0,0,61.46
2025-11-25,1,PROD_ELEC_005,Electronics,46,0,0,61.46
2025-11-25,1,PROD_APP_001,Apparel,49,0,0,61.46
2025-11-25,1,PROD_APP_002,Apparel,59,1,0,61.46
2025-11-25,1,PROD_APP_003,Apparel,44,0,0,61.46
2025-11-25,1,PROD_APP_004,Apparel,40,0,0,61.46
2025-11-25,1,PROD_HOME_001,Home & Kitchen,36,0,0,61.46
2025-11-25,1,PROD_HOME_002,Home & Kitchen,46,0,0,61.46
2025-11-25,1,PROD_HOME_003,Home & Kitchen,56,1,0,61.46
2025-11-25,1,PROD_HOME_004,Home & Kitchen,64,1,0,61.46
2025-11-25,1,PROD_BEAU_001,Health & Beauty,45,0,0,61.46
2025-11-25,1,PROD_BEAU_002,Health & Beauty,61,1,0,61.46
2025-11-25,1,PROD_BEAU_003,Health & Beauty,47,0,0,61.46
2025-11-25,1,PROD_SPRT_001,Sports & Outdoors,49,0,0,61.46
2025-11-25,1,PROD_SPRT_002,Sports & Outdoors,58,1,0,61.46
2025-11-25,1,PROD_SPRT_003,Sports & Outdoors,55,1,0,61.46
2025-11-25,1,PROD_SPRT_004,Sports & Outdoors,33,0,0,61.46
2025-11-26,1,PROD_ELEC_001,Electronics,38,0,0,66.7
2025-11-26,1,PROD_ELEC_002,Electronics,63,1,0,66.7
2025-11-26,1,PROD_ELEC_003,Electronics,37,0,0,66.7
2025-11-26,1,PROD_ELEC_004,Electronics,46,0,0,66.7
2025-11-26,1,PROD_ELEC_005,Electronics,55,1,0,66.7
2025-11-26,1,PROD_APP_001,Apparel,35,0,0,66.7
2025-11-26,1,PROD_APP_002,Apparel,39,0,0,66.7
2025-11-26,1,PROD_APP_003,Apparel,38,0,0,66.7
2025-11-26,1,PROD_APP_004,Apparel,42,0,0,66.7
2025-11-26,1,PROD_HOME_001,Home & Kitchen,40,0,0,66.7
2025-11-26,1,PROD_HOME_002,Home & Kitchen,43,0,0,66.7
2025-11-26,1,PROD_HOME_003,Home & Kitchen,39,0,0,66.7
2025-11-26,1,PROD_HOME_004,Home & Kitchen,37,0,0,66.7
2025-11-26,1,PROD_BEAU_001,Health & Beauty,38,0,0,66.7
2025-11-26,1,PROD_BEAU_002,Health & Beauty,48,0,0,66.7
2025-11-26,1,PROD_BEAU_003,Health & Beauty,59,1,0,66.7
2025-11-26,1,PROD_SPRT_001,Sports & Outdoors,50,1,0,66.7
2025-11-26,1,PROD_SPRT_002,Sports & Outdoors,56,1,0,66.7
2025-11-26,1,PROD_SPRT_003,Sports & Outdoors,40,0,0,66.7
2025-11-26,1,PROD_SPRT_004,Sports & Outdoors,47,0,0,66.7
2025-11-27,1,PROD_ELEC_001,Electronics,61,0,1,65.23
2025-11-27,1,PROD_ELEC_002,Electronics,74,0,1,65.23
2025-11-27,1,PROD_ELEC_003,Electronics,64,0,1,65.23
2025-11-27,1,PROD_ELEC_004,Electronics,69,0,1,65.23
2025-11-27,1,PROD_ELEC_005,Electronics,60,0,1,65.23
2025-11-27,1,PROD_APP_001,Apparel,55,0,1,65.23
2025-11-27,1,PROD_APP_002,Apparel,59,0,1,65.23
2025-11-27,1,PROD_APP_003,Apparel,51,0,1,65.23
2025-11-27,1,PROD_APP_004,Apparel,73,0,1,65.23
2025-11-27,1,PROD_HOME_001,Home & Kitchen,65,0,1,65.23
2025-11-27,1,PROD_HOME_002,Home & Kitchen,61,0,1,65.23
2025-11-27,1,PROD_HOME_003,Home & Kitchen,66,0,1,65.23
2025-11-27,1,PROD_HOME_004,Home & Kitchen,65,0,1,65.23
2025-11-27,1,PROD_BEAU_001,Health & Beauty,67,0,1,65.23
2025-11-27,1,PROD_BEAU_002,Health & Beauty,98,1,1,65.23
2025-11-27,1,PROD_BEAU_003,Health & Beauty,63,0,1,65.23
2025-11-27,1,PROD_SPRT_001,Sports & Outdoors,61,0,1,65.23
2025-11-27,1,PROD_SPRT_002,Sports & Outdoors,68,0,1,65.23
2025-11-27,1,PROD_SPRT_003,Sports & Outdoors,68,0,1,65.23
2025-11-27,1,PROD_SPRT_004,Sports & Outdoors,65,0,1,65.23
2025-11-28,1,PROD_ELEC_001,Electronics,63,0,1,66.62
2025-11-28,1,PROD_ELEC_002,Electronics,61,0,1,66.62
2025-11-28,1,PROD_ELEC_003,Electronics,66,0,1,66.62
2025-11-28,1,PROD_ELEC_004,Electronics,62,0,1,66.62
2025-11-28,1,PROD_ELEC_005,Electronics,66,0,1,66.62
2025-11-28,1,PROD_APP_001,Apparel,61,0,1,66.62
2025-11-28,1,PROD_APP_002,Apparel,63,0,1,66.62
2025-11-28,1,PROD_APP_003,Apparel,72,0,1,66.62
2025-11-28,1,PROD_APP_004,Apparel,63,0,1,66.62
2025-11-28,1,PROD_HOME_001,Home & Kitchen,61,0,1,66.62
2025-11-28,1,PROD_HOME_002,Home & Kitchen,69,0,1,66.62
2025-11-28,1,PROD_HOME_003,Home & Kitchen,60,0,1,66.62
2025-11-28,1,PROD_HOME_004,Home & Kitchen,62,0,1,66.62
2025-11-28,1,PROD_BEAU_001,Health & Beauty,67,0,1,66.62
2025-11-28,1,PROD_BEAU_002,Health & Beauty,68,0,1,66.62
2025-11-28,1,PROD_BEAU_003,Health & Beauty,69,0,1,66.62
2025-11-28,1,PROD_SPRT_001,Sports & Outdoors,61,0,1,66.62
2025-11-28,1,PROD_SPRT_002,Sports & Outdoors,96,1,1,66.62
2025-11-28,1,PROD_SPRT_003,Sports & Outdoors,92,1,1,66.62
2025-11-28,1,PROD_SPRT_004,Sports & Outdoors,62,0,1,66.62
2025-11-29,1,PROD_ELEC_001,Electronics,48,0,0,65.46
2025-11-29,1,PROD_ELEC_002,Electronics,51,0,0,65.46
2025-11-29,1,PROD_ELEC_003,Electronics,51,0,0,65.46
2025-11-29,1,PROD_ELEC_004,Electronics,46,0,0,65.46
2025-11-29,1,PROD_ELEC_005,Electronics,54,0,0,65.46
2025-11-29,1,PROD_APP_001,Apparel,75,1,0,65.46
2025-11-29,1,PROD_APP_002,Apparel,42,0,0,65.46
2025-11-29,1,PROD_APP_003,Apparel,51,0,0,65.46
2025-11-29,1,PROD_APP_004,Apparel,47,0,0,65.46
2025-11-29,1,PROD_HOME_001,Home & Kitchen,55,0,0,65.46
2025-11-29,1,PROD_HOME_002,Home & Kitchen,44,0,0,65.46
2025-11-29,1,PROD_HOME_003,Home & Kitchen,49,0,0,65.46
2025-11-29,1,PROD_HOME_004,Home & Kitchen,74,1,0,65.46
2025-11-29,1,PROD_BEAU_001,Health & Beauty,73,1,0,65.46
2025-11-29,1,PROD_BEAU_002,Health & Beauty,53,0,0,65.46
2025-11-29,1,PROD_BEAU_003,Health & Beauty,44,0,0,65.46
2025-11-29,1,PROD_SPRT_001,Sports & Outdoors,57,0,0,65.46
2025-11-29,1,PROD_SPRT_002,Sports & Outdoors,52,0,0,65.46
2025-11-29,1,PROD_SPRT_003,Sports & Outdoors,78,1,0,65.46
2025-11-29,1,PROD_SPRT_004,Sports & Outdoors,54,0,0,65.46
2025-11-30,1,PROD_ELEC_001,Electronics,45,0,0,64.03
2025-11-30,1,PROD_ELEC_002,Electronics,48,0,0,64.03
2025-11-30,1,PROD_ELEC_003,Electronics,79,1,0,64.03
2025-11-30,1,PROD_ELEC_004,Electronics,56,0,0,64.03
2025-11-30,1,PROD_ELEC_005,Electronics,48,0,0,64.03
2025-11-30,1,PROD_APP_001,Apparel,62,1,0,64.03
2025-11-30,1,PROD_APP_002,Apparel,72,1,0,64.03
2025-11-30,1,PROD_APP_003,Apparel,72,1,0,64.03
2025-11-30,1,PROD_APP_004,Apparel,49,0,0,64.03
2025-11-30,1,PROD_HOME_001,Home & Kitchen,52,0,0,64.03
2025-11-30,1,PROD_HOME_002,Home & Kitchen,54,0,0,64.03
2025-11-30,1,PROD_HOME_003,Home & Kitchen,77,1,0,64.03
2025-11-30,1,PROD_HOME_004,Home & Kitchen,52,0,0,64.03
2025-11-30,1,PROD_BEAU_001,Health & Beauty,43,0,0,64.03
2025-11-30,1,PROD_BEAU_002,Health & Beauty,72,1,0,64.03
2025-11-30,1,PROD_BEAU_003,Health & Beauty,59,0,0,64.03
2025-11-30,1,PROD_SPRT_001,Sports & Outdoors,52,0,0,64.03
2025-11-30,1,PROD_SPRT_002,Sports & Outdoors,74,1,0,64.03
2025-11-30,1,PROD_SPRT_003,Sports & Outdoors,52,0,0,64.03
2025-11-30,1,PROD_SPRT_004,Sports & Outdoors,52,0,0,64.03
2025-12-01,1,PROD_ELEC_001,Electronics,39,0,0,61.22
2025-12-01,1,PROD_ELEC_002,Electronics,40,0,0,61.22
2025-12-01,1,PROD_ELEC_003,Electronics,45,0,0,61.22
2025-12-01,1,PROD_ELEC_004,Electronics,40,0,0,61.22
2025-12-01,1,PROD_ELEC_005,Electronics,33,0,0,61.22
2025-12-01,1,PROD_APP_001,Apparel,42,0,0,61.22
2025-12-01,1,PROD_APP_002,Apparel,37,0,0,61.22
2025-12-01,1,PROD_APP_003,Apparel,35,0,0,61.22
2025-12-01,1,PROD_APP_004,Apparel,55,1,0,61.22
2025-12-01,1,PROD_HOME_001,Home & Kitchen,60,1,0,61.22
2025-12-01,1,PROD_HOME_002,Home & Kitchen,45,0,0,61.22
2025-12-01,1,PROD_HOME_003,Home & Kitchen,42,0,0,61.22
2025-12-01,1,PROD_HOME_004,Home & Kitchen,43,0,0,61.22
2025-12-01,1,PROD_BEAU_001,Health & Beauty,42,0,0,61.22
2025-12-01,1,PROD_BEAU_002,Health & Beauty,40,0,0,61.22
2025-12-01,1,PROD_BEAU_003,Health & Beauty,61,1,0,61.22
2025-12-01,1,PROD_SPRT_001,Sports & Outdoors,30,0,0,61.22
2025-12-01,1,PROD_SPRT_002,Sports & Outdoors,40,0,0,61.22
2025-12-01,1,PROD_SPRT_003,Sports & Outdoors,36,0,0,61.22
2025-12-01,1,PROD_SPRT_004,Sports & Outdoors,45,0,0,61.22
2025-12-02,1,PROD_ELEC_001,Electronics,40,0,0,63.94
2025-12-02,1,PROD_ELEC_002,Electronics,34,0,0,63.94
2025-12-02,1,PROD_ELEC_003,Electronics,44,0,0,63.94
2025-12-02,1,PROD_ELEC_004,Electronics,43,0,0,63.94
2025-12-02,1,PROD_ELEC_005,Electronics,42,0,0,63.94
2025-12-02,1,PROD_APP_001,Apparel,55,1,0,63.94
2025-12-02,1,PROD_APP_002,Apparel,55,1,0,63.94
2025-12-02,1,PROD_APP_003,Apparel,41,0,0,63.94
2025-12-02,1,PROD_APP_004,Apparel,55,1,0,63.94
2025-12-02,1,PROD_HOME_001,Home & Kitchen,42,0,0,63.94
2025-12-02,1,PROD_HOME_002,Home & Kitchen,31,0,0,63.94
2025-12-02,1,PROD_HOME_003,Home & Kitchen,38,0,0,63.94
2025-12-02,1,PROD_HOME_004,Home & Kitchen,47,0,0,63.94
2025-12-02,1,PROD_BEAU_001,Health & Beauty,42,0,0,63.94
2025-12-02,1,PROD_BEAU_002,Health & Beauty,41,0,0,63.94
2025-12-02,1,PROD_BEAU_003,Health & Beauty,66,1,0,63.94
2025-12-02,1,PROD_SPRT_001,Sports & Outdoors,31,0,0,63.94
2025-12-02,1,PROD_SPRT_002,Sports & Outdoors,37,0,0,63.94
2025-12-02,1,PROD_SPRT_003,Sports & Outdoors,57,1,0,63.94
2025-12-02,1,PROD_SPRT_004,Sports & Outdoors,43,0,0,63.94
2025-12-03,1,PROD_ELEC_001,Electronics,37,0,0,65.22
2025-12-03,1,PROD_ELEC_002,Electronics,44,0,0,65.22
2025-12-03,1,PROD_ELEC_003,Electronics,38,0,0,65.22
2025-12-03,1,PROD_ELEC_004,Electronics,63,1,0,65.22
2025-12-03,1,PROD_ELEC_005,Electronics,36,0,0,65.22
2025-12-03,1,PROD_APP_001,Apparel,40,0,0,65.22
2025-12-03,1,PROD_APP_002,Apparel,38,0,0,65.22
2025-12-03,1,PROD_APP_003,Apparel,62,1,0,65.22
2025-12-03,1,PROD_APP_004,Apparel,38,0,0,65.22
2025-12-03,1,PROD_HOME_001,Home & Kitchen,40,0,0,65.22
2025-12-03,1,PROD_HOME_002,Home & Kitchen,42,0,0,65.22
2025-12-03,1,PROD_HOME_003,Home & Kitchen,42,0,0,65.22
2025-12-03,1,PROD_HOME_004,Home & Kitchen,62,1,0,65.22
2025-12-03,1,PROD_BEAU_001,Health & Beauty,41,0,0,65.22
2025-12-03,1,PROD_BEAU_002,Health & Beauty,38,0,0,65.22
2025-12-03,1,PROD_BEAU_003,Health & Beauty,39,0,0,65.22
2025-12-03,1,PROD_SPRT_001,Sports & Outdoors,58,1,0,65.22
2025-12-03,1,PROD_SPRT_002,Sports & Outdoors,41,0,0,65.22
2025-12-03,1,PROD_SPRT_003,Sports & Outdoors,39,0,0,65.22
2025-12-03,1,PROD_SPRT_004,Sports & Outdoors,40,0,0,65.22
2025-12-04,1,PROD_ELEC_001,Electronics,43,0,0,62.4
2025-12-04,1,PROD_ELEC_002,Electronics,41,0,0,62.4
2025-12-04,1,PROD_ELEC_003,Electronics,44,0,0,62.4
2025-12-04,1,PROD_ELEC_004,Electronics,40,0,0,62.4
2025-12-04,1,PROD_ELEC_005,Electronics,33,0,0,62.4
2025-12-04,1,PROD_APP_001,Apparel,39,0,0,62.4
2025-12-04,1,PROD_APP_002,Apparel,39,0,0,62.4
2025-12-04,1,PROD_APP_003,Apparel,43,0,0,62.4
2025-12-04,1,PROD_APP_004,Apparel,32,0,0,62.4
2025-12-04,1,PROD_HOME_001,Home & Kitchen,40,0,0,62.4
2025-12-04,1,PROD_HOME_002,Home & Kitchen,42,0,0,62.4
2025-12-04,1,PROD_HOME_003,Home & Kitchen,37,0,0,62.4
2025-12-04,1,PROD_HOME_004,Home & Kitchen,40,0,0,62.4
2025-12-04,1,PROD_BEAU_001,Health & Beauty,37,0,0,62.4
2025-12-04,1,PROD_BEAU_002,Health & Beauty,37,0,0,62.4
2025-12-04,1,PROD_BEAU_003,Health & Beauty,38,0,0,62.4
2025-12-04,1,PROD_SPRT_001,Sports & Outdoors,37,0,0,62.4
2025-12-04,1,PROD_SPRT_002,Sports & Outdoors,43,0,0,62.4
2025-12-04,1,PROD_SPRT_003,Sports & Outdoors,37,0,0,62.4
2025-12-04,1,PROD_SPRT_004,Sports & Outdoors,36,0,0,62.4
2025-12-05,1,PROD_ELEC_001,Electronics,44,0,0,66.41
2025-12-05,1,PROD_ELEC_002,Electronics,33,0,0,66.41
2025-12-05,1,PROD_ELEC_003,Electronics,37,0,0,66.41
2025-12-05,1,PROD_ELEC_004,Electronics,41,0,0,66.41
2025-12-05,1,PROD_ELEC_005,Electronics,41,0,0,66.41
2025-12-05,1,PROD_APP_001,Apparel,52,1,0,66.41
2025-12-05,1,PROD_APP_002,Apparel,45,0,0,66.41
2025-12-05,1,PROD_APP_003,Apparel,43,0,0,66.41
2025-12-05,1,PROD_APP_004,Apparel,60,1,0,66.41
2025-12-05,1,PROD_HOME_001,Home & Kitchen,45,0,0,66.41
2025-12-05,1,PROD_HOME_002,Home & Kitchen,60,1,0,66.41
2025-12-05,1,PROD_HOME_003,Home & Kitchen,42,0,0,66.41
2025-12-05,1,PROD_HOME_004,Home & Kitchen,46,0,0,66.41
2025-12-05,1,PROD_BEAU_001,Health & Beauty,44,0,0,66.41
2025-12-05,1,PROD_BEAU_002,Health & Beauty,37,0,0,66.41
2025-12-05,1,PROD_BEAU_003,Health & Beauty,43,0,0,66.41
2025-12-05,1,PROD_SPRT_001,Sports & Outdoors,37,0,0,66.41
2025-12-05,1,PROD_SPRT_002,Sports & Outdoors,42,0,0,66.41
2025-12-05,1,PROD_SPRT_003,Sports & Outdoors,42,0,0,66.41
2025-12-05,1,PROD_SPRT_004,Sports & Outdoors,34,0,0,66.41
2025-12-06,1,PROD_ELEC_001,Electronics,51,0,0,64.22
2025-12-06,1,PROD_ELEC_002,Electronics,48,0,0,64.22
2025-12-06,1,PROD_ELEC_003,Electronics,51,0,0,64.22
2025-12-06,1,PROD_ELEC_004,Electronics,76,1,0,64.22
2025-12-06,1,PROD_ELEC_005,Electronics,50,0,0,64.22
2025-12-06,1,PROD_APP_001,Apparel,51,0,0,64.22
2025-12-06,1,PROD_APP_002,Apparel,56,0,0,64.22
2025-12-06,1,PROD_APP_003,Apparel,52,0,0,64.22
2025-12-06,1,PROD_APP_004,Apparel,51,0,0,64.22
2025-12-06,1,PROD_HOME_001,Home & Kitchen,46,0,0,64.22
2025-12-06,1,PROD_HOME_002,Home & Kitchen,53,0,0,64.22
2025-12-06,1,PROD_HOME_003,Home & Kitchen,51,0,0,64.22
2025-12-06,1,PROD_HOME_004,Home & Kitchen,55,0,0,64.22
2025-12-06,1,PROD_BEAU_001,Health & Beauty,50,0,0,64.22
2025-12-06,1,PROD_BEAU_002,Health & Beauty,43,0,0,64.22
2025-12-06,1,PROD_BEAU_003,Health & Beauty,43,0,0,64.22
2025-12-06,1,PROD_SPRT_001,Sports & Outdoors,53,0,0,64.22
2025-12-06,1,PROD_SPRT_002,Sports & Outdoors,71,1,0,64.22
2025-12-06,1,PROD_SPRT_003,Sports & Outdoors,52,0,0,64.22
2025-12-06,1,PROD_SPRT_004,Sports & Outdoors,73,1,0,64.22
2025-12-07,1,PROD_ELEC_001,Electronics,50,0,0,64.25
2025-12-07,1,PROD_ELEC_002,Electronics,47,0,0,64.25
2025-12-07,1,PROD_ELEC_003,Electronics,73,1,0,64.25
2025-12-07,1,PROD_ELEC_004,Electronics,48,0,0,64.25
2025-12-07,1,PROD_ELEC_005,Electronics,71,1,0,64.25
2025-12-07,1,PROD_APP_001,Apparel,49,0,0,64.25
2025-12-07,1,PROD_APP_002,Apparel,49,0,0,64.25
2025-12-07,1,PROD_APP_003,Apparel,54,0,0,64.25
2025-12-07,1,PROD_APP_004,Apparel,50,0,0,64.25
2025-12-07,1,PROD_HOME_001,Home & Kitchen,77,1,0,64.25
2025-12-07,1,PROD_HOME_002,Home & Kitchen,56,0,0,64.25
2025-12-07,1,PROD_HOME_003,Home & Kitchen,54,0,0,64.25
2025-12-07,1,PROD_HOME_004,Home & Kitchen,52,0,0,64.25
2025-12-07,1,PROD_BEAU_001,Health & Beauty,51,0,0,64.25
2025-12-07,1,PROD_BEAU_002,Health & Beauty,76,1,0,64.25
2025-12-07,1,PROD_BEAU_003,Health & Beauty,50,0,0,64.25
2025-12-07,1,PROD_SPRT_001,Sports & Outdoors,54,0,0,64.25
2025-12-07,1,PROD_SPRT_002,Sports & Outdoors,53,0,0,64.25
2025-12-07,1,PROD_SPRT_003,Sports & Outdoors,49,0,0,64.25
2025-12-07,1,PROD_SPRT_004,Sports & Outdoors,54,0,0,64.25
2025-12-08,1,PROD_ELEC_001,Electronics,40,0,0,64.65
2025-12-08,1,PROD_ELEC_002,Electronics,56,1,0,64.65
2025-12-08,1,PROD_ELEC_003,Electronics,41,0,0,64.65
2025-12-08,1,PROD_ELEC_004,Electronics,44,0,0,64.65
2025-12-08,1,PROD_ELEC_005,Electronics,62,1,0,64.65
2025-12-08,1,PROD_APP_001,Apparel,41,0,0,64.65
2025-12-08,1,PROD_APP_002,Apparel,42,0,0,64.65
2025-12-08,1,PROD_APP_003,Apparel,45,0,0,64.65
2025-12-08,1,PROD_APP_004,Apparel,39,0,0,64.65
2025-12-08,1,PROD_HOME_001,Home & Kitchen,36,0,0,64.65
2025-12-08,1,PROD_HOME_002,Home & Kitchen,45,0,0,64.65
2025-12-08,1,PROD_HOME_003,Home & Kitchen,56,1,0,64.65
2025-12-08,1,PROD_HOME_004,Home & Kitchen,37,0,0,64.65
2025-12-08,1,PROD_BEAU_001,Health & Beauty,33,0,0,64.65
2025-12-08,1,PROD_BEAU_002,Health & Beauty,42,0,0,64.65
2025-12-08,1,PROD_BEAU_003,Health & Beauty,34,0,0,64.65
2025-12-08,1,PROD_SPRT_001,Sports & Outdoors,37,0,0,64.65
2025-12-08,1,PROD_SPRT_002,Sports & Outdoors,61,1,0,64.65
2025-12-08,1,PROD_SPRT_003,Sports & Outdoors,43,0,0,64.65
2025-12-08,1,PROD_SPRT_004,Sports & Outdoors,37,0,0,64.65
2025-12-09,1,PROD_ELEC_001,Electronics,37,0,0,64.48
2025-12-09,1,PROD_ELEC_002,Electronics,38,0,0,64.48
2025-12-09,1,PROD_ELEC_003,Electronics,41,0,0,64.48
2025-12-09,1,PROD_ELEC_004,Electronics,38,0,0,64.48
2025-12-09,1,PROD_ELEC_005,Electronics,57,1,0,64.48
2025-12-09,1,PROD_APP_001,Apparel,52,1,0,64.48
2025-12-09,1,PROD_APP_002,Apparel,45,0,0,64.48
2025-12-09,1,PROD_APP_003,Apparel,60,1,0,64.48
2025-12-09,1,PROD_APP_004,Apparel,43,0,0,64.48
2025-12-09,1,PROD_HOME_001,Home & Kitchen,63,1,0,64.48
2025-12-09,1,PROD_HOME_002,Home & Kitchen,37,0,0,64.48
2025-12-09,1,PROD_HOME_003,Home & Kitchen,39,0,0,64.48
2025-12-09,1,PROD_HOME_004,Home & Kitchen,32,0,0,64.48
2025-12-09,1,PROD_BEAU_001,Health & Beauty,53,0,0,64.48
2025-12-09,1,PROD_BEAU_002,Health & Beauty,39,0,0,64.48
2025-12-09,1,PROD_BEAU_003,Health & Beauty,44,0,0,64.48
2025-12-09,1,PROD_SPRT_001,Sports & Outdoors,35,0,0,64.48
2025-12-09,1,PROD_SPRT_002,Sports & Outdoors,44,0,0,64.48
2025-12-09,1,PROD_SPRT_003,Sports & Outdoors,47,0,0,64.48
2025-12-09,1,PROD_SPRT_004,Sports & Outdoors,40,0,0,64.48
2025-12-10,1,PROD_ELEC_001,Electronics,39,0,0,63.54
2025-12-10,1,PROD_ELEC_002,Electronics,49,1,0,63.54
2025-12-10,1,PROD_ELEC_003,Electronics,40,0,0,63.54
2025-12-10,1,PROD_ELEC_004,Electronics,43,0,0,63.54
2025-12-10,1,PROD_ELEC_005,Electronics,40,0,0,63.54
2025-12-10,1,PROD_APP_001,Apparel,39,0,0,63.54
2025-12-10,1,PROD_APP_002,Apparel,42,0,0,63.54
2025-12-10,1,PROD_APP_003,Apparel,42,0,0,63.54
2025-12-10,1,PROD_APP_004,Apparel,33,0,0,63.54
2025-12-10,1,PROD_HOME_001,Home & Kitchen,40,0,0,63.54
2025-12-10,1,PROD_HOME_002,Home & Kitchen,50,0,0,63.54
2025-12-10,1,PROD_HOME_003,Home & Kitchen,35,0,0,63.54
2025-12-10,1,PROD_HOME_004,Home & Kitchen,40,0,0,63.54
2025-12-10,1,PROD_BEAU_001,Health & Beauty,48,0,0,63.54
2025-12-10,1,PROD_BEAU_002,Health & Beauty,44,0,0,63.54
2025-12-10,1,PROD_BEAU_003,Health & Beauty,38,0,0,63.54
2025-12-10,1,PROD_SPRT_001,Sports & Outdoors,41,0,0,63.54
2025-12-10,1,PROD_SPRT_002,Sports & Outdoors,40,0,0,63.54
2025-12-10,1,PROD_SPRT_003,Sports & Outdoors,55,1,0,63.54
2025-12-10,1,PROD_SPRT_004,Sports & Outdoors,40,0,0,63.54
2025-12-11,1,PROD_ELEC_001,Electronics,40,0,0,64.54
2025-12-11,1,PROD_ELEC_002,Electronics,37,0,0,64.54
2025-12-11,1,PROD_ELEC_003,Electronics,35,0,0,64.54
2025-12-11,1,PROD_ELEC_004,Electronics,40,0,0,64.54
2025-12-11,1,PROD_ELEC_005,Electronics,47,0,0,64.54
2025-12-11,1,PROD_APP_001,Apparel,40,0,0,64.54
2025-12-11,1,PROD_APP_002,Apparel,39,0,0,64.54
2025-12-11,1,PROD_APP_003,Apparel,43,0,0,64.54
2025-12-11,1,PROD_APP_004,Apparel,39,0,0,64.54
2025-12-11,1,PROD_HOME_001,Home & Kitchen,47,0,0,64.54
2025-12-11,1,PROD_HOME_002,Home & Kitchen,40,0,0,64.54
2025-12-11,1,PROD_HOME_003,Home & Kitchen,61,1,0,64.54
2025-12-11,1,PROD_HOME_004,Home & Kitchen,37,0,0,64.54
2025-12-11,1,PROD_BEAU_001,Health & Beauty,42,0,0,64.54
2025-12-11,1,PROD_BEAU_002,Health & Beauty,41,0,0,64.54
2025-12-11,1,PROD_BEAU_003,Health & Beauty,40,0,0,64.54
2025-12-11,1,PROD_SPRT_001,Sports & Outdoors,38,0,0,64.54
2025-12-11,1,PROD_SPRT_002,Sports & Outdoors,37,0,0,64.54
2025-12-11,1,PROD_SPRT_003,Sports & Outdoors,41,0,0,64.54
2025-12-11,1,PROD_SPRT_004,Sports & Outdoors,43,0,0,64.54
2025-12-12,1,PROD_ELEC_001,Electronics,41,0,0,64.84
2025-12-12,1,PROD_ELEC_002,Electronics,40,0,0,64.84
2025-12-12,1,PROD_ELEC_003,Electronics,40,0,0,64.84
2025-12-12,1,PROD_ELEC_004,Electronics,39,0,0,64.84
2025-12-12,1,PROD_ELEC_005,Electronics,40,0,0,64.84
2025-12-12,1,PROD_APP_001,Apparel,51,0,0,64.84
2025-12-12,1,PROD_APP_002,Apparel,41,0,0,64.84
2025-12-12,1,PROD_APP_003,Apparel,43,0,0,64.84
2025-12-12,1,PROD_APP_004,Apparel,42,0,0,64.84
2025-12-12,1,PROD_HOME_001,Home & Kitchen,39,0,0,64.84
2025-12-12,1,PROD_HOME_002,Home & Kitchen,45,0,0,64.84
2025-12-12,1,PROD_HOME_003,Home & Kitchen,57,1,0,64.84
2025-12-12,1,PROD_HOME_004,Home & Kitchen,44,0,0,64.84
2025-12-12,1,PROD_BEAU_001,Health & Beauty,39,0,0,64.84
2025-12-12,1,PROD_BEAU_002,Health & Beauty,36,0,0,64.84
2025-12-12,1,PROD_BEAU_003,Health & Beauty,60,1,0,64.84
2025-12-12,1,PROD_SPRT_001,Sports & Outdoors,36,0,0,64.84
2025-12-12,1,PROD_SPRT_002,Sports & Outdoors,42,0,0,64.84
2025-12-12,1,PROD_SPRT_003,Sports & Outdoors,35,0,0,64.84
2025-12-12,1,PROD_SPRT_004,Sports & Outdoors,39,0,0,64.84
2025-12-13,1,PROD_ELEC_001,Electronics,61,0,0,63.41
2025-12-13,1,PROD_ELEC_002,Electronics,44,0,0,63.41
2025-12-13,1,PROD_ELEC_003,Electronics,73,1,0,63.41
2025-12-13,1,PROD_ELEC_004,Electronics,77,1,0,63.41
2025-12-13,1,PROD_ELEC_005,Electronics,54,0,0,63.41
2025-12-13,1,PROD_APP_001,Apparel,54,0,0,63.41
2025-12-13,1,PROD_APP_002,Apparel,49,0,0,63.41
2025-12-13,1,PROD_APP_003,Apparel,56,0,0,63.41
2025-12-13,1,PROD_APP_004,Apparel,77,1,0,63.41
2025-12-13,1,PROD_HOME_001,Home & Kitchen,51,0,0,63.41
2025-12-13,1,PROD_HOME_002,Home & Kitchen,51,0,0,63.41
2025-12-13,1,PROD_HOME_003,Home & Kitchen,49,0,0,63.41
2025-12-13,1,PROD_HOME_004,Home & Kitchen,46,0,0,63.41
2025-12-13,1,PROD_BEAU_001,Health & Beauty,55,0,0,63.41
2025-12-13,1,PROD_BEAU_002,Health & Beauty,55,0,0,63.41
2025-12-13,1,PROD_BEAU_003,Health & Beauty,47,0,0,63.41
2025-12-13,1,PROD_SPRT_001,Sports & Outdoors,50,0,0,63.41
2025-12-13,1,PROD_SPRT_002,Sports & Outdoors,72,1,0,63.41
2025-12-13,1,PROD_SPRT_003,Sports & Outdoors,50,0,0,63.41
2025-12-13,1,PROD_SPRT_004,Sports & Outdoors,50,0,0,63.41
2025-12-14,1,PROD_ELEC_001,Electronics,47,0,0,66.41
2025-12-14,1,PROD_ELEC_002,Electronics,47,0,0,66.41
2025-12-14,1,PROD_ELEC_003,Electronics,55,0,0,66.41
2025-12-14,1,PROD_ELEC_004,Electronics,48,0,0,66.41
2025-12-14,1,PROD_ELEC_005,Electronics,45,0,0,66.41
2025-12-14,1,PROD_APP_001,Apparel,48,0,0,66.41
2025-12-14,1,PROD_APP_002,Apparel,72,1,0,66.41
2025-12-14,1,PROD_APP_003,Apparel,56,0,0,66.41
2025-12-14,1,PROD_APP_004,Apparel,54,0,0,66.41
2025-12-14,1,PROD_HOME_001,Home & Kitchen,55,0,0,66.41
2025-12-14,1,PROD_HOME_002,Home & Kitchen,53,0,0,66.41
2025-12-14,1,PROD_HOME_003,Home & Kitchen,54,0,0,66.41
2025-12-14,1,PROD_HOME_004,Home & Kitchen,47,0,0,66.41
2025-12-14,1,PROD_BEAU_001,Health & Beauty,49,0,0,66.41
2025-12-14,1,PROD_BEAU_002,Health & Beauty,69,1,0,66.41
2025-12-14,1,PROD_BEAU_003,Health & Beauty,72,1,0,66.41
2025-12-14,1,PROD_SPRT_001,Sports & Outdoors,53,0,0,66.41
2025-12-14,1,PROD_SPRT_002,Sports & Outdoors,73,1,0,66.41
2025-12-14,1,PROD_SPRT_003,Sports & Outdoors,55,0,0,66.41
2025-12-14,1,PROD_SPRT_004,Sports & Outdoors,46,0,0,66.41
2025-12-15,1,PROD_ELEC_001,Electronics,53,1,0,66.02
2025-12-15,1,PROD_ELEC_002,Electronics,40,0,0,66.02
2025-12-15,1,PROD_ELEC_003,Electronics,61,1,0,66.02
2025-12-15,1,PROD_ELEC_004,Electronics,39,0,0,66.02
2025-12-15,1,PROD_ELEC_005,Electronics,42,0,0,66.02
2025-12-15,1,PROD_APP_001,Apparel,36,0,0,66.02
2025-12-15,1,PROD_APP_002,Apparel,33,0,0,66.02
2025-12-15,1,PROD_APP_003,Apparel,42,0,0,66.02
2025-12-15,1,PROD_APP_004,Apparel,47,0,0,66.02
2025-12-15,1,PROD_HOME_001,Home & Kitchen,36,0,0,66.02
2025-12-15,1,PROD_HOME_002,Home & Kitchen,45,0,0,66.02
2025-12-15,1,PROD_HOME_003,Home & Kitchen,40,0,0,66.02
2025-12-15,1,PROD_HOME_004,Home & Kitchen,35,0,0,66.02
2025-12-15,1,PROD_BEAU_001,Health & Beauty,35,0,0,66.02
2025-12-15,1,PROD_BEAU_002,Health & Beauty,40,0,0,66.02
2025-12-15,1,PROD_BEAU_003,Health & Beauty,38,0,0,66.02
2025-12-15,1,PROD_SPRT_001,Sports & Outdoors,35,0,0,66.02
2025-12-15,1,PROD_SPRT_002,Sports & Outdoors,51,1,0,66.02
2025-12-15,1,PROD_SPRT_003,Sports & Outdoors,37,0,0,66.02
2025-12-15,1,PROD_SPRT_004,Sports & Outdoors,41,0,0,66.02
2025-12-16,1,PROD_ELEC_001,Electronics,56,1,0,65.56
2025-12-16,1,PROD_ELEC_002,Electronics,41,0,0,65.56
2025-12-16,1,PROD_ELEC_003,Electronics,44,0,0,65.56
2025-12-16,1,PROD_ELEC_004,Electronics,42,0,0,65.56
2025-12-16,1,PROD_ELEC_005,Electronics,40,0,0,65.56
2025-12-16,1,PROD_APP_001,Apparel,62,1,0,65.56
2025-12-16,1,PROD_APP_002,Apparel,36,0,0,65.56
2025-12-16,1,PROD_APP_003,Apparel,39,0,0,65.56
2025-12-16,1,PROD_APP_004,Apparel,39,0,0,65.56
2025-12-16,1,PROD_HOME_001,Home & Kitchen,35,0,0,65.56
2025-12-16,1,PROD_HOME_002,Home & Kitchen,38,0,0,65.56
2025-12-16,1,PROD_HOME_003,Home & Kitchen,32,0,0,65.56
2025-12-16,1,PROD_HOME_004,Home & Kitchen,48,0,0,65.56
2025-12-16,1,PROD_BEAU_001,Health & Beauty,36,0,0,65.56
2025-12-16,1,PROD_BEAU_002,Health & Beauty,46,0,0,65.56
2025-12-16,1,PROD_BEAU_003,Health & Beauty,40,0,0,65.56
2025-12-16,1,PROD_SPRT_001,Sports & Outdoors,42,0,0,65.56
2025-12-16,1,PROD_SPRT_002,Sports & Outdoors,38,0,0,65.56
2025-12-16,1,PROD_SPRT_003,Sports & Outdoors,41,0,0,65.56
2025-12-16,1,PROD_SPRT_004,Sports & Outdoors,43,0,0,65.56
2025-12-17,1,PROD_ELEC_001,Electronics,61,1,0,66.53
2025-12-17,1,PROD_ELEC_002,Electronics,39,0,0,66.53
2025-12-17,1,PROD_ELEC_003,Electronics,56,1,0,66.53
2025-12-17,1,PROD_ELEC_004,Electronics,34,0,0,66.53
2025-12-17,1,PROD_ELEC_005,Electronics,42,0,0,66.53
2025-12-17,1,PROD_APP_001,Apparel,44,0,0,66.53
2025-12-17,1,PROD_APP_002,Apparel,46,0,0,66.53
2025-12-17,1,PROD_APP_003,Apparel,41,0,0,66.53
2025-12-17,1,PROD_APP_004,Apparel,37,0,0,66.53
2025-12-17,1,PROD_HOME_001,Home & Kitchen,51,1,0,66.53
2025-12-17,1,PROD_HOME_002,Home & Kitchen,44,0,0,66.53
2025-12-17,1,PROD_HOME_003,Home & Kitchen,33,0,0,66.53
2025-12-17,1,PROD_HOME_004,Home & Kitchen,39,0,0,66.53
2025-12-17,1,PROD_BEAU_001,Health & Beauty,39,0,0,66.53
2025-12-17,1,PROD_BEAU_002,Health & Beauty,40,0,0,66.53
2025-12-17,1,PROD_BEAU_003,Health & Beauty,40,0,0,66.53
2025-12-17,1,PROD_SPRT_001,Sports & Outdoors,41,0,0,66.53
2025-12-17,1,PROD_SPRT_002,Sports & Outdoors,30,0,0,66.53
2025-12-17,1,PROD_SPRT_003,Sports & Outdoors,40,0,0,66.53
2025-12-17,1,PROD_SPRT_004,Sports & Outdoors,49,1,0,66.53
2025-12-18,1,PROD_ELEC_001,Electronics,38,0,0,66.78
2025-12-18,1,PROD_ELEC_002,Electronics,31,0,0,66.78
2025-12-18,1,PROD_ELEC_003,Electronics,37,0,0,66.78
2025-12-18,1,PROD_ELEC_004,Electronics,38,0,0,66.78
2025-12-18,1,PROD_ELEC_005,Electronics,63,1,0,66.78
2025-12-18,1,PROD_APP_001,Apparel,41,0,0,66.78
2025-12-18,1,PROD_APP_002,Apparel,41,0,0,66.78
2025-12-18,1,PROD_APP_003,Apparel,45,0,0,66.78
2025-12-18,1,PROD_APP_004,Apparel,40,0,0,66.78
2025-12-18,1,PROD_HOME_001,Home & Kitchen,43,0,0,66.78
2025-12-18,1,PROD_HOME_002,Home & Kitchen,61,1,0,66.78
2025-12-18,1,PROD_HOME_003,Home & Kitchen,35,0,0,66.78
2025-12-18,1,PROD_HOME_004,Home & Kitchen,64,1,0,66.78
2025-12-18,1,PROD_BEAU_001,Health & Beauty,34,0,0,66.78
2025-12-18,1,PROD_BEAU_002,Health & Beauty,44,0,0,66.78
2025-12-18,1,PROD_BEAU_003,Health & Beauty,34,0,0,66.78
2025-12-18,1,PROD_SPRT_001,Sports & Outdoors,42,0,0,66.78
2025-12-18,1,PROD_SPRT_002,Sports & Outdoors,47,0,0,66.78
2025-12-18,1,PROD_SPRT_003,Sports & Outdoors,57,1,0,66.78
2025-12-18,1,PROD_SPRT_004,Sports & Outdoors,39,0,0,66.78
2025-12-19,1,PROD_ELEC_001,Electronics,39,0,0,66.81
2025-12-19,1,PROD_ELEC_002,Electronics,65,1,0,66.81
2025-12-19,1,PROD_ELEC_003,Electronics,41,0,0,66.81
2025-12-19,1,PROD_ELEC_004,Electronics,39,0,0,66.81
2025-12-19,1,PROD_ELEC_005,Electronics,38,0,0,66.81
2025-12-19,1,PROD_APP_001,Apparel,36,0,0,66.81
2025-12-19,1,PROD_APP_002,Apparel,37,0,0,66.81
2025-12-19,1,PROD_APP_003,Apparel,39,0,0,66.81
2025-12-19,1,PROD_APP_004,Apparel,38,0,0,66.81
2025-12-19,1,PROD_HOME_001,Home & Kitchen,56,1,0,66.81
2025-12-19,1,PROD_HOME_002,Home & Kitchen,67,1,0,66.81
2025-12-19,1,PROD_HOME_003,Home & Kitchen,36,0,0,66.81
2025-12-19,1,PROD_HOME_004,Home & Kitchen,41,0,0,66.81
2025-12-19,1,PROD_BEAU_001,Health & Beauty,61,1,0,66.81
2025-12-19,1,PROD_BEAU_002,Health & Beauty,43,0,0,66.81
2025-12-19,1,PROD_BEAU_003,Health & Beauty,40,0,0,66.81
2025-12-19,1,PROD_SPRT_001,Sports & Outdoors,39,0,0,66.81
2025-12-19,1,PROD_SPRT_002,Sports & Outdoors,42,0,0,66.81
2025-12-19,1,PROD_SPRT_003,Sports & Outdoors,41,0,0,66.81
2025-12-19,1,PROD_SPRT_004,Sports & Outdoors,39,0,0,66.81
2025-12-20,1,PROD_ELEC_001,Electronics,48,0,0,64.39
2025-12-20,1,PROD_ELEC_002,Electronics,46,0,0,64.39
2025-12-20,1,PROD_ELEC_003,Electronics,47,0,0,64.39
2025-12-20,1,PROD_ELEC_004,Electronics,50,0,0,64.39
2025-12-20,1,PROD_ELEC_005,Electronics,52,0,0,64.39
2025-12-20,1,PROD_APP_001,Apparel,57,0,0,64.39
2025-12-20,1,PROD_APP_002,Apparel,48,0,0,64.39
2025-12-20,1,PROD_APP_003,Apparel,53,0,0,64.39
2025-12-20,1,PROD_APP_004,Apparel,51,0,0,64.39
2025-12-20,1,PROD_HOME_001,Home & Kitchen,78,1,0,64.39
2025-12-20,1,PROD_HOME_002,Home & Kitchen,75,1,0,64.39
2025-12-20,1,PROD_HOME_003,Home & Kitchen,69,1,0,64.39
2025-12-20,1,PROD_HOME_004,Home & Kitchen,43,0,0,64.39
2025-12-20,1,PROD_BEAU_001,Health & Beauty,51,0,0,64.39
2025-12-20,1,PROD_BEAU_002,Health & Beauty,48,0,0,64.39
2025-12-20,1,PROD_BEAU_003,Health & Beauty,69,1,0,64.39
2025-12-20,1,PROD_SPRT_001,Sports & Outdoors,45,0,0,64.39
2025-12-20,1,PROD_SPRT_002,Sports & Outdoors,51,0,0,64.39
2025-12-20,1,PROD_SPRT_003,Sports & Outdoors,56,0,0,64.39
2025-12-20,1,PROD_SPRT_004,Sports & Outdoors,48,0,0,64.39
2025-12-21,1,PROD_ELEC_001,Electronics,72,1,0,67.16
2025-12-21,1,PROD_ELEC_002,Electronics,68,1,0,67.16
2025-12-21,1,PROD_ELEC_003,Electronics,53,0,0,67.16
2025-12-21,1,PROD_ELEC_004,Electronics,46,0,0,67.16
2025-12-21,1,PROD_ELEC_005,Electronics,50,0,0,67.16
2025-12-21,1,PROD_APP_001,Apparel,49,0,0,67.16
2025-12-21,1,PROD_APP_002,Apparel,54,0,0,67.16
2025-12-21,1,PROD_APP_003,Apparel,46,0,0,67.16
2025-12-21,1,PROD_APP_004,Apparel,52,0,0,67.16
2025-12-21,1,PROD_HOME_001,Home & Kitchen,47,0,0,67.16
2025-12-21,1,PROD_HOME_002,Home & Kitchen,48,0,0,67.16
2025-12-21,1,PROD_HOME_003,Home & Kitchen,36,0,0,67.16
2025-12-21,1,PROD_HOME_004,Home & Kitchen,58,0,0,67.16
2025-12-21,1,PROD_BEAU_001,Health & Beauty,52,0,0,67.16
2025-12-21,1,PROD_BEAU_002,Health & Beauty,47,0,0,67.16
2025-12-21,1,PROD_BEAU_003,Health & Beauty,68,1,0,67.16
2025-12-21,1,PROD_SPRT_001,Sports & Outdoors,48,0,0,67.16
2025-12-21,1,PROD_SPRT_002,Sports & Outdoors,53,0,0,67.16
2025-12-21,1,PROD_SPRT_003,Sports & Outdoors,43,0,0,67.16
2025-12-21,1,PROD_SPRT_004,Sports & Outdoors,50,0,0,67.16
2025-12-22,1,PROD_ELEC_001,Electronics,35,0,0,68.77
2025-12-22,1,PROD_ELEC_002,Electronics,59,1,0,68.77
2025-12-22,1,PROD_ELEC_003,Electronics,49,0,0,68.77
2025-12-22,1,PROD_ELEC_004,Electronics,43,0,0,68.77
2025-12-22,1,PROD_ELEC_005,Electronics,41,0,0,68.77
2025-12-22,1,PROD_APP_001,Apparel,42,0,0,68.77
2025-12-22,1,PROD_APP_002,Apparel,38,0,0,68.77
2025-12-22,1,PROD_APP_003,Apparel,45,0,0,68.77
2025-12-22,1,PROD_APP_004,Apparel,57,1,0,68.77
2025-12-22,1,PROD_HOME_001,Home & Kitchen,32,0,0,68.77
2025-12-22,1,PROD_HOME_002,Home & Kitchen,38,0,0,68.77
2025-12-22,1,PROD_HOME_003,Home & Kitchen,36,0,0,68.77
2025-12-22,1,PROD_HOME_004,Home & Kitchen,39,0,0,68.77
2025-12-22,1,PROD_BEAU_001,Health & Beauty,39,0,0,68.77
2025-12-22,1,PROD_BEAU_002,Health & Beauty,45,0,0,68.77
2025-12-22,1,PROD_BEAU_003,Health & Beauty,43,0,0,68.77
2025-12-22,1,PROD_SPRT_001,Sports & Outdoors,41,0,0,68.77
2025-12-22,1,PROD_SPRT_002,Sports & Outdoors,40,0,0,68.77
2025-12-22,1,PROD_SPRT_003,Sports & Outdoors,36,0,0,68.77
2025-12-22,1,PROD_SPRT_004,Sports & Outdoors,31,0,0,68.77
2025-12-23,1,PROD_ELEC_001,Electronics,43,0,0,66.98
2025-12-23,1,PROD_ELEC_002,Electronics,40,0,0,66.98
2025-12-23,1,PROD_ELEC_003,Electronics,38,0,0,66.98
2025-12-23,1,PROD_ELEC_004,Electronics,60,1,0,66.98
2025-12-23,1,PROD_ELEC_005,Electronics,40,0,0,66.98
2025-12-23,1,PROD_APP_001,Apparel,65,1,0,66.98
2025-12-23,1,PROD_APP_002,Apparel,45,0,0,66.98
2025-12-23,1,PROD_APP_003,Apparel,44,0,0,66.98
2025-12-23,1,PROD_APP_004,Apparel,43,0,0,66.98
2025-12-23,1,PROD_HOME_001,Home & Kitchen,35,0,0,66.98
2025-12-23,1,PROD_HOME_002,Home & Kitchen,43,0,0,66.98
2025-12-23,1,PROD_HOME_003,Home & Kitchen,42,0,0,66.98
2025-12-23,1,PROD_HOME_004,Home & Kitchen,42,0,0,66.98
2025-12-23,1,PROD_BEAU_001,Health & Beauty,42,0,0,66.98
2025-12-23,1,PROD_BEAU_002,Health & Beauty,42,0,0,66.98
2025-12-23,1,PROD_BEAU_003,Health & Beauty,51,0,0,66.98
2025-12-23,1,PROD_SPRT_001,Sports & Outdoors,40,0,0,66.98
2025-12-23,1,PROD_SPRT_002,Sports & Outdoors,44,0,0,66.98
2025-12-23,1,PROD_SPRT_003,Sports & Outdoors,38,0,0,66.98
2025-12-23,1,PROD_SPRT_004,Sports & Outdoors,43,0,0,66.98
2025-12-24,1,PROD_ELEC_001,Electronics,66,0,1,68.18
2025-12-24,1,PROD_ELEC_002,Electronics,71,0,1,68.18
2025-12-24,1,PROD_ELEC_003,Electronics,61,0,1,68.18
2025-12-24,1,PROD_ELEC_004,Electronics,62,0,1,68.18
2025-12-24,1,PROD_ELEC_005,Electronics,94,1,1,68.18
2025-12-24,1,PROD_APP_001,Apparel,68,0,1,68.18
2025-12-24,1,PROD_APP_002,Apparel,65,0,1,68.18
2025-12-24,1,PROD_APP_003,Apparel,69,0,1,68.18
2025-12-24,1,PROD_APP_004,Apparel,62,0,1,68.18
2025-12-24,1,PROD_HOME_001,Home & Kitchen,60,0,1,68.18
2025-12-24,1,PROD_HOME_002,Home & Kitchen,66,0,1,68.18
2025-12-24,1,PROD_HOME_003,Home & Kitchen,93,1,1,68.18
2025-12-24,1,PROD_HOME_004,Home & Kitchen,96,1,1,68.18
2025-12-24,1,PROD_BEAU_001,Health & Beauty,64,0,1,68.18
2025-12-24,1,PROD_BEAU_002,Health & Beauty,63,0,1,68.18
2025-12-24,1,PROD_BEAU_003,Health & Beauty,93,1,1,68.18
2025-12-24,1,PROD_SPRT_001,Sports & Outdoors,64,0,1,68.18
2025-12-24,1,PROD_SPRT_002,Sports & Outdoors,63,0,1,68.18
2025-12-24,1,PROD_SPRT_003,Sports & Outdoors,63,0,1,68.18
2025-12-24,1,PROD_SPRT_004,Sports & Outdoors,92,1,1,68.18
2025-12-25,1,PROD_ELEC_001,Electronics,65,0,1,68.3
2025-12-25,1,PROD_ELEC_002,Electronics,73,0,1,68.3
2025-12-25,1,PROD_ELEC_003,Electronics,65,0,1,68.3
2025-12-25,1,PROD_ELEC_004,Electronics,62,0,1,68.3
2025-12-25,1,PROD_ELEC_005,Electronics,104,1,1,68.3
2025-12-25,1,PROD_APP_001,Apparel,66,0,1,68.3
2025-12-25,1,PROD_APP_002,Apparel,68,0,1,68.3
2025-12-25,1,PROD_APP_003,Apparel,67,0,1,68.3
2025-12-25,1,PROD_APP_004,Apparel,67,0,1,68.3
2025-12-25,1,PROD_HOME_001,Home & Kitchen,96,1,1,68.3
2025-12-25,1,PROD_HOME_002,Home & Kitchen,60,0,1,68.3
2025-12-25,1,PROD_HOME_003,Home & Kitchen,95,1,1,68.3
2025-12-25,1,PROD_HOME_004,Home & Kitchen,88,1,1,68.3
2025-12-25,1,PROD_BEAU_001,Health & Beauty,64,0,1,68.3
2025-12-25,1,PROD_BEAU_002,Health & Beauty,61,0,1,68.3
2025-12-25,1,PROD_BEAU_003,Health & Beauty,66,0,1,68.3
2025-12-25,1,PROD_SPRT_001,Sports & Outdoors,66,0,1,68.3
2025-12-25,1,PROD_SPRT_002,Sports & Outdoors,66,0,1,68.3
2025-12-25,1,PROD_SPRT_003,Sports & Outdoors,65,0,1,68.3
2025-12-25,1,PROD_SPRT_004,Sports & Outdoors,91,1,1,68.3
2025-12-26,1,PROD_ELEC_001,Electronics,44,0,0,67.17
2025-12-26,1,PROD_ELEC_002,Electronics,44,0,0,67.17
2025-12-26,1,PROD_ELEC_003,Electronics,35,0,0,67.17
2025-12-26,1,PROD_ELEC_004,Electronics,34,0,0,67.17
2025-12-26,1,PROD_ELEC_005,Electronics,37,0,0,67.17
2025-12-26,1,PROD_APP_001,Apparel,44,0,0,67.17
2025-12-26,1,PROD_APP_002,Apparel,45,0,0,67.17
2025-12-26,1,PROD_APP_003,Apparel,36,0,0,67.17
2025-12-26,1,PROD_APP_004,Apparel,41,0,0,67.17
2025-12-26,1,PROD_HOME_001,Home & Kitchen,47,0,0,67.17
2025-12-26,1,PROD_HOME_002,Home & Kitchen,42,0,0,67.17
2025-12-26,1,PROD_HOME_003,Home & Kitchen,46,0,0,67.17
2025-12-26,1,PROD_HOME_004,Home & Kitchen,44,0,0,67.17
2025-12-26,1,PROD_BEAU_001,Health & Beauty,36,0,0,67.17
2025-12-26,1,PROD_BEAU_002,Health & Beauty,39,0,0,67.17
2025-12-26,1,PROD_BEAU_003,Health & Beauty,58,1,0,67.17
2025-12-26,1,PROD_SPRT_001,Sports & Outdoors,59,1,0,67.17
2025-12-26,1,PROD_SPRT_002,Sports & Outdoors,44,0,0,67.17
2025-12-26,1,PROD_SPRT_003,Sports & Outdoors,42,0,0,67.17
2025-12-26,1,PROD_SPRT_004,Sports & Outdoors,28,0,0,67.17
2025-12-27,1,PROD_ELEC_001,Electronics,64,1,0,66.13
2025-12-27,1,PROD_ELEC_002,Electronics,51,0,0,66.13
2025-12-27,1,PROD_ELEC_003,Electronics,51,0,0,66.13
2025-12-27,1,PROD_ELEC_004,Electronics,51,0,0,66.13
2025-12-27,1,PROD_ELEC_005,Electronics,46,0,0,66.13
2025-12-27,1,PROD_APP_001,Apparel,53,0,0,66.13
2025-12-27,1,PROD_APP_002,Apparel,53,0,0,66.13
2025-12-27,1,PROD_APP_003,Apparel,45,0,0,66.13
2025-12-27,1,PROD_APP_004,Apparel,44,0,0,66.13
2025-12-27,1,PROD_HOME_001,Home & Kitchen,50,0,0,66.13
2025-12-27,1,PROD_HOME_002,Home & Kitchen,57,0,0,66.13
2025-12-27,1,PROD_HOME_003,Home & Kitchen,80,1,0,66.13
2025-12-27,1,PROD_HOME_004,Home & Kitchen,75,1,0,66.13
2025-12-27,1,PROD_BEAU_001,Health & Beauty,47,0,0,66.13
2025-12-27,1,PROD_BEAU_002,Health & Beauty,54,0,0,66.13
2025-12-27,1,PROD_BEAU_003,Health & Beauty,48,0,0,66.13
2025-12-27,1,PROD_SPRT_001,Sports & Outdoors,47,0,0,66.13
2025-12-27,1,PROD_SPRT_002,Sports & Outdoors,64,1,0,66.13
2025-12-27,1,PROD_SPRT_003,Sports & Outdoors,51,0,0,66.13
2025-12-27,1,PROD_SPRT_004,Sports & Outdoors,48,0,0,66.13
2025-12-28,1,PROD_ELEC_001,Electronics,41,0,0,68.05
2025-12-28,1,PROD_ELEC_002,Electronics,51,0,0,68.05
2025-12-28,1,PROD_ELEC_003,Electronics,40,0,0,68.05
2025-12-28,1,PROD_ELEC_004,Electronics,54,0,0,68.05
2025-12-28,1,PROD_ELEC_005,Electronics,52,0,0,68.05
2025-12-28,1,PROD_APP_001,Apparel,49,0,0,68.05
2025-12-28,1,PROD_APP_002,Apparel,75,1,0,68.05
2025-12-28,1,PROD_APP_003,Apparel,46,0,0,68.05
2025-12-28,1,PROD_APP_004,Apparel,50,0,0,68.05
2025-12-28,1,PROD_HOME_001,Home & Kitchen,53,0,0,68.05
2025-12-28,1,PROD_HOME_002,Home & Kitchen,38,0,0,68.05
2025-12-28,1,PROD_HOME_003,Home & Kitchen,48,0,0,68.05
2025-12-28,1,PROD_HOME_004,Home & Kitchen,73,1,0,68.05
2025-12-28,1,PROD_BEAU_001,Health & Beauty,49,0,0,68.05
2025-12-28,1,PROD_BEAU_002,Health & Beauty,56,0,0,68.05
2025-12-28,1,PROD_BEAU_003,Health & Beauty,68,1,0,68.05
2025-12-28,1,PROD_SPRT_001,Sports & Outdoors,70,1,0,68.05
2025-12-28,1,PROD_SPRT_002,Sports & Outdoors,42,0,0,68.05
2025-12-28,1,PROD_SPRT_003,Sports & Outdoors,79,1,0,68.05
2025-12-28,1,PROD_SPRT_004,Sports & Outdoors,49,0,0,68.05
2025-12-29,1,PROD_ELEC_001,Electronics,40,0,0,67.64
2025-12-29,1,PROD_ELEC_002,Electronics,61,1,0,67.64
2025-12-29,1,PROD_ELEC_003,Electronics,41,0,0,67.64
2025-12-29,1,PROD_ELEC_004,Electronics,51,0,0,67.64
2025-12-29,1,PROD_ELEC_005,Electronics,42,0,0,67.64
2025-12-29,1,PROD_APP_001,Apparel,38,0,0,67.64
2025-12-29,1,PROD_APP_002,Apparel,38,0,0,67.64
2025-12-29,1,PROD_APP_003,Apparel,38,0,0,67.64
2025-12-29,1,PROD_APP_004,Apparel,52,1,0,67.64
2025-12-29,1,PROD_HOME_001,Home & Kitchen,40,0,0,67.64
2025-12-29,1,PROD_HOME_002,Home & Kitchen,43,0,0,67.64
2025-12-29,1,PROD_HOME_003,Home & Kitchen,38,0,0,67.64
2025-12-29,1,PROD_HOME_004,Home & Kitchen,37,0,0,67.64
2025-12-29,1,PROD_BEAU_001,Health & Beauty,46,0,0,67.64
2025-12-29,1,PROD_BEAU_002,Health & Beauty,34,0,0,67.64
2025-12-29,1,PROD_BEAU_003,Health & Beauty,32,0,0,67.64
2025-12-29,1,PROD_SPRT_001,Sports & Outdoors,35,0,0,67.64
2025-12-29,1,PROD_SPRT_002,Sports & Outdoors,34,0,0,67.64
2025-12-29,1,PROD_SPRT_003,Sports & Outdoors,42,0,0,67.64
2025-12-29,1,PROD_SPRT_004,Sports & Outdoors,39,0,0,67.64
2025-12-30,1,PROD_ELEC_001,Electronics,45,0,0,68.14
2025-12-30,1,PROD_ELEC_002,Electronics,37,0,0,68.14
2025-12-30,1,PROD_ELEC_003,Electronics,61,1,0,68.14
2025-12-30,1,PROD_ELEC_004,Electronics,46,0,0,68.14
2025-12-30,1,PROD_ELEC_005,Electronics,38,0,0,68.14
2025-12-30,1,PROD_APP_001,Apparel,43,0,0,68.14
2025-12-30,1,PROD_APP_002,Apparel,39,0,0,68.14
2025-12-30,1,PROD_APP_003,Apparel,44,0,0,68.14
2025-12-30,1,PROD_APP_004,Apparel,34,0,0,68.14
2025-12-30,1,PROD_HOME_001,Home & Kitchen,33,0,0,68.14
2025-12-30,1,PROD_HOME_002,Home & Kitchen,38,0,0,68.14
2025-12-30,1,PROD_HOME_003,Home & Kitchen,36,0,0,68.14
2025-12-30,1,PROD_HOME_004,Home & Kitchen,56,1,0,68.14
2025-12-30,1,PROD_BEAU_001,Health & Beauty,39,0,0,68.14
2025-12-30,1,PROD_BEAU_002,Health & Beauty,61,1,0,68.14
2025-12-30,1,PROD_BEAU_003,Health & Beauty,38,0,0,68.14
2025-12-30,1,PROD_SPRT_001,Sports & Outdoors,37,0,0,68.14
2025-12-30,1,PROD_SPRT_002,Sports & Outdoors,39,0,0,68.14
2025-12-30,1,PROD_SPRT_003,Sports & Outdoors,37,0,0,68.14
2025-12-30,1,PROD_SPRT_004,Sports & Outdoors,54,1,0,68.14
2025-12-31,1,PROD_ELEC_001,Electronics,65,0,1,66.71
2025-12-31,1,PROD_ELEC_002,Electronics,62,0,1,66.71
2025-12-31,1,PROD_ELEC_003,Electronics,68,0,1,66.71
2025-12-31,1,PROD_ELEC_004,Electronics,59,0,1,66.71
2025-12-31,1,PROD_ELEC_005,Electronics,91,1,1,66.71
2025-12-31,1,PROD_APP_001,Apparel,72,0,1,66.71
2025-12-31,1,PROD_APP_002,Apparel,61,0,1,66.71
2025-12-31,1,PROD_APP_003,Apparel,63,0,1,66.71
2025-12-31,1,PROD_APP_004,Apparel,59,0,1,66.71
2025-12-31,1,PROD_HOME_001,Home & Kitchen,59,0,1,66.71
2025-12-31,1,PROD_HOME_002,Home & Kitchen,70,0,1,66.71
2025-12-31,1,PROD_HOME_003,Home & Kitchen,65,0,1,66.71
2025-12-31,1,PROD_HOME_004,Home & Kitchen,65,0,1,66.71
2025-12-31,1,PROD_BEAU_001,Health & Beauty,58,0,1,66.71
2025-12-31,1,PROD_BEAU_002,Health & Beauty,95,1,1,66.71
2025-12-31,1,PROD_BEAU_003,Health & Beauty,69,0,1,66.71
2025-12-31,1,PROD_SPRT_001,Sports & Outdoors,69,0,1,66.71
2025-12-31,1,PROD_SPRT_002,Sports & Outdoors,96,1,1,66.71
2025-12-31,1,PROD_SPRT_003,Sports & Outdoors,60,0,1,66.71
2025-12-31,1,PROD_SPRT_004,Sports & Outdoors,95,1,1,66.71
